# Object Export From Tinkercad Server 2015

mtllib obj.mtl

o obj_0
v 35 		-36 		1
v 35 		-36 		0
v 35 		21 		0
v 35 		21 		1
v -10 		-5 		1
v -10 		-5 		6
v -10 		21 		6
v -10 		21 		1
v -10 		21 		0
v -10 		-36 		0
v -10 		-36 		1
v 34.614 		-35.31 		1.5
v 34.614 		-35.31 		1
v 34.614 		-34.31 		1
v 34.614 		-34.31 		1.5
v 27.978 		-19.103 		1.966
v 31.422 		-16.549 		2
v 31.422 		16.451 		2
v 28.015 		-19.129 		1.966
v 31.422 		-16.549 		1
v 31.422 		16.451 		1
v 11.0878 		0.2226 		1.75
v 11.067 		0.25 		1.75
v 11.862 		-0.403 		1.75
v 11.825 		-0.313 		1.75
v 11.776 		-0.2493 		1.75
v 11.8734 		-0.512 		1.75
v 11.875 		-0.5 		1.75
v 11.776 		-0.0868 		1.75
v 11.8246 		-0.1236 		1.75
v 30.422 		16.451 		2
v 11.854 		-0.146 		1.75
v 30.422 		16.451 		1
v 11.9122 		-0.2226 		1.75
v 30.422 		-16.549 		1
v 30.422 		-16.549 		2
v 31 		-27 		3
v 31 		-21 		3
v 12 		-0.5 		1.75
v 11.9984 		-0.512 		1.75
v 11.983 		-0.371 		1.75
v 27.924 		-19.166 		1.94
v 11.933 		-0.25 		1.75
v 11.688 		-0.175 		1.75
v 11.597 		-0.138 		1.75
v 11.5 		-0.125 		1.75
v 11.403 		-0.138 		1.75
v 11.313 		-0.175 		1.75
v 11.264 		-0.2127 		1.75
v 11.765 		-0.235 		1.75
v 11.264 		-0.0612 		1.75
v 11.3355 		-0.0317 		1.75
v 31 		-27 		1
v 31 		-21 		1
v 11.371 		-0.017 		1.75
v 11.4687 		-0.0041 		1.75
v 11.5 		0 		1.75
v 11.5937 		-0.0124 		1.75
v 11.75 		-0.067 		1.75
v 11.629 		-0.017 		1.75
v 11.235 		-0.235 		1.75
v 11.175 		-0.313 		1.75
v 11.138 		-0.403 		1.75
v 11.125 		-0.5 		1.75
v 11.1266 		-0.512 		1.75
v 11 		-0.5 		1.75
v 11.0124 		-0.4063 		1.75
v 11.0016 		-0.512 		1.75
v 29.922 		16.451 		1
v 29.922 		16.451 		2
v 11.25 		-0.067 		1.75
v 29.922 		-16.549 		2
v 29.922 		-16.549 		1
v 11.146 		-0.146 		1.75
v 11.067 		-0.25 		1.75
v 11.017 		-0.371 		1.75
v 11.776 		-0.7509 		1.75
v 11.825 		-0.688 		1.75
v 11.862 		-0.597 		1.75
v 11.854 		-0.854 		1.75
v 12 		-1 		1.75
v 28.731 		-18.412 		1.643
v 11.933 		-0.75 		1.75
v 11.983 		-0.629 		1.75
v 11.264 		-0.7873 		1.75
v 11.313 		-0.825 		1.75
v 11.403 		-0.862 		1.75
v 11.5 		-0.875 		1.75
v 11.597 		-0.862 		1.75
v 11.688 		-0.825 		1.75
v 11.765 		-0.765 		1.75
v 27.889 		-18.949 		1.966
v 11.629 		-0.983 		1.75
v 11.5 		-1 		1.75
v 11.75 		-0.933 		1.75
v 27.901 		-18.993 		1.966
v 11.371 		-0.983 		1.75
v 11.264 		-0.9388 		1.75
v 11.5 		5 		2
v 11.688 		4.825 		2
v 11.765 		4.765 		2
v 11.629 		4.983 		2
v 28.772 		-18.378 		1.574
v 27.807 		-18.964 		1.94
v 11.75 		4.933 		2
v 11.862 		4.597 		2
v 11.875 		4.5 		2
v 11.862 		4.403 		2
v 11.825 		4.313 		2
v 12 		4.5 		2
v 11.854 		4.146 		2
v 11.933 		4.25 		2
v 11.983 		4.371 		2
v 27.823 		-19.021 		1.94
v 11.5 		4.125 		2
v 11.403 		4.138 		2
v 11.313 		4.175 		2
v 11.765 		4.235 		2
v 11.688 		4.175 		2
v 28.807 		-18.348 		1.5
v 11.597 		4.138 		2
v 11.175 		4.688 		2
v 28.701 		-18.241 		1.5
v 11.235 		4.765 		2
v 11.067 		4.75 		2
v 11.017 		4.629 		2
v 11.25 		4.933 		2
v 11.146 		4.854 		2
v 28.838 		-18.322 		1.423
v 11.235 		4.235 		2
v 11.175 		4.313 		2
v 27.728 		-18.978 		1.906
v 11.138 		4.403 		2
v 11.146 		4.146 		2
v 11.125 		4.5 		2
v 28.727 		-18.21 		1.423
v 11.067 		4.25 		2
v 11.138 		4.597 		2
v 27.747 		-19.049 		1.906
v 11 		4.5 		2
v 11.017 		4.371 		2
v 11.629 		4.017 		2
v 11.75 		4.067 		2
v 11.25 		4.067 		2
v 11.371 		4.017 		2
v 11.5 		4 		2
v 11.825 		3.688 		2
v 11.862 		3.597 		2
v 11.983 		3.629 		2
v 11.933 		3.75 		2
v 11.854 		3.854 		2
v 11.138 		-0.597 		1.75
v 11.175 		-0.688 		1.75
v 11.235 		-0.765 		1.75
v 11.313 		3.825 		2
v 11.25 		-0.933 		1.75
v 11.1754 		-0.8764 		1.75
v 11.403 		3.862 		2
v 11.5 		3.875 		2
v 11.017 		-0.629 		1.75
v 11.067 		-0.75 		1.75
v 11.597 		3.862 		2
v 11.146 		-0.854 		1.75
v 28.864 		-18.3 		1.342
v 11.371 		3.983 		2
v 11.688 		3.825 		2
v 11.629 		-1.017 		1.75
v 11.6459 		-1.024 		1.75
v 11.765 		3.765 		2
v 27.652 		-18.991 		1.866
v 11.629 		3.983 		2
v 11.75 		3.933 		2
v 11.5 		3.125 		2
v 11.403 		3.138 		2
v 11.313 		3.175 		2
v 28.748 		-18.185 		1.342
v 11.875 		3.5 		2
v 11.862 		3.403 		2
v 11.825 		3.313 		2
v 12 		3.5 		2
v 26.364 		-19.166 		1.94
v 26.114 		-19.075 		1.985
v 5.75 		-2.067 		1.75
v 5.7185 		-2.054 		1.75
v 5.75 		-2.067 		2
v 5.875 		-2.5 		2
v 5.862 		-2.403 		2
v 5.862 		-2.403 		1.75
v 5.875 		-2.5 		1.75
v 11.371 		-1.017 		1.75
v 5.854 		-2.146 		1.75
v 5.854 		-2.146 		2
v 5.9122 		-2.2226 		1.75
v 5.8246 		-2.1236 		1.75
v 11.3541 		-1.024 		1.75
v 11.862 		-1.403 		1.75
v 11.825 		-1.313 		1.75
v 11.776 		-1.2493 		1.75
v 11.983 		8.629 		2
v 11.983 		8.629 		1.75
v 11.8702 		-1.536 		1.75
v 11.9689 		8.6631 		1.75
v 11.875 		-1.5 		1.75
v 11.776 		-1.0868 		1.75
v 11.8246 		-1.1236 		1.75
v 11.825 		8.313 		2
v 11.825 		8.313 		1.75
v 11.765 		8.235 		1.75
v 11.765 		8.235 		2
v 11.854 		-1.146 		1.75
v 11.9122 		-1.2226 		1.75
v 11.988 		8.4087 		1.75
v 12 		8.5 		1.75
v 12 		8.5 		2
v 28.884 		-18.283 		1.259
v 12 		-1.5 		1.75
v 11.9953 		-1.536 		1.75
v 11.983 		-1.371 		1.75
v 11.933 		-1.25 		1.75
v 11.7098 		8.192 		1.75
v 11.8889 		8.192 		1.75
v 11.933 		8.25 		1.75
v 11.933 		8.25 		2
v 28.765 		-18.164 		1.259
v 11.983 		8.371 		1.75
v 11.983 		8.371 		2
v 11.597 		-1.138 		1.75
v 11.5 		-1.125 		1.75
v 11.403 		-1.138 		1.75
v 11.313 		-1.175 		1.75
v 11.264 		-1.2127 		1.75
v 11.765 		-1.235 		1.75
v 11.688 		-1.175 		1.75
v 11.3355 		-1.0317 		1.75
v 11.235 		8.765 		2
v 11.1875 		8.704 		1.75
v 11.235 		8.765 		1.75
v 11.75 		-1.067 		1.75
v 11.264 		8.7873 		1.75
v 11.264 		8.9388 		1.75
v 28.898 		-18.271 		1.174
v 11.776 		-1.7509 		1.75
v 11.25 		8.933 		1.75
v 11.825 		-1.688 		1.75
v 11.862 		-1.597 		1.75
v 11.25 		8.933 		2
v 11.854 		-1.854 		1.75
v 11.146 		8.854 		1.75
v 11.146 		8.854 		2
v 12 		-2 		1.75
v 11.933 		-1.75 		1.75
v 28.777 		-18.15 		1.174
v 11.067 		8.75 		1.75
v 11.067 		8.75 		2
v 11.983 		-1.629 		1.75
v 11.048 		8.704 		1.75
v 11.235 		8.235 		2
v 11.264 		8.2127 		1.75
v 11.235 		8.235 		1.75
v 11.264 		-1.7873 		1.75
v 11.313 		-1.825 		1.75
v 11.403 		-1.862 		1.75
v 11.5 		-1.875 		1.75
v 11.597 		-1.862 		1.75
v 11.175 		8.313 		2
v 11.688 		-1.825 		1.75
v 11.765 		-1.765 		1.75
v 11.175 		8.313 		1.75
v 11.629 		-1.983 		1.75
v 11.138 		8.403 		2
v 11.5 		-2 		1.75
v 11.138 		8.403 		1.75
v 11.75 		-1.933 		1.75
v 11.125 		8.5 		2
v 11.125 		8.5 		1.75
v 11.371 		-1.983 		1.75
v 11.0878 		8.2226 		1.75
v 11.1111 		8.192 		1.75
v 11.138 		8.597 		2
v 11.138 		8.597 		1.75
v 11.235 		-1.235 		1.75
v 11.175 		-1.313 		1.75
v 11.138 		-1.403 		1.75
v 11.125 		-1.5 		1.75
v 11.1298 		-1.536 		1.75
v 28.907 		-18.264 		1.087
v 11.0317 		8.3355 		1.75
v 11.067 		8.25 		1.75
v 11.067 		8.25 		2
v 11.0047 		-1.536 		1.75
v 11.0046 		-1.5346 		1.75
v 11 		-1.5 		1.75
v 11.0124 		-1.4063 		1.75
v 11.175 		8.688 		2
v 11.175 		8.688 		1.75
v 11.25 		-1.067 		1.75
v 11.017 		8.371 		1.75
v 11.146 		-1.146 		1.75
v 11.017 		8.371 		2
v 11.067 		-1.25 		1.75
v 28.784 		-18.141 		1.087
v 11.017 		-1.371 		1.75
v 11.017 		8.629 		1.75
v 11.138 		-1.597 		1.75
v 11.017 		8.629 		2
v 11.175 		-1.688 		1.75
v 11.235 		-1.765 		1.75
v 11 		8.5 		1.75
v 11.25 		-1.933 		1.75
v 11.1754 		-1.8764 		1.75
v 11 		8.5 		2
v 11.017 		-1.629 		1.75
v 11.5 		8.125 		1.75
v 11.403 		8.138 		1.75
v 11.403 		8.138 		2
v 11.5 		8.125 		2
v 11.067 		-1.75 		1.75
v 11.146 		-1.854 		1.75
v 11.313 		8.175 		1.75
v 11.313 		8.175 		2
v 11.2909 		8.192 		1.75
v 11.629 		-2.017 		1.75
v 11.704 		-2.048 		1.75
v 11.146 		8.146 		1.75
v 11.146 		8.146 		2
v 11.2226 		8.0878 		1.75
v 11.371 		-2.017 		1.75
v 28.922 		-18.279 		1
v 11.688 		8.175 		1.75
v 28.91 		-18.262 		1
v 11.688 		8.175 		2
v 11.296 		-2.048 		1.75
v 28.787 		-18.138 		1
v 11.597 		8.138 		1.75
v 11.597 		8.138 		2
v 11.862 		-2.403 		1.75
v 11.825 		-2.313 		1.75
v 11.776 		-2.2493 		1.75
v 11.867 		-2.56 		1.75
v 11.875 		-2.5 		1.75
v 11.8764 		8.1754 		1.75
v 11.8246 		-2.1236 		1.75
v 11.854 		-2.146 		1.75
v 11.9122 		-2.2226 		1.75
v 11.5 		8 		2
v 12 		-2.5 		1.75
v 11.5 		8 		1.75
v 11.9921 		-2.56 		1.75
v 11.629 		8.017 		1.75
v 11.629 		8.017 		2
v 11.983 		-2.371 		1.75
v 28.277 		-18.15 		1.643
v 11.75 		8.067 		1.75
v 11.75 		8.067 		2
v 11.933 		-2.25 		1.75
v 11.854 		8.146 		1.75
v 11.854 		8.146 		2
v 11.765 		-2.235 		1.75
v 11.688 		-2.175 		1.75
v 11.597 		-2.138 		1.75
v 11.5 		-2.125 		1.75
v 11.25 		8.067 		1.75
v 11.403 		-2.138 		1.75
v 11.313 		-2.175 		1.75
v 11.25 		8.067 		2
v 11.264 		-2.2127 		1.75
v 11.371 		8.017 		1.75
v 11.371 		8.017 		2
v 11.75 		-2.067 		1.75
v 28.424 		-18.135 		1.574
v 11.776 		-2.7509 		1.75
v 11.825 		-2.688 		1.75
v 11.862 		-2.597 		1.75
v 11.313 		7.825 		2
v 11.313 		7.825 		1.75
v 12 		-3 		1.75
v 11.854 		-2.854 		1.75
v 11.776 		-2.9132 		1.75
v 11.403 		7.862 		2
v 11.933 		-2.75 		1.75
v 11.403 		7.862 		1.75
v 11.983 		-2.629 		1.75
v 11.5 		7.875 		2
v 11.5 		7.875 		1.75
v 11.597 		7.862 		2
v 11.597 		7.862 		1.75
v 11.264 		-2.7873 		1.75
v 28.286 		-18.098 		1.574
v 11.313 		-2.825 		1.75
v 11.403 		-2.862 		1.75
v 11.3355 		7.9683 		1.75
v 11.5 		-2.875 		1.75
v 11.264 		7.9388 		1.75
v 11.597 		-2.862 		1.75
v 11.688 		-2.825 		1.75
v 11.765 		-2.765 		1.75
v 11.5 		-3 		1.75
v 11.688 		7.825 		2
v 11.629 		-2.983 		1.75
v 11.688 		7.825 		1.75
v 11.75 		-2.933 		1.75
v 11.371 		7.983 		1.75
v 11.371 		7.983 		2
v 11.371 		-2.983 		1.75
v 11.264 		-2.9388 		1.75
v 11.765 		7.765 		2
v 11.175 		-2.313 		1.75
v 11.765 		7.765 		1.75
v 11.138 		-2.403 		1.75
v 11.125 		-2.5 		1.75
v 11.133 		-2.56 		1.75
v 11.235 		-2.235 		1.75
v 11.5913 		7.988 		1.75
v 11.0079 		-2.56 		1.75
v 11.0046 		-2.5346 		1.75
v 11 		-2.5 		1.75
v 11.0124 		-2.4063 		1.75
v 11.25 		-2.067 		1.75
v 11.825 		7.688 		2
v 11.825 		7.688 		1.75
v 11.146 		-2.146 		1.75
v 11.7204 		7.9452 		1.75
v 11.629 		7.983 		1.75
v 11.629 		7.983 		2
v 11.067 		-2.25 		1.75
v 11.017 		-2.371 		1.75
v 11.8283 		7.68 		1.75
v 11.138 		-2.597 		1.75
v 11.175 		-2.688 		1.75
v 11.235 		-2.765 		1.75
v 11.9619 		7.68 		1.75
v 11.933 		7.75 		1.75
v 11.933 		7.75 		2
v 11.25 		-2.933 		1.75
v 11.1754 		-2.8764 		1.75
v 11.854 		7.854 		1.75
v 11.854 		7.854 		2
v 11.017 		-2.629 		1.75
v 11.75 		7.933 		1.75
v 11.75 		7.933 		2
v 11.067 		-2.75 		1.75
v 11.146 		-2.854 		1.75
v 11.313 		7.175 		2
v 11.313 		7.175 		1.75
v 11.862 		7.597 		1.75
v 11.862 		7.597 		2
v 11.875 		7.5 		1.75
v 11.875 		7.5 		2
v 11.862 		7.403 		1.75
v 6.5 		-3 		1.75
v 11.862 		7.403 		2
v 6.5 		-2.5 		1.75
v 28.431 		-18.408 		1.819
v 6.5 		-2 		1.75
v 6.5 		-1.5 		1.75
v 11.9689 		7.6631 		1.75
v 6.5 		-1 		1.75
v 6.5 		-0.5 		1.75
v 6.5 		0 		1.75
v 6.5 		0.5 		1.75
v 11.825 		7.313 		1.75
v 6.5 		1.058 		1.75
v 6.5 		1.5 		1.75
v 11.825 		7.313 		2
v 6.5 		2.058 		1.75
v 6.5 		2.5 		1.75
v 11.983 		7.629 		1.75
v 11.983 		7.629 		2
v 11.9954 		7.5346 		1.75
v 6.5 		3.072 		1.75
v 6.5 		3.5 		1.75
v 6.5 		4.096 		1.75
v 6.5 		4.5 		1.75
v 6.5 		5 		1.75
v 6.5 		5.5 		1.75
v 6.5 		6.058 		1.75
v 11.765 		7.235 		1.75
v 11.765 		7.235 		2
v 6.5 		6.5 		1.75
v 5.867 		-2.56 		1.75
v 6.5 		7.5 		1.75
v 5.9921 		-2.56 		1.75
v 6 		-2.5 		1.75
v 6 		-2.5 		2
v 6.5 		8.5 		1.75
v 5.983 		-2.371 		1.75
v 5.983 		-2.371 		2
v 6 		9 		1.75
v 6 		8.5 		1.75
v 5.933 		-2.25 		1.75
v 5.933 		-2.25 		2
v 6 		8 		1.75
v 6 		7.5 		1.75
v 6 		7.4121 		1.75
v 6 		7.3019 		1.75
v 6 		7.168 		1.75
v 6 		7.0659 		1.75
v 6 		7 		1.75
v 6 		6.656 		1.75
v 6 		6.5405 		1.75
v 6 		6.5 		1.75
v 6 		6.4181 		1.75
v 6 		6.4121 		1.75
v 6 		6.3019 		1.75
v 5.125 		-2.5 		2
v 6 		6.2569 		1.75
v 6 		6.144 		1.75
v 12 		7.5 		1.75
v 6 		6.0659 		1.75
v 12 		7.5 		2
v 6 		6 		1.75
v 6 		5.632 		1.75
v 6 		5.5405 		1.75
v 6 		5.5 		1.75
v 28.557 		-18.412 		1.766
v 6 		5.4181 		1.75
v 6 		5.4121 		1.75
v 6 		5.3019 		1.75
v 6 		5.2569 		1.75
v 6 		5.12 		1.75
v 6 		5.0659 		1.75
v 6 		5 		1.75
v 6 		4.608 		1.75
v 6 		4.5405 		1.75
v 6 		4.5 		1.75
v 6 		4.4181 		1.75
v 6 		4.4121 		1.75
v 6 		4.3019 		1.75
v 6 		4.2569 		1.75
v 6 		4.096 		1.75
v 6 		4.0659 		1.75
v 6 		4 		1.75
v 6 		3.5405 		1.75
v 6 		3.5 		1.75
v 6 		3.4181 		1.75
v 6 		3.4121 		1.75
v 6 		3.3019 		1.75
v 6 		3.2569 		1.75
v 11.688 		7.175 		1.75
v 6 		3.072 		1.75
v 11.688 		7.175 		2
v 6 		3.0659 		1.75
v 6 		3 		1.75
v 6 		2.56 		1.75
v 6 		2.5405 		1.75
v 6 		2.5 		1.75
v 6 		2.4181 		1.75
v 6 		2.4121 		1.75
v 6 		2.3019 		1.75
v 6 		2.2569 		1.75
v 11.9452 		7.2796 		1.75
v 6 		2.1703 		1.75
v 11.983 		7.371 		1.75
v 6 		2.048 		1.75
v 6 		2 		1.75
v 11.983 		7.371 		2
v 6 		1.536 		1.75
v 6 		1.5 		1.75
v 6 		1.3019 		1.75
v 6 		1.2569 		1.75
v 6 		1.1703 		1.75
v 6 		1.024 		1.75
v 28.465 		-18.348 		1.766
v 6 		0.5 		1.75
v 6 		0.1703 		1.75
v 6 		-0.5 		1.75
v 6 		-0.8297 		1.75
v 6 		-1 		1.75
v 6 		-1.024 		1.75
v 6 		-1.5 		1.75
v 11.6708 		7.168 		1.75
v 6 		-2.5819 		1.75
v 6 		-2.6981 		1.75
v 7.3125 		8.704 		1.75
v 7.265 		8.765 		1.75
v 7.188 		8.825 		1.75
v 7.5 		9 		1.75
v 7.433 		8.75 		1.75
v 28.599 		-18.363 		1.707
v 7.452 		8.704 		1.75
v 28.498 		-18.292 		1.707
v 7.354 		8.854 		1.75
v 27.848 		-19.075 		1.94
v 7.25 		8.933 		1.75
v 7.168 		8.9669 		1.75
v 27.882 		-19.124 		1.94
v 7.325 		8.313 		1.75
v 7.362 		8.403 		1.75
v 7.375 		8.5 		1.75
v 7.362 		8.597 		1.75
v 7.325 		8.688 		1.75
v 7.2098 		8.192 		1.75
v 7.265 		8.235 		1.75
v 7.4689 		8.6631 		1.75
v 7.483 		8.629 		1.75
v 27.778 		-19.116 		1.906
v 7.5 		8.5 		1.75
v 7.488 		8.4087 		1.75
v 7.433 		8.25 		1.75
v 7.3889 		8.192 		1.75
v 7.483 		8.371 		1.75
v 28.636 		-18.318 		1.643
v 27.82 		-19.176 		1.906
v 6.903 		8.862 		1.75
v 6.813 		8.825 		1.75
v 6.735 		8.765 		1.75
v 6.6875 		8.704 		1.75
v 7.097 		8.862 		1.75
v 7 		8.875 		1.75
v 6.548 		8.704 		1.75
v 6.554 		8.7185 		1.75
v 28.527 		-18.241 		1.643
v 6.567 		8.75 		1.75
v 6.6236 		8.8246 		1.75
v 6.646 		8.854 		1.75
v 6.7226 		8.9122 		1.75
v 6.75 		8.933 		1.75
v 6.8355 		8.9683 		1.75
v 7.129 		8.983 		1.75
v 27.674 		-19.075 		1.866
v 7 		9 		1.75
v 6.871 		8.983 		1.75
v 6.638 		8.597 		1.75
v 6.625 		8.5 		1.75
v 6.638 		8.403 		1.75
v 6.675 		8.313 		1.75
v 6.735 		8.235 		1.75
v 6.7909 		8.192 		1.75
v 27.711 		-19.154 		1.866
v 6.675 		8.688 		1.75
v 6.6111 		8.192 		1.75
v 6.5878 		8.2226 		1.75
v 28.671 		-18.277 		1.574
v 6.567 		8.25 		1.75
v 6.5317 		8.3355 		1.75
v 6.517 		8.371 		1.75
v 28.554 		-18.195 		1.574
v 5.133 		-2.56 		1.75
v 5.125 		-2.5 		1.75
v 5.138 		-2.403 		2
v 5.138 		-2.403 		1.75
v 5.175 		-2.313 		2
v 5.175 		-2.313 		1.75
v 5.235 		-2.235 		2
v 5.235 		-2.235 		1.75
v 5.313 		-2.175 		2
v 5.313 		-2.175 		1.75
v 5.403 		-2.138 		2
v 5.403 		-2.138 		1.75
v 5.1236 		-2.1754 		1.75
v 5.12 		-2.1802 		1.75
v 5.5 		-2.125 		2
v 5.5 		-2.125 		1.75
v 5.2226 		-2.0878 		1.75
v 5.146 		-2.146 		1.75
v 5.146 		-2.146 		2
v 5.597 		-2.138 		2
v 5.597 		-2.138 		1.75
v 5.25 		-2.067 		1.75
v 5.25 		-2.067 		2
v 5.296 		-2.048 		1.75
v 5.632 		-2.1522 		1.75
v 5.862 		-2.597 		1.75
v 5.862 		-2.597 		2
v 5.825 		-2.688 		1.75
v 5.825 		-2.688 		2
v 5.765 		-2.765 		1.75
v 5.765 		-2.765 		2
v 5.988 		-2.5913 		1.75
v 5.688 		-2.825 		1.75
v 5.688 		-2.825 		2
v 5.9452 		-2.7204 		1.75
v 5.983 		-2.629 		1.75
v 5.983 		-2.629 		2
v 5.632 		-2.8478 		1.75
v 5.632 		-2.9818 		1.75
v 5.75 		-2.933 		1.75
v 5.75 		-2.933 		2
v 5.854 		-2.854 		1.75
v 5.854 		-2.854 		2
v 5.933 		-2.75 		1.75
v 5.933 		-2.75 		2
v 5.5 		-2.875 		1.75
v 5.403 		-2.862 		1.75
v 5.403 		-2.862 		2
v 5.5 		-2.875 		2
v 5.313 		-2.825 		1.75
v 5.313 		-2.825 		2
v 5.235 		-2.765 		1.75
v 5.235 		-2.765 		2
v 28.231 		-18.412 		1.866
v 27.973 		-19.201 		1.94
v 5.175 		-2.688 		2
v 5.175 		-2.688 		1.75
v 5.138 		-2.597 		2
v 5.138 		-2.597 		1.75
v 5.2226 		-2.9122 		1.75
v 28.027 		-19.226 		1.94
v 5.146 		-2.854 		1.75
v 5.146 		-2.854 		2
v 5.12 		-2.8198 		1.75
v 5.597 		-2.862 		1.75
v 5.597 		-2.862 		2
v 28.34 		-18.365 		1.819
v 5.629 		-2.983 		1.75
v 5.629 		-2.983 		2
v 5.5 		-3 		2
v 5.5 		-3 		1.75
v 5.25 		-2.933 		1.75
v 5.25 		-2.933 		2
v 28.085 		-19.241 		1.94
v 5.371 		-2.983 		1.75
v 5.371 		-2.983 		2
v 5.067 		-2.25 		1.75
v 5.067 		-2.25 		2
v 28.244 		-18.34 		1.819
v 5.017 		-2.371 		1.75
v 5.017 		-2.371 		2
v 5 		-2.5 		1.75
v 5 		-2.5 		2
v 5.017 		-2.629 		1.75
v 5.017 		-2.629 		2
v 5.067 		-2.75 		1.75
v 5.067 		-2.75 		2
v 28.144 		-19.246 		1.94
v 7.5 		5 		2
v 7.5 		5 		1.75
v 7.5 		4.5 		2
v 7.5 		4.5 		1.75
v 7.5 		4 		1.75
v 27.933 		-19.27 		1.906
v 7.5 		3.5 		2
v 7.5 		3.5 		1.75
v 27.999 		-19.302 		1.906
v 28.071 		-19.321 		1.906
v 7.5 		3 		1.75
v 7.5 		2.5 		2
v 7.5 		2.5 		1.75
v 28.364 		-18.3 		1.766
v 28.144 		-19.327 		1.906
v 28.256 		-18.271 		1.766
v 7.5 		2.048 		1.75
v 7.5 		1.5 		2
v 7.5 		1.5 		1.75
v 6.517 		8.629 		1.75
v 6.813 		8.175 		1.75
v 6.903 		8.138 		1.75
v 7 		8.125 		1.75
v 7.097 		8.138 		1.75
v 7.188 		8.175 		1.75
v 28.386 		-18.24 		1.707
v 6.646 		8.146 		1.75
v 6.7226 		8.0878 		1.75
v 7.3764 		8.1754 		1.75
v 7.129 		8.017 		1.75
v 7 		8 		1.75
v 28.267 		-18.208 		1.707
v 28.406 		-18.185 		1.643
v 7.5 		1 		1.75
v 7.5 		1 		2
v 10.265 		0.765 		2
v 10.24 		0.7845 		1.75
v 10.265 		0.765 		1.75
v 25.848 		-18.091 		1.5
v 10.325 		0.688 		1.75
v 10.325 		0.688 		2
v 10.362 		0.597 		1.75
v 10.362 		0.597 		2
v 10.3246 		0.8764 		1.75
v 10.25 		0.933 		1.75
v 10.25 		0.933 		2
v 25.711 		-18.154 		1.5
v 10.24 		0.9371 		1.75
v 27.973 		-19.374 		1.866
v 10.3734 		0.512 		1.75
v 10.4984 		0.512 		1.75
v 10.483 		0.629 		1.75
v 10.483 		0.629 		2
v 10.433 		0.75 		1.75
v 10.433 		0.75 		2
v 25.834 		-18.053 		1.423
v 10.354 		0.854 		1.75
v 10.354 		0.854 		2
v 28.057 		-19.397 		1.866
v 9.735 		0.765 		2
v 9.728 		0.756 		1.75
v 9.735 		0.765 		1.75
v 9.813 		0.825 		2
v 9.813 		0.825 		1.75
v 25.691 		-18.119 		1.423
v 9.903 		0.862 		2
v 9.903 		0.862 		1.75
v 10 		0.875 		2
v 10 		0.875 		1.75
v 10.097 		0.862 		2
v 28.144 		-19.404 		1.866
v 10.097 		0.862 		1.75
v 9.8355 		0.9683 		1.75
v 9.75 		0.933 		1.75
v 9.75 		0.933 		2
v 9.728 		0.9163 		1.75
v 10.188 		0.825 		2
v 10.188 		0.825 		1.75
v 25.823 		-18.021 		1.342
v 28.577 		-18.154 		1.5
v 7.25 		8.067 		1.75
v 27.948 		-19.443 		1.819
v 7.354 		8.146 		1.75
v 28.44 		-18.091 		1.5
v 6.75 		8.067 		1.75
v 6.871 		8.017 		1.75
v 7.325 		7.688 		1.75
v 7.265 		7.765 		1.75
v 7.188 		7.825 		1.75
v 7.168 		7.8331 		1.75
v 7.3283 		7.68 		1.75
v 7.2204 		7.9452 		1.75
v 7.433 		7.75 		1.75
v 7.4619 		7.68 		1.75
v 9.9687 		0.9959 		1.75
v 28.597 		-18.119 		1.423
v 9.871 		0.983 		1.75
v 7.354 		7.854 		1.75
v 9.871 		0.983 		2
v 7.25 		7.933 		1.75
v 10.129 		0.983 		1.75
v 10.129 		0.983 		2
v 28.454 		-18.053 		1.423
v 10 		1 		1.75
v 10 		1 		2
v 7.325 		7.313 		1.75
v 7.362 		7.403 		1.75
v 7.375 		7.5 		1.75
v 7.362 		7.597 		1.75
v 7.1708 		7.168 		1.75
v 7.188 		7.175 		1.75
v 7.265 		7.235 		1.75
v 9.638 		0.597 		2
v 7.4689 		7.6631 		1.75
v 9.6266 		0.512 		1.75
v 9.638 		0.597 		1.75
v 9.675 		0.688 		2
v 7.483 		7.629 		1.75
v 9.675 		0.688 		1.75
v 7.4954 		7.5346 		1.75
v 9.646 		0.854 		1.75
v 9.646 		0.854 		2
v 7.5 		7.5 		1.75
v 9.567 		0.75 		1.75
v 9.567 		0.75 		2
v 28.614 		-18.091 		1.342
v 9.517 		0.629 		1.75
v 9.517 		0.629 		2
v 7.483 		7.371 		1.75
v 7.4452 		7.2796 		1.75
v 9.5016 		0.512 		1.75
v 28.465 		-18.021 		1.342
v 10.375 		0.5 		1.75
v 10.375 		0.5 		2
v 7.433 		7.25 		1.75
v 7.3707 		7.168 		1.75
v 10.362 		0.403 		1.75
v 10.362 		0.403 		2
v 10.325 		0.313 		1.75
v 10.325 		0.313 		2
v 10.265 		0.235 		1.75
v 10.265 		0.235 		2
v 6.813 		7.825 		1.75
v 10.5 		0.5 		1.75
v 6.735 		7.765 		1.75
v 10.5 		0.5 		2
v 6.675 		7.688 		1.75
v 6.6717 		7.68 		1.75
v 7.097 		7.862 		1.75
v 7 		7.875 		1.75
v 6.903 		7.862 		1.75
v 6.5381 		7.68 		1.75
v 6.554 		7.7185 		1.75
v 10.24 		0.2155 		1.75
v 10.24 		0.0629 		1.75
v 6.567 		7.75 		1.75
v 10.25 		0.067 		1.75
v 6.6236 		7.8246 		1.75
v 10.25 		0.067 		2
v 10.354 		0.146 		1.75
v 10.354 		0.146 		2
v 10.433 		0.25 		1.75
v 10.433 		0.25 		2
v 6.646 		7.854 		1.75
v 6.7226 		7.9122 		1.75
v 10.483 		0.371 		1.75
v 10.483 		0.371 		2
v 6.75 		7.933 		1.75
v 10 		0.125 		1.75
v 6.8355 		7.9683 		1.75
v 9.903 		0.138 		1.75
v 9.903 		0.138 		2
v 10 		0.125 		2
v 9.813 		0.175 		1.75
v 9.813 		0.175 		2
v 7.129 		7.983 		1.75
v 9.735 		0.235 		1.75
v 9.735 		0.235 		2
v 9.728 		0.2441 		1.75
v 6.871 		7.983 		1.75
v 10.188 		0.175 		2
v 10.188 		0.175 		1.75
v 10.097 		0.138 		2
v 10.097 		0.138 		1.75
v 6.638 		7.597 		1.75
v 10.129 		0.017 		1.75
v 6.625 		7.5 		1.75
v 10.129 		0.017 		2
v 6.638 		7.403 		1.75
v 10 		0 		2
v 6.675 		7.313 		1.75
v 10 		0 		1.75
v 6.735 		7.235 		1.75
v 6.813 		7.175 		1.75
v 6.83 		7.168 		1.75
v 6.6293 		7.168 		1.75
v 9.728 		0.0837 		1.75
v 9.75 		0.067 		1.75
v 9.75 		0.067 		2
v 9.871 		0.017 		1.75
v 9.871 		0.017 		2
v 6.567 		7.25 		1.75
v 6.5317 		7.3355 		1.75
v 28.294 		-18.052 		1.5
v 9.675 		0.313 		2
v 6.517 		7.629 		1.75
v 9.675 		0.313 		1.75
v 9.638 		0.403 		2
v 9.638 		0.403 		1.75
v 6.517 		7.371 		1.75
v 9.6754 		0.1236 		1.75
v 9.625 		0.5 		2
v 9.625 		0.5 		1.75
v 6.903 		7.138 		1.75
v 9.5878 		0.2226 		1.75
v 7 		7.125 		1.75
v 9.646 		0.146 		1.75
v 7.097 		7.138 		1.75
v 9.646 		0.146 		2
v 28.301 		-18.012 		1.423
v 6.646 		7.146 		1.75
v 6.7226 		7.0878 		1.75
v 9.5 		0.5 		1.75
v 9.5 		0.5 		2
v 7.129 		7.017 		1.75
v 7 		7 		1.75
v 9.517 		0.371 		1.75
v 9.517 		0.371 		2
v 11.933 		7.25 		1.75
v 11.933 		7.25 		2
v 11.8707 		7.168 		1.75
v 7.25 		7.067 		1.75
v 7.354 		7.146 		1.75
v 11.175 		7.688 		2
v 11.1717 		7.68 		1.75
v 11.175 		7.688 		1.75
v 11.235 		7.765 		2
v 11.235 		7.765 		1.75
v 6.75 		7.067 		1.75
v 11.25 		7.933 		1.75
v 11.25 		7.933 		2
v 11.146 		7.854 		1.75
v 11.146 		7.854 		2
v 11.067 		7.75 		1.75
v 11.067 		7.75 		2
v 11.0381 		7.68 		1.75
v 11.235 		7.235 		2
v 11.235 		7.235 		1.75
v 11.175 		7.313 		2
v 11.175 		7.313 		1.75
v 11.138 		7.403 		2
v 11.138 		7.403 		1.75
v 11.125 		7.5 		2
v 11.125 		7.5 		1.75
v 11.0878 		7.2226 		1.75
v 11.1293 		7.168 		1.75
v 28.307 		-17.979 		1.342
v 11.138 		7.597 		2
v 11.138 		7.597 		1.75
v 27.872 		-19.228 		1.906
v 11.0317 		7.3355 		1.75
v 11.067 		7.25 		1.75
v 11.067 		7.25 		2
v 27.761 		-19.226 		1.866
v 11.017 		7.629 		1.75
v 11.017 		7.629 		2
v 11.765 		3.235 		2
v 11 		7.5 		1.75
v 11 		7.5 		2
v 11.983 		3.371 		2
v 11.688 		3.175 		2
v 11.017 		7.371 		1.75
v 11.017 		7.371 		2
v 11.933 		3.25 		2
v 11.597 		3.138 		2
v 11.5 		7.125 		1.75
v 11.403 		7.138 		1.75
v 11.403 		7.138 		2
v 11.5 		7.125 		2
v 11.854 		3.146 		2
v 6.871 		7.017 		1.75
v 11.138 		3.597 		2
v 11.175 		3.688 		2
v 7.325 		6.688 		1.75
v 7.265 		6.765 		1.75
v 11.235 		3.765 		2
v 7.188 		6.825 		1.75
v 7.168 		6.8331 		1.75
v 7.338 		6.656 		1.75
v 7.2204 		6.9452 		1.75
v 11.017 		3.629 		2
v 27.823 		-19.287 		1.866
v 11.25 		3.933 		2
v 11.146 		3.854 		2
v 11.067 		3.75 		2
v 7.433 		6.75 		1.75
v 7.4718 		6.656 		1.75
v 11.235 		3.235 		2
v 7.354 		6.854 		1.75
v 11.175 		3.313 		2
v 7.25 		6.933 		1.75
v 11.138 		3.403 		2
v 11.146 		3.146 		2
v 11.125 		3.5 		2
v 7.325 		6.313 		1.75
v 7.362 		6.403 		1.75
v 7.375 		6.5 		1.75
v 7.362 		6.597 		1.75
v 7.168 		6.1669 		1.75
v 7.188 		6.175 		1.75
v 7.265 		6.235 		1.75
v 9.567 		0.25 		1.75
v 9.567 		0.25 		2
v 7.483 		6.629 		1.75
v 7.4954 		6.5346 		1.75
v 25.674 		-18.091 		1.342
v 10.265 		-0.235 		2
v 7.5 		6.5 		1.75
v 10.24 		-0.2155 		1.75
v 10.265 		-0.235 		1.75
v 10.325 		-0.313 		1.75
v 10.325 		-0.313 		2
v 7.483 		6.371 		1.75
v 7.4452 		6.2796 		1.75
v 10.362 		-0.403 		1.75
v 10.362 		-0.403 		2
v 10.3246 		-0.1236 		1.75
v 10.25 		-0.067 		1.75
v 10.25 		-0.067 		2
v 7.354 		6.146 		1.75
v 7.3514 		6.144 		1.75
v 10.24 		-0.0629 		1.75
v 7.433 		6.25 		1.75
v 10.375 		-0.5 		1.75
v 10.375 		-0.5 		2
v 10.354 		-0.146 		1.75
v 10.354 		-0.146 		2
v 10.4122 		-0.2226 		1.75
v 6.813 		6.825 		1.75
v 6.735 		6.765 		1.75
v 6.675 		6.688 		1.75
v 6.662 		6.656 		1.75
v 7.097 		6.862 		1.75
v 7 		6.875 		1.75
v 6.903 		6.862 		1.75
v 10.3734 		-0.512 		1.75
v 6.5282 		6.656 		1.75
v 10.4984 		-0.512 		1.75
v 6.554 		6.7185 		1.75
v 10.5 		-0.5 		1.75
v 10.5 		-0.5 		2
v 10.483 		-0.371 		1.75
v 10.483 		-0.371 		2
v 6.567 		6.75 		1.75
v 6.6236 		6.8246 		1.75
v 6.646 		6.854 		1.75
v 6.7226 		6.9122 		1.75
v 11.017 		3.371 		2
v 11.067 		3.25 		2
v 11 		3.5 		2
v 6.75 		6.933 		1.75
v 6.8355 		6.9683 		1.75
v 11.629 		3.017 		2
v 11.75 		3.067 		2
v 11.25 		3.067 		2
v 11.371 		3.017 		2
v 11.5 		3 		2
v 11.825 		2.688 		2
v 7.129 		6.983 		1.75
v 11.862 		2.597 		2
v 6.871 		6.983 		1.75
v 11.983 		2.629 		2
v 11.933 		2.75 		2
v 11.854 		2.854 		2
v 11.313 		2.825 		2
v 11.403 		2.862 		2
v 6.638 		6.597 		1.75
v 6.625 		6.5 		1.75
v 6.638 		6.403 		1.75
v 6.675 		6.313 		1.75
v 6.735 		6.235 		1.75
v 6.813 		6.175 		1.75
v 7.1118 		6.144 		1.75
v 11.5 		2.875 		2
v 6.646 		6.146 		1.75
v 11.597 		2.862 		2
v 6.5878 		6.2226 		1.75
v 6.6486 		6.144 		1.75
v 11.371 		2.983 		2
v 11.688 		2.825 		2
v 6.567 		6.25 		1.75
v 11.765 		2.765 		2
v 6.5317 		6.3355 		1.75
v 11.629 		2.983 		2
v 11.75 		2.933 		2
v 11.875 		2.5 		2
v 26.144 		-19.078 		1.985
v 11.862 		2.403 		2
v 11.825 		2.313 		2
v 12 		2.5 		2
v 25.814 		-17.997 		1.259
v 11.854 		2.146 		2
v 11.933 		2.25 		2
v 11.983 		2.371 		2
v 11.5 		2.125 		2
v 11.403 		2.138 		2
v 11.313 		2.175 		2
v 26.174 		-19.075 		1.985
v 25.661 		-18.068 		1.259
v 11.765 		2.235 		2
v 11.688 		2.175 		2
v 11.597 		2.138 		2
v 11.75 		2.067 		2
v 25.807 		-17.979 		1.174
v 11.138 		2.597 		2
v 26.144 		-19.163 		1.966
v 11.175 		2.688 		2
v 11.235 		2.765 		2
v 11.017 		2.629 		2
v 26.189 		-19.159 		1.966
v 25.652 		-18.052 		1.174
v 11.25 		2.933 		2
v 11.146 		2.854 		2
v 11.067 		2.75 		2
v 11.235 		2.235 		2
v 11.175 		2.313 		2
v 11.25 		2.067 		2
v 11.138 		2.403 		2
v 26.233 		-19.148 		1.966
v 11.146 		2.146 		2
v 11.125 		2.5 		2
v 11.017 		2.371 		2
v 11.067 		2.25 		2
v 11 		2.5 		2
v 11.371 		2.017 		2
v 11.5 		2 		2
v 11.629 		2.017 		2
v 11.825 		1.688 		2
v 25.803 		-17.968 		1.087
v 11.862 		1.597 		2
v 11.983 		1.629 		2
v 11.933 		1.75 		2
v 11.854 		1.854 		2
v 11.313 		1.825 		2
v 11.403 		1.862 		2
v 11.5 		1.875 		2
v 25.646 		-18.042 		1.087
v 11.597 		1.862 		2
v 11.371 		1.983 		2
v 11.688 		1.825 		2
v 11.765 		1.765 		2
v 11.629 		1.983 		2
v 11.75 		1.933 		2
v 11.875 		1.5 		2
v 11.862 		1.403 		2
v 11.825 		1.313 		2
v 12 		1.5 		2
v 11.854 		1.146 		2
v 11.933 		1.25 		2
v 11.983 		1.371 		2
v 11.5 		1.125 		2
v 11.403 		1.138 		2
v 11.313 		1.175 		2
v 11.765 		1.235 		2
v 11.688 		1.175 		2
v 11.597 		1.138 		2
v 11.75 		1.067 		2
v 11.138 		1.597 		2
v 11.175 		1.688 		2
v 26.416 		-19.228 		1.906
v 11.235 		1.765 		2
v 11.017 		1.629 		2
v 11.25 		1.933 		2
v 11.146 		1.854 		2
v 11.067 		1.75 		2
v 11.235 		1.235 		2
v 26.394 		-19.337 		1.866
v 11.175 		1.313 		2
v 25.922 		-17.9329 		1
v 25.802 		-17.965 		1
v 11.25 		1.067 		2
v 10.433 		-0.25 		1.75
v 10.433 		-0.25 		2
v 25.644 		-18.038 		1
v 9.735 		-0.235 		2
v 9.728 		-0.2441 		1.75
v 9.735 		-0.235 		1.75
v 25.6 		-18.0688 		1
v 9.813 		-0.175 		2
v 9.813 		-0.175 		1.75
v 25.557 		-18.412 		1.643
v 9.903 		-0.138 		2
v 9.903 		-0.138 		1.75
v 10 		-0.125 		2
v 10 		-0.125 		1.75
v 10.097 		-0.138 		2
v 10.097 		-0.138 		1.75
v 9.8355 		-0.0317 		1.75
v 9.75 		-0.067 		1.75
v 9.75 		-0.067 		2
v 25.517 		-18.378 		1.574
v 9.728 		-0.0837 		1.75
v 10.188 		-0.175 		2
v 10.188 		-0.175 		1.75
v 9.9687 		-0.0041 		1.75
v 9.871 		-0.017 		1.75
v 9.871 		-0.017 		2
v 10.129 		-0.017 		1.75
v 10.129 		-0.017 		2
v 9.625 		-0.5 		2
v 9.6266 		-0.512 		1.75
v 9.625 		-0.5 		1.75
v 9.638 		-0.403 		2
v 9.638 		-0.403 		1.75
v 9.675 		-0.313 		2
v 9.675 		-0.313 		1.75
v 25.587 		-18.241 		1.5
v 9.646 		-0.146 		1.75
v 9.646 		-0.146 		2
v 9.567 		-0.25 		1.75
v 9.567 		-0.25 		2
v 25.481 		-18.348 		1.5
v 9.517 		-0.371 		1.75
v 9.517 		-0.371 		2
v 9.5 		-0.5 		1.75
v 9.5 		-0.5 		2
v 9.5016 		-0.512 		1.75
v 26.144 		-19.246 		1.94
v 10.362 		-0.597 		1.75
v 10.362 		-0.597 		2
v 10.325 		-0.688 		1.75
v 10.325 		-0.688 		2
v 10.265 		-0.765 		1.75
v 10.265 		-0.765 		2
v 26.203 		-19.241 		1.94
v 25.561 		-18.21 		1.423
v 10.488 		-0.5913 		1.75
v 10.24 		-0.7845 		1.75
v 25.45 		-18.322 		1.423
v 10.24 		-0.9371 		1.75
v 10.25 		-0.933 		1.75
v 10.25 		-0.933 		2
v 10.354 		-0.854 		1.75
v 10.354 		-0.854 		2
v 10.433 		-0.75 		1.75
v 10.433 		-0.75 		2
v 10.483 		-0.629 		1.75
v 10.483 		-0.629 		2
v 26.261 		-19.226 		1.94
v 10 		-0.875 		1.75
v 9.903 		-0.862 		1.75
v 9.903 		-0.862 		2
v 10 		-0.875 		2
v 9.813 		-0.825 		1.75
v 9.813 		-0.825 		2
v 9.735 		-0.765 		1.75
v 9.735 		-0.765 		2
v 9.728 		-0.756 		1.75
v 10.188 		-0.825 		2
v 10.188 		-0.825 		1.75
v 26.315 		-19.201 		1.94
v 10.097 		-0.862 		2
v 10.097 		-0.862 		1.75
v 25.54 		-18.185 		1.342
v 10.129 		-0.983 		1.75
v 10.129 		-0.983 		2
v 10 		-1 		2
v 10 		-1 		1.75
v 26.144 		-19.327 		1.906
v 9.728 		-0.9163 		1.75
v 9.75 		-0.933 		1.75
v 9.75 		-0.933 		2
v 25.424 		-18.3 		1.342
v 9.871 		-0.983 		1.75
v 9.871 		-0.983 		2
v 9.675 		-0.688 		2
v 9.675 		-0.688 		1.75
v 26.217 		-19.321 		1.906
v 9.638 		-0.597 		2
v 9.638 		-0.597 		1.75
v 9.6754 		-0.8764 		1.75
v 9.517 		-0.629 		1.75
v 9.517 		-0.629 		2
v 9.567 		-0.75 		1.75
v 9.567 		-0.75 		2
v 9.646 		-0.854 		1.75
v 9.646 		-0.854 		2
v 26.289 		-19.302 		1.906
v 10.1459 		-1.024 		1.75
v 10.129 		-1.017 		1.75
v 10.129 		-1.017 		2
v 9.871 		-1.017 		1.75
v 9.871 		-1.017 		2
v 9.8541 		-1.024 		1.75
v 10.265 		-1.235 		2
v 10.24 		-1.2155 		1.75
v 10.265 		-1.235 		1.75
v 10.325 		-1.313 		2
v 10.325 		-1.313 		1.75
v 10.362 		-1.403 		2
v 26.355 		-19.27 		1.906
v 10.362 		-1.403 		1.75
v 10.3246 		-1.1236 		1.75
v 10.25 		-1.067 		1.75
v 10.25 		-1.067 		2
v 10.24 		-1.0629 		1.75
v 10.375 		-1.5 		2
v 10.375 		-1.5 		1.75
v 10.354 		-1.146 		1.75
v 10.354 		-1.146 		2
v 10.4122 		-1.2226 		1.75
v 10.3702 		-1.536 		1.75
v 10.4953 		-1.536 		1.75
v 10.5 		-1.5 		1.75
v 10.5 		-1.5 		2
v 10.483 		-1.371 		1.75
v 10.483 		-1.371 		2
v 10.433 		-1.25 		1.75
v 10.433 		-1.25 		2
v 10.362 		-1.597 		1.75
v 10.362 		-1.597 		2
v 25.523 		-18.164 		1.259
v 10.325 		-1.688 		1.75
v 10.325 		-1.688 		2
v 10.265 		-1.765 		1.75
v 10.265 		-1.765 		2
v 10.488 		-1.5913 		1.75
v 10.24 		-1.7845 		1.75
v 10.24 		-1.9371 		1.75
v 10.25 		-1.933 		1.75
v 10.25 		-1.933 		2
v 10.354 		-1.854 		1.75
v 10.354 		-1.854 		2
v 10.433 		-1.75 		1.75
v 10.433 		-1.75 		2
v 27.894 		-19.337 		1.866
v 10.483 		-1.629 		1.75
v 10.483 		-1.629 		2
v 9.735 		-1.235 		2
v 9.728 		-1.2441 		1.75
v 9.735 		-1.235 		1.75
v 9.813 		-1.175 		2
v 9.813 		-1.175 		1.75
v 9.903 		-1.138 		2
v 27.705 		-19.273 		1.819
v 9.903 		-1.138 		1.75
v 10 		-1.125 		2
v 10 		-1.125 		1.75
v 10.097 		-1.138 		2
v 10.097 		-1.138 		1.75
v 9.8355 		-1.0317 		1.75
v 9.75 		-1.067 		1.75
v 9.75 		-1.067 		2
v 26.144 		-19.404 		1.866
v 9.728 		-1.0837 		1.75
v 27.775 		-19.344 		1.819
v 10.188 		-1.175 		2
v 10.188 		-1.175 		1.75
v 26.231 		-19.397 		1.866
v 9.625 		-1.5 		2
v 9.6298 		-1.536 		1.75
v 9.625 		-1.5 		1.75
v 27.857 		-19.401 		1.819
v 9.638 		-1.403 		2
v 9.638 		-1.403 		1.75
v 9.675 		-1.313 		2
v 9.675 		-1.313 		1.75
v 9.5046 		-1.5346 		1.75
v 9.5047 		-1.536 		1.75
v 26.315 		-19.374 		1.866
v 9.646 		-1.146 		1.75
v 9.646 		-1.146 		2
v 9.567 		-1.25 		1.75
v 9.567 		-1.25 		2
v 9.517 		-1.371 		1.75
v 9.517 		-1.371 		2
v 9.5 		-1.5 		1.75
v 9.5 		-1.5 		2
v 10 		-1.875 		1.75
v 9.903 		-1.862 		1.75
v 9.903 		-1.862 		2
v 10 		-1.875 		2
v 9.813 		-1.825 		1.75
v 9.813 		-1.825 		2
v 9.735 		-1.765 		1.75
v 9.735 		-1.765 		2
v 10.188 		-1.825 		2
v 10.188 		-1.825 		1.75
v 10.097 		-1.862 		2
v 10.097 		-1.862 		1.75
v 10.129 		-1.983 		1.75
v 10.129 		-1.983 		2
v 10 		-2 		2
v 10 		-2 		1.75
v 26.34 		-19.443 		1.819
v 9.728 		-1.9163 		1.75
v 9.75 		-1.933 		1.75
v 9.75 		-1.933 		2
v 9.871 		-1.983 		1.75
v 9.871 		-1.983 		2
v 9.675 		-1.688 		2
v 9.675 		-1.688 		1.75
v 9.638 		-1.597 		2
v 9.638 		-1.597 		1.75
v 9.6754 		-1.8764 		1.75
v 9.517 		-1.629 		1.75
v 9.517 		-1.629 		2
v 9.567 		-1.75 		1.75
v 9.567 		-1.75 		2
v 9.646 		-1.854 		1.75
v 9.646 		-1.854 		2
v 26.069 		-18.948 		1.996
v 10.204 		-2.048 		1.75
v 10.129 		-2.017 		1.75
v 10.129 		-2.017 		2
v 26.077 		-18.96 		1.996
v 27.652 		-19.318 		1.766
v 26.088 		-18.971 		1.996
v 9.871 		-2.017 		1.75
v 9.871 		-2.017 		2
v 9.796 		-2.048 		1.75
v 10.265 		-2.235 		2
v 26.1 		-18.98 		1.996
v 10.24 		-2.2155 		1.75
v 10.265 		-2.235 		1.75
v 10.325 		-2.313 		2
v 10.325 		-2.313 		1.75
v 10.362 		-2.403 		2
v 10.362 		-2.403 		1.75
v 10.3246 		-2.1236 		1.75
v 10.25 		-2.067 		1.75
v 10.25 		-2.067 		2
v 27.731 		-19.397 		1.766
v 10.24 		-2.0629 		1.75
v 10.375 		-2.5 		2
v 10.375 		-2.5 		1.75
v 10.354 		-2.146 		1.75
v 10.354 		-2.146 		2
v 10.4122 		-2.2226 		1.75
v 25.994 		-18.991 		1.985
v 10.367 		-2.56 		1.75
v 10.4921 		-2.56 		1.75
v 10.5 		-2.5 		1.75
v 10.5 		-2.5 		2
v 10.483 		-2.371 		1.75
v 10.483 		-2.371 		2
v 10.433 		-2.25 		1.75
v 10.433 		-2.25 		2
v 10.362 		-2.597 		1.75
v 10.362 		-2.597 		2
v 26.011 		-19.016 		1.985
v 10.325 		-2.688 		1.75
v 10.325 		-2.688 		2
v 10.265 		-2.765 		1.75
v 10.265 		-2.765 		2
v 10.488 		-2.5913 		1.75
v 27.689 		-19.446 		1.707
v 10.24 		-2.7845 		1.75
v 10.24 		-2.9371 		1.75
v 10.25 		-2.933 		1.75
v 10.25 		-2.933 		2
v 10.354 		-2.854 		1.75
v 10.354 		-2.854 		2
v 26.032 		-19.037 		1.985
v 10.433 		-2.75 		1.75
v 10.433 		-2.75 		2
v 10.483 		-2.629 		1.75
v 10.483 		-2.629 		2
v 26.057 		-19.055 		1.985
v 9.735 		-2.235 		2
v 9.728 		-2.2441 		1.75
v 9.735 		-2.235 		1.75
v 9.813 		-2.175 		2
v 9.813 		-2.175 		1.75
v 9.903 		-2.138 		2
v 9.903 		-2.138 		1.75
v 10 		-2.125 		2
v 28.465 		-19.461 		1.766
v 10 		-2.125 		1.75
v 10.097 		-2.138 		2
v 10.097 		-2.138 		1.75
v 9.75 		-2.067 		1.75
v 9.75 		-2.067 		2
v 9.728 		-2.0837 		1.75
v 26.085 		-19.068 		1.985
v 10.188 		-2.175 		2
v 10.188 		-2.175 		1.75
v 11.138 		1.403 		2
v 11.146 		1.146 		2
v 11.125 		1.5 		2
v 11 		1.5 		2
v 11.017 		1.371 		2
v 11.067 		1.25 		2
v 9.625 		-2.5 		2
v 9.633 		-2.56 		1.75
v 9.625 		-2.5 		1.75
v 9.638 		-2.403 		2
v 9.638 		-2.403 		1.75
v 11.371 		1.017 		2
v 11.5 		1 		2
v 11.629 		1.017 		2
v 9.675 		-2.313 		2
v 9.675 		-2.313 		1.75
v 11.825 		0.688 		2
v 9.5046 		-2.5346 		1.75
v 9.5079 		-2.56 		1.75
v 11.862 		0.597 		2
v 11.983 		0.629 		2
v 11.933 		0.75 		2
v 11.854 		0.854 		2
v 9.646 		-2.146 		1.75
v 9.646 		-2.146 		2
v 9.567 		-2.25 		1.75
v 9.567 		-2.25 		2
v 11.313 		0.825 		2
v 9.517 		-2.371 		1.75
v 9.517 		-2.371 		2
v 11.403 		0.862 		2
v 9.5 		-2.5 		1.75
v 11.5 		0.875 		2
v 9.5 		-2.5 		2
v 11.597 		0.862 		2
v 10 		-2.875 		1.75
v 9.903 		-2.862 		1.75
v 9.903 		-2.862 		2
v 11.371 		0.983 		2
v 10 		-2.875 		2
v 11.688 		0.825 		2
v 9.813 		-2.825 		1.75
v 9.813 		-2.825 		2
v 11.765 		0.765 		2
v 9.735 		-2.765 		1.75
v 9.735 		-2.765 		2
v 11.629 		0.983 		2
v 11.75 		0.933 		2
v 9.728 		-2.756 		1.75
v 11.138 		0.597 		2
v 10.188 		-2.825 		2
v 11.175 		0.688 		2
v 10.188 		-2.825 		1.75
v 10.097 		-2.862 		2
v 11.235 		0.765 		2
v 10.097 		-2.862 		1.75
v 11.017 		0.629 		2
v 10.129 		-2.983 		1.75
v 10.129 		-2.983 		2
v 10 		-3 		2
v 11.25 		0.933 		2
v 10 		-3 		1.75
v 11.146 		0.854 		2
v 11.067 		0.75 		2
v 11.875 		0.5 		2
v 11.862 		0.403 		2
v 9.728 		-2.9163 		1.75
v 9.75 		-2.933 		1.75
v 9.75 		-2.933 		2
v 11.825 		0.313 		2
v 25.981 		-18.964 		1.985
v 9.871 		-2.983 		1.75
v 9.871 		-2.983 		2
v 12 		0.5 		2
v 9.675 		-2.688 		2
v 11.854 		0.146 		2
v 9.675 		-2.688 		1.75
v 11.933 		0.25 		2
v 11.983 		0.371 		2
v 9.638 		-2.597 		2
v 11.5 		0.125 		2
v 11.403 		0.138 		2
v 9.638 		-2.597 		1.75
v 11.313 		0.175 		2
v 9.6754 		-2.8764 		1.75
v 11.765 		0.235 		2
v 9.517 		-2.629 		1.75
v 9.517 		-2.629 		2
v 11.688 		0.175 		2
v 9.567 		-2.75 		1.75
v 9.567 		-2.75 		2
v 11.597 		0.138 		2
v 9.646 		-2.854 		1.75
v 9.646 		-2.854 		2
v 11.371 		0.017 		2
v 11.5 		0 		2
v 11.629 		0.017 		2
v 11.75 		0.067 		2
v 8.765 		0.765 		2
v 8.704 		0.8125 		1.75
v 8.765 		0.765 		1.75
v 11.235 		0.235 		2
v 8.825 		0.688 		1.75
v 8.825 		0.688 		2
v 8.7204 		0.9452 		1.75
v 11.175 		0.313 		2
v 8.704 		0.952 		1.75
v 11.25 		0.067 		2
v 8.862 		0.597 		1.75
v 8.862 		0.597 		2
v 11.138 		0.403 		2
v 8.8246 		0.8764 		1.75
v 25.946 		-19.071 		1.966
v 8.75 		0.933 		1.75
v 8.75 		0.933 		2
v 11.146 		0.146 		2
v 11.125 		0.5 		2
v 11 		0.5 		2
v 11.017 		0.371 		2
v 11.067 		0.25 		2
v 8.8734 		0.512 		1.75
v 8.9984 		0.512 		1.75
v 8.983 		0.629 		1.75
v 8.983 		0.629 		2
v 11.825 		-0.313 		2
v 8.933 		0.75 		1.75
v 8.933 		0.75 		2
v 11.862 		-0.403 		2
v 8.854 		0.854 		1.75
v 8.854 		0.854 		2
v 11.854 		-0.146 		2
v 11.875 		-0.5 		2
v 12 		-0.5 		2
v 11.983 		-0.371 		2
v 11.933 		-0.25 		2
v 8.235 		0.765 		2
v 8.192 		0.7098 		1.75
v 8.235 		0.765 		1.75
v 8.313 		0.825 		2
v 11.313 		-0.175 		2
v 8.313 		0.825 		1.75
v 8.403 		0.862 		2
v 11.403 		-0.138 		2
v 8.403 		0.862 		1.75
v 25.978 		-19.103 		1.966
v 11.5 		-0.125 		2
v 8.5 		0.875 		2
v 8.5 		0.875 		1.75
v 11.597 		-0.138 		2
v 8.2226 		0.9122 		1.75
v 8.192 		0.8889 		1.75
v 11.371 		-0.017 		2
v 8.597 		0.862 		2
v 11.688 		-0.175 		2
v 8.597 		0.862 		1.75
v 26.015 		-19.129 		1.966
v 8.3355 		0.9683 		1.75
v 11.765 		-0.235 		2
v 8.25 		0.933 		1.75
v 8.25 		0.933 		2
v 11.629 		-0.017 		2
v 11.75 		-0.067 		2
v 6.517 		6.629 		1.75
v 11.125 		-0.5 		2
v 11.138 		-0.403 		2
v 6.517 		6.371 		1.75
v 11.175 		-0.313 		2
v 26.055 		-19.148 		1.966
v 11.235 		-0.235 		2
v 11 		-0.5 		2
v 6.903 		6.138 		1.75
v 7 		6.125 		1.75
v 7.097 		6.138 		1.75
v 11.017 		-0.371 		2
v 6.7226 		6.0878 		1.75
v 11.25 		-0.067 		2
v 11.146 		-0.146 		2
v 11.067 		-0.25 		2
v 11.862 		-0.597 		2
v 7.129 		6.017 		1.75
v 26.099 		-19.159 		1.966
v 7 		6 		1.75
v 11.825 		-0.688 		2
v 7.25 		6.067 		1.75
v 11.983 		-0.629 		2
v 11.854 		-0.854 		2
v 11.933 		-0.75 		2
v 11.5 		-0.875 		2
v 11.403 		-0.862 		2
v 6.75 		6.067 		1.75
v 11.313 		-0.825 		2
v 6.871 		6.017 		1.75
v 11.765 		-0.765 		2
v 11.688 		-0.825 		2
v 7.325 		5.688 		1.75
v 7.265 		5.765 		1.75
v 25.924 		-19.166 		1.94
v 7.188 		5.825 		1.75
v 11.597 		-0.862 		2
v 7.168 		5.8331 		1.75
v 7.3478 		5.632 		1.75
v 7.2204 		5.9452 		1.75
v 11.371 		-0.983 		2
v 11.5 		-1 		2
v 11.629 		-0.983 		2
v 11.75 		-0.933 		2
v 7.433 		5.75 		1.75
v 7.4818 		5.632 		1.75
v 11.235 		-0.765 		2
v 7.354 		5.854 		1.75
v 7.25 		5.933 		1.75
v 11.175 		-0.688 		2
v 28.498 		-19.517 		1.707
v 11.25 		-0.933 		2
v 11.138 		-0.597 		2
v 11.067 		-0.75 		2
v 11.146 		-0.854 		2
v 11.017 		-0.629 		2
v 11.629 		-1.017 		2
v 11.371 		-1.017 		2
v 11.825 		-1.313 		2
v 11.862 		-1.403 		2
v 11.854 		-1.146 		2
v 11.875 		-1.5 		2
v 12 		-1.5 		2
v 11.983 		-1.371 		2
v 11.933 		-1.25 		2
v 11.313 		-1.175 		2
v 11.403 		-1.138 		2
v 11.5 		-1.125 		2
v 11.597 		-1.138 		2
v 11.688 		-1.175 		2
v 28.527 		-19.568 		1.643
v 11.765 		-1.235 		2
v 11.75 		-1.067 		2
v 11.862 		-1.597 		2
v 11.825 		-1.688 		2
v 25.973 		-19.201 		1.94
v 11.983 		-1.629 		2
v 11.854 		-1.854 		2
v 11.933 		-1.75 		2
v 11.5 		-1.875 		2
v 28.636 		-19.491 		1.643
v 11.403 		-1.862 		2
v 26.027 		-19.226 		1.94
v 11.313 		-1.825 		2
v 11.765 		-1.765 		2
v 11.688 		-1.825 		2
v 11.597 		-1.862 		2
v 11.371 		-1.983 		2
v 11.5 		-2 		2
v 26.085 		-19.241 		1.94
v 11.629 		-1.983 		2
v 11.75 		-1.933 		2
v 28.424 		-19.674 		1.574
v 11.125 		-1.5 		2
v 11.138 		-1.403 		2
v 11.175 		-1.313 		2
v 28.554 		-19.614 		1.574
v 11 		-1.5 		2
v 11.235 		-1.235 		2
v 25.933 		-19.27 		1.906
v 11.017 		-1.371 		2
v 11.25 		-1.067 		2
v 11.146 		-1.146 		2
v 11.067 		-1.25 		2
v 28.671 		-19.532 		1.574
v 11.235 		-1.765 		2
v 11.175 		-1.688 		2
v 25.999 		-19.302 		1.906
v 11.25 		-1.933 		2
v 11.138 		-1.597 		2
v 11.067 		-1.75 		2
v 26.071 		-19.321 		1.906
v 11.146 		-1.854 		2
v 11.017 		-1.629 		2
v 11.629 		-2.017 		2
v 11.371 		-2.017 		2
v 11.825 		-2.313 		2
v 11.862 		-2.403 		2
v 11.854 		-2.146 		2
v 11.875 		-2.5 		2
v 12 		-2.5 		2
v 11.983 		-2.371 		2
v 11.933 		-2.25 		2
v 11.313 		-2.175 		2
v 11.403 		-2.138 		2
v 11.5 		-2.125 		2
v 11.597 		-2.138 		2
v 11.688 		-2.175 		2
v 11.765 		-2.235 		2
v 11.75 		-2.067 		2
v 11.862 		-2.597 		2
v 11.825 		-2.688 		2
v 11.983 		-2.629 		2
v 11.854 		-2.854 		2
v 11.933 		-2.75 		2
v 11.5 		-2.875 		2
v 11.403 		-2.862 		2
v 11.313 		-2.825 		2
v 11.765 		-2.765 		2
v 28.244 		-19.469 		1.819
v 11.688 		-2.825 		2
v 11.597 		-2.862 		2
v 11.371 		-2.983 		2
v 11.5 		-3 		2
v 11.629 		-2.983 		2
v 11.75 		-2.933 		2
v 11.125 		-2.5 		2
v 11.138 		-2.403 		2
v 28.256 		-19.537 		1.766
v 11.175 		-2.313 		2
v 25.973 		-19.374 		1.866
v 11 		-2.5 		2
v 11.235 		-2.235 		2
v 11.017 		-2.371 		2
v 11.25 		-2.067 		2
v 28.364 		-19.508 		1.766
v 11.146 		-2.146 		2
v 11.067 		-2.25 		2
v 26.057 		-19.397 		1.866
v 11.235 		-2.765 		2
v 11.175 		-2.688 		2
v 11.25 		-2.933 		2
v 11.138 		-2.597 		2
v 11.067 		-2.75 		2
v 11.146 		-2.854 		2
v 11.017 		-2.629 		2
v 28.267 		-19.601 		1.707
v 7.188 		8.825 		2
v 7.265 		8.765 		2
v 7.354 		8.854 		2
v 7.25 		8.933 		2
v 7.433 		8.75 		2
v 7.325 		8.688 		2
v 28.386 		-19.569 		1.707
v 25.948 		-19.443 		1.819
v 7.362 		8.597 		2
v 7.375 		8.5 		2
v 7.362 		8.403 		2
v 7.483 		8.629 		2
v 7.325 		8.313 		2
v 7.5 		8.5 		2
v 7.265 		8.235 		2
v 7.483 		8.371 		2
v 7.433 		8.25 		2
v 6.735 		8.765 		2
v 6.813 		8.825 		2
v 28.277 		-19.659 		1.643
v 6.567 		8.75 		2
v 6.903 		8.862 		2
v 6.646 		8.854 		2
v 7 		8.875 		2
v 6.75 		8.933 		2
v 7.097 		8.862 		2
v 7 		9 		2
v 6.871 		8.983 		2
v 7.129 		8.983 		2
v 6.735 		8.235 		2
v 28.406 		-19.624 		1.643
v 6.675 		8.313 		2
v 25.404 		-18.283 		1.259
v 26.386 		-19.569 		1.707
v 25.308 		-18.421 		1.259
v 28.286 		-19.711 		1.574
v 26.406 		-19.624 		1.643
v 25.511 		-18.15 		1.174
v 25.39 		-18.271 		1.174
v 25.291 		-18.412 		1.174
v 26.144 		-19.478 		1.819
v 28.44 		-19.718 		1.5
v 26.244 		-19.469 		1.819
v 25.504 		-18.141 		1.087
v 25.381 		-18.264 		1.087
v 28.577 		-19.654 		1.5
v 25.281 		-18.406 		1.087
v 28.454 		-19.756 		1.423
v 26.144 		-19.547 		1.766
v 26.256 		-19.537 		1.766
v 28.597 		-19.689 		1.423
v 26.364 		-19.508 		1.766
v 25.501 		-18.138 		1
v 25.378 		-18.262 		1
v 26.144 		-19.611 		1.707
v 25.278 		-18.404 		1
v 25.2649 		-18.432 		1
v 28.465 		-19.787 		1.342
v 26.267 		-19.601 		1.707
v 25.894 		-18.471 		1.866
v 28.614 		-19.718 		1.342
v 25.882 		-18.685 		1.94
v 26.144 		-19.67 		1.643
v 25.872 		-18.581 		1.906
v 26.277 		-19.659 		1.643
v 28.294 		-19.757 		1.5
v 25.82 		-18.633 		1.906
v 28.301 		-19.797 		1.423
v 26.286 		-19.711 		1.574
v 25.823 		-18.521 		1.866
v 28.307 		-19.83 		1.342
v 25.761 		-18.583 		1.866
v 25.711 		-18.654 		1.866
v 26.144 		-19.724 		1.574
v 25.775 		-18.465 		1.819
v 25.705 		-18.536 		1.819
v 28.312 		-19.856 		1.259
v 25.647 		-18.618 		1.819
v 28.474 		-19.812 		1.259
v 28.627 		-19.741 		1.259
v 26.144 		-19.77 		1.5
v 26.294 		-19.757 		1.5
v 28.315 		-19.874 		1.174
v 26.144 		-19.811 		1.423
v 28.481 		-19.83 		1.174
v 26.301 		-19.797 		1.423
v 28.636 		-19.757 		1.174
v 25.652 		-18.491 		1.766
v 28.317 		-19.885 		1.087
v 26.144 		-19.844 		1.342
v 6.638 		8.403 		2
v 6.625 		8.5 		2
v 6.567 		8.25 		2
v 6.638 		8.597 		2
v 6.517 		8.371 		2
v 6.675 		8.688 		2
v 8.688 		0.825 		2
v 8.688 		0.825 		1.75
v 8.4687 		0.9959 		1.75
v 6.5 		8.5 		2
v 8.371 		0.983 		1.75
v 8.371 		0.983 		2
v 6.517 		8.629 		2
v 7 		8.125 		2
v 6.903 		8.138 		2
v 6.813 		8.175 		2
v 8.629 		0.983 		1.75
v 8.629 		0.983 		2
v 8.5 		1 		1.75
v 8.5 		1 		2
v 6.646 		8.146 		2
v 8.138 		0.597 		2
v 7.188 		8.175 		2
v 8.1266 		0.512 		1.75
v 8.138 		0.597 		1.75
v 8.175 		0.688 		2
v 8.175 		0.688 		1.75
v 7.097 		8.138 		2
v 8.146 		0.854 		1.75
v 8.146 		0.854 		2
v 6.75 		8.067 		2
v 6.871 		8.017 		2
v 7 		8 		2
v 7.129 		8.017 		2
v 8.067 		0.75 		1.75
v 7.25 		8.067 		2
v 8.067 		0.75 		2
v 7.354 		8.146 		2
v 8.017 		0.629 		1.75
v 8.017 		0.629 		2
v 7.188 		7.825 		2
v 8.0016 		0.512 		1.75
v 7.265 		7.765 		2
v 8.875 		0.5 		2
v 8.875 		0.5 		1.75
v 8.862 		0.403 		2
v 8.862 		0.403 		1.75
v 7.325 		7.688 		2
v 8.825 		0.313 		2
v 8.825 		0.313 		1.75
v 28.627 		-18.068 		1.259
v 7.354 		7.854 		2
v 7.25 		7.933 		2
v 8.765 		0.235 		2
v 8.765 		0.235 		1.75
v 7.433 		7.75 		2
v 9 		0.5 		1.75
v 9 		0.5 		2
v 7.362 		7.597 		2
v 7.375 		7.5 		2
v 8.704 		0.1875 		1.75
v 7.362 		7.403 		2
v 8.704 		0.048 		1.75
v 8.75 		0.067 		1.75
v 8.75 		0.067 		2
v 28.474 		-17.997 		1.259
v 7.483 		7.629 		2
v 8.854 		0.146 		1.75
v 8.854 		0.146 		2
v 7.325 		7.313 		2
v 8.933 		0.25 		1.75
v 8.933 		0.25 		2
v 7.5 		7.5 		2
v 7.265 		7.235 		2
v 8.983 		0.371 		1.75
v 8.983 		0.371 		2
v 7.483 		7.371 		2
v 7.188 		7.175 		2
v 8.5 		0.125 		1.75
v 8.403 		0.138 		1.75
v 8.403 		0.138 		2
v 8.5 		0.125 		2
v 7.433 		7.25 		2
v 8.313 		0.175 		1.75
v 8.313 		0.175 		2
v 6.675 		7.688 		2
v 8.235 		0.235 		1.75
v 8.235 		0.235 		2
v 6.735 		7.765 		2
v 8.192 		0.2909 		1.75
v 28.636 		-18.052 		1.174
v 8.192 		0.1111 		1.75
v 8.2226 		0.0878 		1.75
v 6.813 		7.825 		2
v 8.688 		0.175 		1.75
v 8.688 		0.175 		2
v 6.567 		7.75 		2
v 6.903 		7.862 		2
v 8.597 		0.138 		1.75
v 8.597 		0.138 		2
v 6.646 		7.854 		2
v 7 		7.875 		2
v 28.481 		-17.979 		1.174
v 6.75 		7.933 		2
v 8.629 		0.017 		1.75
v 8.629 		0.017 		2
v 8.5 		0 		2
v 7.097 		7.862 		2
v 8.5 		0 		1.75
v 6.871 		7.983 		2
v 8.25 		0.067 		1.75
v 8.25 		0.067 		2
v 7.129 		7.983 		2
v 8.371 		0.017 		1.75
v 8.371 		0.017 		2
v 6.813 		7.175 		2
v 6.735 		7.235 		2
v 8.175 		0.313 		2
v 8.175 		0.313 		1.75
v 6.675 		7.313 		2
v 8.138 		0.403 		2
v 8.138 		0.403 		1.75
v 6.638 		7.403 		2
v 8.1754 		0.1236 		1.75
v 8.125 		0.5 		2
v 6.625 		7.5 		2
v 8.125 		0.5 		1.75
v 8.0878 		0.2226 		1.75
v 8.146 		0.146 		1.75
v 8.146 		0.146 		2
v 6.567 		7.25 		2
v 6.638 		7.597 		2
v 6.5 		7.5 		2
v 6.517 		7.371 		2
v 28.642 		-18.042 		1.087
v 8 		0.5 		1.75
v 8 		0.5 		2
v 6.517 		7.629 		2
v 8.017 		0.371 		1.75
v 8.017 		0.371 		2
v 7 		7.125 		2
v 6.903 		7.138 		2
v 8.067 		0.25 		1.75
v 8.067 		0.25 		2
v 28.485 		-17.968 		1.087
v 6.646 		7.146 		2
v 8.765 		-0.235 		2
v 8.704 		-0.1875 		1.75
v 8.765 		-0.235 		1.75
v 7.097 		7.138 		2
v 8.825 		-0.313 		1.75
v 8.825 		-0.313 		2
v 8.7185 		-0.054 		1.75
v 8.704 		-0.048 		1.75
v 8.862 		-0.403 		1.75
v 8.862 		-0.403 		2
v 6.75 		7.067 		2
v 6.871 		7.017 		2
v 7 		7 		2
v 7.129 		7.017 		2
v 7.25 		7.067 		2
v 7.354 		7.146 		2
v 8.8246 		-0.1236 		1.75
v 8.75 		-0.067 		1.75
v 8.75 		-0.067 		2
v 7.188 		6.825 		2
v 8.875 		-0.5 		1.75
v 8.875 		-0.5 		2
v 7.265 		6.765 		2
v 8.854 		-0.146 		1.75
v 8.854 		-0.146 		2
v 8.9122 		-0.2226 		1.75
v 7.325 		6.688 		2
v 8.8734 		-0.512 		1.75
v 7.354 		6.854 		2
v 7.25 		6.933 		2
v 8.9984 		-0.512 		1.75
v 9 		-0.5 		1.75
v 9 		-0.5 		2
v 7.433 		6.75 		2
v 8.983 		-0.371 		1.75
v 8.983 		-0.371 		2
v 7.362 		6.597 		2
v 28.312 		-17.953 		1.259
v 8.933 		-0.25 		1.75
v 8.933 		-0.25 		2
v 7.375 		6.5 		2
v 7.362 		6.403 		2
v 8.235 		-0.235 		2
v 8.192 		-0.2909 		1.75
v 8.235 		-0.235 		1.75
v 7.483 		6.629 		2
v 8.313 		-0.175 		2
v 8.313 		-0.175 		1.75
v 7.325 		6.313 		2
v 8.403 		-0.138 		2
v 8.403 		-0.138 		1.75
v 7.5 		6.5 		2
v 7.265 		6.235 		2
v 8.5 		-0.125 		2
v 8.5 		-0.125 		1.75
v 7.483 		6.371 		2
v 8.2226 		-0.0878 		1.75
v 8.192 		-0.1111 		1.75
v 7.188 		6.175 		2
v 28.315 		-17.935 		1.174
v 8.597 		-0.138 		2
v 8.597 		-0.138 		1.75
v 7.354 		6.146 		2
v 7.433 		6.25 		2
v 8.3355 		-0.0317 		1.75
v 8.25 		-0.067 		1.75
v 8.25 		-0.067 		2
v 6.675 		6.688 		2
v 8.688 		-0.175 		2
v 8.688 		-0.175 		1.75
v 6.735 		6.765 		2
v 8.4687 		-0.0041 		1.75
v 8.371 		-0.017 		1.75
v 8.371 		-0.017 		2
v 6.813 		6.825 		2
v 8.629 		-0.017 		1.75
v 8.629 		-0.017 		2
v 8.125 		-0.5 		2
v 8.1266 		-0.512 		1.75
v 8.125 		-0.5 		1.75
v 25.602 		-18.45 		1.707
v 8.138 		-0.403 		2
v 8.138 		-0.403 		1.75
v 8.175 		-0.313 		2
v 8.175 		-0.313 		1.75
v 28.317 		-17.923 		1.087
v 8.146 		-0.146 		1.75
v 8.146 		-0.146 		2
v 8.067 		-0.25 		1.75
v 8.067 		-0.25 		2
v 8.017 		-0.371 		1.75
v 8.017 		-0.371 		2
v 8 		-0.5 		1.75
v 8 		-0.5 		2
v 8.0016 		-0.512 		1.75
v 8.862 		-0.597 		2
v 8.862 		-0.597 		1.75
v 8.825 		-0.688 		2
v 8.825 		-0.688 		1.75
v 8.765 		-0.765 		2
v 8.765 		-0.765 		1.75
v 8.988 		-0.5913 		1.75
v 25.92 		-18.775 		1.966
v 8.704 		-0.8125 		1.75
v 8.704 		-0.952 		1.75
v 8.75 		-0.933 		1.75
v 8.75 		-0.933 		2
v 8.854 		-0.854 		1.75
v 8.854 		-0.854 		2
v 8.933 		-0.75 		1.75
v 8.933 		-0.75 		2
v 25.901 		-18.816 		1.966
v 8.983 		-0.629 		1.75
v 8.983 		-0.629 		2
v 8.5 		-0.875 		1.75
v 8.403 		-0.862 		1.75
v 8.403 		-0.862 		2
v 8.5 		-0.875 		2
v 8.313 		-0.825 		1.75
v 8.313 		-0.825 		2
v 28.644 		-18.038 		1
v 8.235 		-0.765 		1.75
v 8.235 		-0.765 		2
v 8.192 		-0.7098 		1.75
v 8.192 		-0.8889 		1.75
v 28.6505 		-18.0425 		1
v 8.2226 		-0.9122 		1.75
v 8.688 		-0.825 		1.75
v 8.688 		-0.825 		2
v 8.597 		-0.862 		1.75
v 28.486 		-17.965 		1
v 8.597 		-0.862 		2
v 8.629 		-0.983 		1.75
v 8.629 		-0.983 		2
v 8.5 		-1 		2
v 8.5 		-1 		1.75
v 28.318 		-17.92 		1
v 8.25 		-0.933 		1.75
v 8.25 		-0.933 		2
v 8.371 		-0.983 		1.75
v 28.16 		-17.9055 		1
v 8.371 		-0.983 		2
v 8.175 		-0.688 		2
v 28.144 		-18.138 		1.643
v 8.175 		-0.688 		1.75
v 8.138 		-0.597 		2
v 8.138 		-0.597 		1.75
v 8.1754 		-0.8764 		1.75
v 8.017 		-0.629 		1.75
v 8.017 		-0.629 		2
v 8.067 		-0.75 		1.75
v 8.067 		-0.75 		2
v 8.146 		-0.854 		1.75
v 25.885 		-18.904 		1.966
v 8.146 		-0.854 		2
v 11.146 		7.146 		1.75
v 11.146 		7.146 		2
v 8.6459 		-1.024 		1.75
v 8.629 		-1.017 		1.75
v 8.629 		-1.017 		2
v 11.2226 		7.0878 		1.75
v 8.371 		-1.017 		1.75
v 11.597 		7.138 		1.75
v 8.371 		-1.017 		2
v 11.597 		7.138 		2
v 8.3541 		-1.024 		1.75
v 8.765 		-1.235 		2
v 8.704 		-1.1875 		1.75
v 8.765 		-1.235 		1.75
v 11.5 		7 		2
v 11.5 		7 		1.75
v 11.629 		7.017 		1.75
v 8.825 		-1.313 		1.75
v 11.629 		7.017 		2
v 8.825 		-1.313 		2
v 25.889 		-18.859 		1.966
v 8.7185 		-1.054 		1.75
v 8.704 		-1.048 		1.75
v 11.75 		7.067 		1.75
v 11.75 		7.067 		2
v 8.862 		-1.403 		2
v 8.862 		-1.403 		1.75
v 11.854 		7.146 		1.75
v 11.854 		7.146 		2
v 8.8246 		-1.1236 		1.75
v 8.75 		-1.067 		1.75
v 8.75 		-1.067 		2
v 11.25 		7.067 		1.75
v 8.875 		-1.5 		2
v 11.25 		7.067 		2
v 8.875 		-1.5 		1.75
v 8.854 		-1.146 		1.75
v 8.854 		-1.146 		2
v 11.371 		7.017 		1.75
v 8.9122 		-1.2226 		1.75
v 11.371 		7.017 		2
v 8.8702 		-1.536 		1.75
v 11.313 		6.825 		2
v 8.9953 		-1.536 		1.75
v 11.313 		6.825 		1.75
v 9 		-1.5 		1.75
v 9 		-1.5 		2
v 11.403 		6.862 		2
v 8.983 		-1.371 		1.75
v 8.983 		-1.371 		2
v 11.403 		6.862 		1.75
v 8.933 		-1.25 		1.75
v 8.933 		-1.25 		2
v 28.011 		-18.15 		1.643
v 8.235 		-1.235 		2
v 8.192 		-1.2909 		1.75
v 8.235 		-1.235 		1.75
v 8.313 		-1.175 		2
v 8.313 		-1.175 		1.75
v 8.403 		-1.138 		2
v 8.403 		-1.138 		1.75
v 8.5 		-1.125 		2
v 8.5 		-1.125 		1.75
v 8.2226 		-1.0878 		1.75
v 8.192 		-1.1111 		1.75
v 8.597 		-1.138 		2
v 8.597 		-1.138 		1.75
v 8.3355 		-1.0317 		1.75
v 8.25 		-1.067 		1.75
v 8.25 		-1.067 		2
v 28.144 		-18.085 		1.574
v 8.688 		-1.175 		2
v 8.688 		-1.175 		1.75
v 8.862 		-1.597 		1.75
v 8.862 		-1.597 		2
v 28.002 		-18.098 		1.574
v 8.825 		-1.688 		1.75
v 8.825 		-1.688 		2
v 25.848 		-18.733 		1.94
v 8.765 		-1.765 		1.75
v 8.765 		-1.765 		2
v 8.988 		-1.5913 		1.75
v 26.307 		-19.83 		1.342
v 8.704 		-1.8125 		1.75
v 8.704 		-1.952 		1.75
v 8.75 		-1.933 		1.75
v 8.75 		-1.933 		2
v 8.854 		-1.854 		1.75
v 8.854 		-1.854 		2
v 8.933 		-1.75 		1.75
v 25.823 		-18.787 		1.94
v 8.933 		-1.75 		2
v 27.864 		-18.135 		1.574
v 8.983 		-1.629 		1.75
v 8.983 		-1.629 		2
v 8.5 		-1.875 		1.75
v 8.403 		-1.862 		1.75
v 8.403 		-1.862 		2
v 8.5 		-1.875 		2
v 8.313 		-1.825 		1.75
v 8.313 		-1.825 		2
v 8.235 		-1.765 		1.75
v 8.235 		-1.765 		2
v 8.192 		-1.7098 		1.75
v 8.192 		-1.8889 		1.75
v 8.2226 		-1.9122 		1.75
v 8.688 		-1.825 		1.75
v 8.688 		-1.825 		2
v 25.778 		-18.693 		1.906
v 8.597 		-1.862 		1.75
v 8.597 		-1.862 		2
v 8.629 		-1.983 		1.75
v 8.629 		-1.983 		2
v 8.5 		-2 		2
v 8.5 		-2 		1.75
v 8.25 		-1.933 		1.75
v 8.25 		-1.933 		2
v 8.371 		-1.983 		1.75
v 8.371 		-1.983 		2
v 25.747 		-18.76 		1.906
v 8.175 		-1.688 		2
v 8.175 		-1.688 		1.75
v 8.138 		-1.597 		2
v 8.138 		-1.597 		1.75
v 8.1754 		-1.8764 		1.75
v 8.125 		-1.5 		2
v 8.125 		-1.5 		1.75
v 8.0878 		-1.7774 		1.75
v 8.146 		-1.854 		1.75
v 8.146 		-1.854 		2
v 28.144 		-18.404 		1.866
v 8.138 		-1.403 		1.75
v 8.138 		-1.403 		2
v 8.0311 		-1.6631 		1.75
v 8.067 		-1.75 		1.75
v 8.067 		-1.75 		2
v 8.175 		-1.313 		1.75
v 8.175 		-1.313 		2
v 8.017 		-1.629 		1.75
v 8.017 		-1.629 		2
v 28.057 		-18.412 		1.866
v 8.146 		-1.146 		1.75
v 8.146 		-1.146 		2
v 8.067 		-1.25 		1.75
v 8.067 		-1.25 		2
v 8.017 		-1.371 		1.75
v 8.017 		-1.371 		2
v 8 		-1.5 		1.75
v 8 		-1.5 		2
v 8.704 		-2.048 		1.75
v 8.629 		-2.017 		1.75
v 8.629 		-2.017 		2
v 25.674 		-18.733 		1.866
v 8.371 		-2.017 		1.75
v 28.144 		-18.331 		1.819
v 8.371 		-2.017 		2
v 8.296 		-2.048 		1.75
v 8.765 		-2.235 		2
v 8.704 		-2.1875 		1.75
v 8.765 		-2.235 		1.75
v 8.825 		-2.313 		1.75
v 8.825 		-2.313 		2
v 8.7185 		-2.054 		1.75
v 28.044 		-18.34 		1.819
v 8.862 		-2.403 		2
v 8.862 		-2.403 		1.75
v 8.8246 		-2.1236 		1.75
v 8.75 		-2.067 		1.75
v 8.75 		-2.067 		2
v 27.948 		-18.365 		1.819
v 8.875 		-2.5 		2
v 8.875 		-2.5 		1.75
v 8.854 		-2.146 		1.75
v 8.854 		-2.146 		2
v 8.9122 		-2.2226 		1.75
v 8.867 		-2.56 		1.75
v 8.9921 		-2.56 		1.75
v 9 		-2.5 		1.75
v 9 		-2.5 		2
v 25.605 		-18.708 		1.819
v 8.983 		-2.371 		1.75
v 8.983 		-2.371 		2
v 8.933 		-2.25 		1.75
v 8.933 		-2.25 		2
v 8.235 		-2.235 		2
v 8.192 		-2.2909 		1.75
v 8.235 		-2.235 		1.75
v 8.313 		-2.175 		2
v 8.313 		-2.175 		1.75
v 8.403 		-2.138 		2
v 8.403 		-2.138 		1.75
v 8.5 		-2.125 		2
v 8.5 		-2.125 		1.75
v 8.2226 		-2.0878 		1.75
v 8.192 		-2.1111 		1.75
v 8.597 		-2.138 		2
v 8.597 		-2.138 		1.75
v 8.25 		-2.067 		1.75
v 8.25 		-2.067 		2
v 8.688 		-2.175 		2
v 8.688 		-2.175 		1.75
v 8.862 		-2.597 		1.75
v 8.862 		-2.597 		2
v 8.825 		-2.688 		1.75
v 8.825 		-2.688 		2
v 8.765 		-2.765 		1.75
v 8.765 		-2.765 		2
v 8.988 		-2.5913 		1.75
v 8.704 		-2.8125 		1.75
v 25.802 		-18.904 		1.94
v 8.704 		-2.952 		1.75
v 8.75 		-2.933 		1.75
v 8.75 		-2.933 		2
v 8.854 		-2.854 		1.75
v 8.854 		-2.854 		2
v 25.807 		-18.845 		1.94
v 8.933 		-2.75 		1.75
v 8.933 		-2.75 		2
v 8.983 		-2.629 		1.75
v 8.983 		-2.629 		2
v 8.5 		-2.875 		1.75
v 8.403 		-2.862 		1.75
v 8.403 		-2.862 		2
v 8.5 		-2.875 		2
v 8.313 		-2.825 		1.75
v 28.144 		-18.262 		1.766
v 8.313 		-2.825 		2
v 8.235 		-2.765 		1.75
v 8.235 		-2.765 		2
v 8.192 		-2.7098 		1.75
v 8.192 		-2.8889 		1.75
v 8.2226 		-2.9122 		1.75
v 8.688 		-2.825 		1.75
v 8.688 		-2.825 		2
v 28.485 		-19.84 		1.087
v 8.597 		-2.862 		1.75
v 8.597 		-2.862 		2
v 8.629 		-2.983 		1.75
v 8.629 		-2.983 		2
v 8.5 		-3 		2
v 8.5 		-3 		1.75
v 25.721 		-18.904 		1.906
v 8.25 		-2.933 		1.75
v 8.25 		-2.933 		2
v 28.642 		-19.767 		1.087
v 8.371 		-2.983 		1.75
v 8.371 		-2.983 		2
v 8.175 		-2.688 		2
v 8.175 		-2.688 		1.75
v 8.138 		-2.597 		2
v 8.138 		-2.597 		1.75
v 8.125 		-2.5 		2
v 8.125 		-2.5 		1.75
v 8.0878 		-2.7774 		1.75
v 8.146 		-2.854 		1.75
v 8.146 		-2.854 		2
v 25.728 		-18.831 		1.906
v 8.138 		-2.403 		1.75
v 8.138 		-2.403 		2
v 8.0311 		-2.6631 		1.75
v 8.067 		-2.75 		1.75
v 8.067 		-2.75 		2
v 8.175 		-2.313 		1.75
v 8.175 		-2.313 		2
v 8.017 		-2.629 		1.75
v 8.017 		-2.629 		2
v 8.146 		-2.146 		1.75
v 8.146 		-2.146 		2
v 8.067 		-2.25 		1.75
v 8.067 		-2.25 		2
v 25.644 		-18.904 		1.866
v 8.017 		-2.371 		1.75
v 8.017 		-2.371 		2
v 8 		-2.5 		1.75
v 8 		-2.5 		2
v 25.652 		-18.818 		1.866
v 9.5 		1 		1.75
v 11 		1 		1.75
v 11 		1 		2
v 28.318 		-19.889 		1
v 28.16 		-19.9026 		1
v 28.4833 		-19.8447 		1
v 28.486 		-19.844 		1
v 28.644 		-19.77 		1
v 28.672 		-19.7504 		1
v 28.044 		-19.469 		1.819
v 25.889 		-18.949 		1.966
v 10.265 		8.765 		2
v 10.24 		8.7845 		1.75
v 10.265 		8.765 		1.75
v 10.325 		8.688 		2
v 10.325 		8.688 		1.75
v 28.144 		-19.478 		1.819
v 10.362 		8.597 		2
v 10.362 		8.597 		1.75
v 25.901 		-18.993 		1.966
v 10.3246 		8.8764 		1.75
v 10.25 		8.933 		1.75
v 10.25 		8.933 		2
v 10.24 		8.9371 		1.75
v 10.375 		8.5 		2
v 10.375 		8.5 		1.75
v 25.92 		-19.034 		1.966
v 10.354 		8.854 		1.75
v 10.354 		8.854 		2
v 10.4122 		8.7774 		1.75
v 10.362 		8.403 		1.75
v 10.362 		8.403 		2
v 10.433 		8.75 		1.75
v 10.433 		8.75 		2
v 10.4689 		8.6631 		1.75
v 10.325 		8.313 		1.75
v 10.325 		8.313 		2
v 10.483 		8.629 		1.75
v 10.483 		8.629 		2
v 10.265 		8.235 		1.75
v 10.265 		8.235 		2
v 10.488 		8.4087 		1.75
v 10.5 		8.5 		1.75
v 10.5 		8.5 		2
v 10.24 		8.2155 		1.75
v 10.3889 		8.192 		1.75
v 10.433 		8.25 		1.75
v 10.433 		8.25 		2
v 27.924 		-19.508 		1.766
v 10.483 		8.371 		1.75
v 10.483 		8.371 		2
v 9.735 		8.765 		2
v 9.6875 		8.704 		1.75
v 9.735 		8.765 		1.75
v 9.813 		8.825 		2
v 9.813 		8.825 		1.75
v 9.554 		8.7185 		1.75
v 9.548 		8.704 		1.75
v 28.032 		-19.537 		1.766
v 9.903 		8.862 		2
v 9.903 		8.862 		1.75
v 9.6236 		8.8246 		1.75
v 9.567 		8.75 		1.75
v 9.567 		8.75 		2
v 25.882 		-19.124 		1.94
v 10 		8.875 		2
v 10 		8.875 		1.75
v 9.7226 		8.9122 		1.75
v 9.646 		8.854 		1.75
v 9.646 		8.854 		2
v 10.097 		8.862 		1.75
v 10.097 		8.862 		2
v 28.144 		-19.547 		1.766
v 9.8355 		8.9683 		1.75
v 9.75 		8.933 		1.75
v 9.75 		8.933 		2
v 10.188 		8.825 		1.75
v 10.188 		8.825 		2
v 9.871 		8.983 		1.75
v 9.871 		8.983 		2
v 10.129 		8.983 		1.75
v 10.129 		8.983 		2
v 25.807 		-18.964 		1.94
v 10 		9 		1.75
v 10 		9 		2
v 9.735 		8.235 		2
v 9.7909 		8.192 		1.75
v 9.735 		8.235 		1.75
v 28.021 		-19.601 		1.707
v 9.675 		8.313 		2
v 9.675 		8.313 		1.75
v 9.638 		8.403 		2
v 9.638 		8.403 		1.75
v 9.625 		8.5 		2
v 25.823 		-19.021 		1.94
v 9.625 		8.5 		1.75
v 9.5878 		8.2226 		1.75
v 9.6111 		8.192 		1.75
v 9.638 		8.597 		2
v 9.638 		8.597 		1.75
v 9.5317 		8.3355 		1.75
v 9.567 		8.25 		1.75
v 9.567 		8.25 		2
v 28.144 		-19.611 		1.707
v 9.675 		8.688 		2
v 9.675 		8.688 		1.75
v 9.517 		8.371 		1.75
v 9.517 		8.371 		2
v 9.517 		8.629 		1.75
v 9.517 		8.629 		2
v 9.5 		8.5 		1.75
v 9.5 		8.5 		2
v 25.728 		-18.978 		1.906
v 10.2098 		8.192 		1.75
v 10 		8.125 		1.75
v 9.903 		8.138 		1.75
v 9.903 		8.138 		2
v 10 		8.125 		2
v 28.011 		-19.659 		1.643
v 9.813 		8.175 		1.75
v 9.813 		8.175 		2
v 25.747 		-19.049 		1.906
v 28.144 		-19.67 		1.643
v 9.646 		8.146 		1.75
v 6.567 		6.75 		2
v 9.646 		8.146 		2
v 6.903 		6.862 		2
v 9.7226 		8.0878 		1.75
v 6.646 		6.854 		2
v 7 		6.875 		2
v 10.188 		8.175 		1.75
v 10.188 		8.175 		2
v 6.75 		6.933 		2
v 7.097 		6.862 		2
v 10.097 		8.138 		1.75
v 10.097 		8.138 		2
v 10.3764 		8.1754 		1.75
v 6.871 		6.983 		2
v 7.129 		6.983 		2
v 6.813 		6.175 		2
v 10 		8 		2
v 10 		8 		1.75
v 10.129 		8.017 		1.75
v 10.129 		8.017 		2
v 6.735 		6.235 		2
v 10.25 		8.067 		1.75
v 10.25 		8.067 		2
v 10.354 		8.146 		1.75
v 6.675 		6.313 		2
v 10.354 		8.146 		2
v 6.638 		6.403 		2
v 9.75 		8.067 		1.75
v 9.75 		8.067 		2
v 6.625 		6.5 		2
v 6.646 		6.146 		2
v 9.871 		8.017 		1.75
v 9.871 		8.017 		2
v 6.567 		6.25 		2
v 6.638 		6.597 		2
v 10.265 		7.765 		2
v 10.24 		7.7845 		1.75
v 10.265 		7.765 		1.75
v 6.5 		6.5 		2
v 6.517 		6.371 		2
v 28.002 		-19.711 		1.574
v 10.325 		7.688 		2
v 10.325 		7.688 		1.75
v 6.517 		6.629 		2
v 10.362 		7.597 		2
v 10.362 		7.597 		1.75
v 10.3246 		7.8764 		1.75
v 7 		6.125 		2
v 10.25 		7.933 		1.75
v 6.903 		6.138 		2
v 10.25 		7.933 		2
v 10.24 		7.9371 		1.75
v 10.375 		7.5 		2
v 10.375 		7.5 		1.75
v 7.097 		6.138 		2
v 10.354 		7.854 		1.75
v 10.354 		7.854 		2
v 10.4122 		7.7774 		1.75
v 6.75 		6.067 		2
v 6.871 		6.017 		2
v 7 		6 		2
v 7.129 		6.017 		2
v 7.25 		6.067 		2
v 10.362 		7.403 		1.75
v 10.362 		7.403 		2
v 10.433 		7.75 		1.75
v 10.433 		7.75 		2
v 10.4689 		7.6631 		1.75
v 7.188 		5.825 		2
v 7.265 		5.765 		2
v 10.325 		7.313 		1.75
v 10.325 		7.313 		2
v 7.325 		5.688 		2
v 10.483 		7.629 		1.75
v 10.483 		7.629 		2
v 10.4954 		7.5346 		1.75
v 7.354 		5.854 		2
v 7.25 		5.933 		2
v 7.433 		5.75 		2
v 10.265 		7.235 		1.75
v 10.265 		7.235 		2
v 7.362 		5.597 		2
v 10.5 		7.5 		1.75
v 10.5 		7.5 		2
v 7.375 		5.5 		2
v 7.362 		5.403 		2
v 7.483 		5.629 		2
v 7.325 		5.313 		2
v 7.5 		5.5 		2
v 7.265 		5.235 		2
v 7.483 		5.371 		2
v 7.188 		5.175 		2
v 28.144 		-19.724 		1.574
v 7.354 		5.146 		2
v 7.433 		5.25 		2
v 6.675 		5.688 		2
v 6.735 		5.765 		2
v 6.813 		5.825 		2
v 6.567 		5.75 		2
v 6.903 		5.862 		2
v 7.325 		5.313 		1.75
v 7.362 		5.403 		1.75
v 7.375 		5.5 		1.75
v 7.362 		5.597 		1.75
v 7.168 		5.1669 		1.75
v 7.188 		5.175 		1.75
v 7.265 		5.235 		1.75
v 7.483 		5.629 		1.75
v 7.4954 		5.5346 		1.75
v 7.5 		5.5 		1.75
v 27.823 		-19.461 		1.766
v 7.483 		5.371 		1.75
v 7.4452 		5.2796 		1.75
v 7.354 		5.146 		1.75
v 7.3198 		5.12 		1.75
v 7.433 		5.25 		1.75
v 27.79 		-19.517 		1.707
v 6.813 		5.825 		1.75
v 6.735 		5.765 		1.75
v 6.675 		5.688 		1.75
v 6.6522 		5.632 		1.75
v 7.097 		5.862 		1.75
v 7 		5.875 		1.75
v 6.903 		5.862 		1.75
v 6.5182 		5.632 		1.75
v 6.554 		5.7185 		1.75
v 6.567 		5.75 		1.75
v 6.6236 		5.8246 		1.75
v 26.144 		-19.87 		1.259
v 6.646 		5.854 		1.75
v 27.902 		-19.569 		1.707
v 6.7226 		5.9122 		1.75
v 26.312 		-19.856 		1.259
v 6.75 		5.933 		1.75
v 6.8355 		5.9683 		1.75
v 7.129 		5.983 		1.75
v 26.144 		-19.889 		1.174
v 6.871 		5.983 		1.75
v 27.652 		-19.491 		1.643
v 6.638 		5.597 		1.75
v 26.315 		-19.874 		1.174
v 6.625 		5.5 		1.75
v 6.638 		5.403 		1.75
v 6.675 		5.313 		1.75
v 6.735 		5.235 		1.75
v 6.813 		5.175 		1.75
v 6.903 		5.138 		1.75
v 7 		5.125 		1.75
v 7.097 		5.138 		1.75
v 6.6802 		5.12 		1.75
v 6.6754 		5.1236 		1.75
v 27.761 		-19.568 		1.643
v 6.646 		5.146 		1.75
v 6.5878 		5.2226 		1.75
v 6.567 		5.25 		1.75
v 6.5317 		5.3355 		1.75
v 6.517 		5.629 		1.75
v 26.144 		-19.901 		1.087
v 6.517 		5.371 		1.75
v 27.882 		-19.624 		1.643
v 7.129 		5.017 		1.75
v 7 		5 		1.75
v 7.25 		5.067 		1.75
v 26.317 		-19.885 		1.087
v 6.75 		5.067 		1.75
v 6.871 		5.017 		1.75
v 7.325 		4.688 		1.75
v 7.265 		4.765 		1.75
v 7.188 		4.825 		1.75
v 7.168 		4.8331 		1.75
v 7.3575 		4.608 		1.75
v 7.2204 		4.9452 		1.75
v 7.483 		4.629 		1.75
v 7.4858 		4.608 		1.75
v 27.734 		-19.614 		1.574
v 7.433 		4.75 		1.75
v 7.354 		4.854 		1.75
v 7.25 		4.933 		1.75
v 7.325 		4.313 		1.75
v 7.362 		4.403 		1.75
v 7.375 		4.5 		1.75
v 7.362 		4.597 		1.75
v 7.168 		4.1669 		1.75
v 7.188 		4.175 		1.75
v 7.265 		4.235 		1.75
v 27.864 		-19.674 		1.574
v 7.4954 		4.5346 		1.75
v 26.112 		-19.9012 		1
v 26.144 		-19.904 		1
v 7.483 		4.371 		1.75
v 7.4452 		4.2796 		1.75
v 26.318 		-19.889 		1
v 7.354 		4.146 		1.75
v 7.2882 		4.096 		1.75
v 26.422 		-19.8611 		1
v 7.433 		4.25 		1.75
v 11.5 		6.875 		2
v 11.5 		6.875 		1.75
v 26.044 		-19.469 		1.819
v 11.597 		6.862 		2
v 11.597 		6.862 		1.75
v 11.3355 		6.9683 		1.75
v 6.813 		4.825 		1.75
v 11.264 		6.9388 		1.75
v 6.735 		4.765 		1.75
v 6.675 		4.688 		1.75
v 6.6425 		4.608 		1.75
v 7.097 		4.862 		1.75
v 7 		4.875 		1.75
v 6.903 		4.862 		1.75
v 11.688 		6.825 		2
v 11.688 		6.825 		1.75
v 6.517 		4.629 		1.75
v 6.554 		4.7185 		1.75
v 11.371 		6.983 		1.75
v 6.5142 		4.608 		1.75
v 28.032 		-18.271 		1.766
v 11.371 		6.983 		2
v 6.567 		4.75 		1.75
v 6.6236 		4.8246 		1.75
v 11.765 		6.765 		2
v 11.765 		6.765 		1.75
v 6.646 		4.854 		1.75
v 11.5913 		6.988 		1.75
v 6.7226 		4.9122 		1.75
v 27.924 		-18.3 		1.766
v 6.75 		4.933 		1.75
v 6.8355 		4.9683 		1.75
v 11.825 		6.688 		2
v 11.825 		6.688 		1.75
v 11.7204 		6.9452 		1.75
v 11.629 		6.983 		1.75
v 11.629 		6.983 		2
v 7.129 		4.983 		1.75
v 6.871 		4.983 		1.75
v 11.838 		6.656 		1.75
v 11.9718 		6.656 		1.75
v 11.933 		6.75 		1.75
v 11.933 		6.75 		2
v 11.854 		6.854 		1.75
v 11.854 		6.854 		2
v 11.75 		6.933 		1.75
v 11.75 		6.933 		2
v 28.144 		-18.197 		1.707
v 6.638 		4.597 		1.75
v 6.625 		4.5 		1.75
v 6.638 		4.403 		1.75
v 6.675 		4.313 		1.75
v 6.735 		4.235 		1.75
v 6.813 		4.175 		1.75
v 6.903 		4.138 		1.75
v 7 		4.125 		1.75
v 7.097 		4.138 		1.75
v 11.313 		6.175 		2
v 6.7118 		4.096 		1.75
v 11.3884 		6.144 		1.75
v 6.6754 		4.1236 		1.75
v 11.313 		6.175 		1.75
v 6.646 		4.146 		1.75
v 6.5878 		4.2226 		1.75
v 11.862 		6.597 		1.75
v 11.862 		6.597 		2
v 28.021 		-18.208 		1.707
v 11.875 		6.5 		1.75
v 6.567 		4.25 		1.75
v 11.875 		6.5 		2
v 6.5317 		4.3355 		1.75
v 11.862 		6.403 		1.75
v 11.862 		6.403 		2
v 11.825 		6.313 		1.75
v 11.825 		6.313 		2
v 6.517 		4.371 		1.75
v 11.983 		6.629 		1.75
v 11.983 		6.629 		2
v 11.9954 		6.5346 		1.75
v 7.129 		4.017 		1.75
v 7 		4 		1.75
v 11.765 		6.235 		1.75
v 11.765 		6.235 		2
v 7.25 		4.067 		1.75
v 12 		6.5 		1.75
v 12 		6.5 		2
v 6.75 		4.067 		1.75
v 11.688 		6.175 		1.75
v 11.688 		6.175 		2
v 6.871 		4.017 		1.75
v 11.9452 		6.2796 		1.75
v 11.983 		6.371 		1.75
v 11.983 		6.371 		2
v 7.325 		3.688 		1.75
v 7.265 		3.765 		1.75
v 7.188 		3.825 		1.75
v 11.6118 		6.144 		1.75
v 7.168 		3.8331 		1.75
v 7.3637 		3.584 		1.75
v 7.362 		3.597 		1.75
v 11.8514 		6.144 		1.75
v 11.854 		6.146 		1.75
v 11.854 		6.146 		2
v 7.168 		3.9669 		1.75
v 7.2204 		3.9452 		1.75
v 11.933 		6.25 		1.75
v 11.933 		6.25 		2
v 7.25 		3.933 		1.75
v 7.3246 		3.8764 		1.75
v 11.175 		6.688 		2
v 11.162 		6.656 		1.75
v 11.175 		6.688 		1.75
v 7.483 		3.629 		1.75
v 7.4889 		3.584 		1.75
v 11.235 		6.765 		2
v 11.235 		6.765 		1.75
v 7.433 		3.75 		1.75
v 7.354 		3.854 		1.75
v 11.25 		6.933 		1.75
v 11.25 		6.933 		2
v 11.146 		6.854 		1.75
v 11.146 		6.854 		2
v 7.325 		3.313 		1.75
v 7.362 		3.403 		1.75
v 7.375 		3.5 		1.75
v 7.168 		3.1669 		1.75
v 11.067 		6.75 		1.75
v 7.188 		3.175 		1.75
v 11.067 		6.75 		2
v 7.265 		3.235 		1.75
v 11.0282 		6.656 		1.75
v 7.4954 		3.5346 		1.75
v 11.235 		6.235 		2
v 11.235 		6.235 		1.75
v 11.175 		6.313 		2
v 7.483 		3.371 		1.75
v 11.175 		6.313 		1.75
v 7.4452 		3.2796 		1.75
v 11.138 		6.403 		2
v 11.138 		6.403 		1.75
v 7.354 		3.146 		1.75
v 7.2566 		3.072 		1.75
v 11.125 		6.5 		2
v 11.125 		6.5 		1.75
v 7.433 		3.25 		1.75
v 11.0878 		6.2226 		1.75
v 11.146 		6.146 		1.75
v 11.146 		6.146 		2
v 11.1486 		6.144 		1.75
v 11.138 		6.597 		2
v 11.138 		6.597 		1.75
v 7.097 		3.862 		1.75
v 7 		3.875 		1.75
v 6.903 		3.862 		1.75
v 6.813 		3.825 		1.75
v 6.735 		3.765 		1.75
v 11.0317 		6.3355 		1.75
v 6.675 		3.688 		1.75
v 11.067 		6.25 		1.75
v 6.656 		3.6413 		1.75
v 11.067 		6.25 		2
v 6.656 		3.8616 		1.75
v 6.7226 		3.9122 		1.75
v 27.857 		-18.408 		1.819
v 6.75 		3.933 		1.75
v 6.8355 		3.9683 		1.75
v 11.017 		6.629 		1.75
v 11.017 		6.629 		2
v 7.129 		3.983 		1.75
v 11 		6.5 		1.75
v 11 		6.5 		2
v 11.017 		6.371 		1.75
v 11.017 		6.371 		2
v 6.871 		3.983 		1.75
v 11.5 		6.125 		1.75
v 11.403 		6.138 		1.75
v 11.403 		6.138 		2
v 11.5 		6.125 		2
v 6.638 		3.597 		1.75
v 6.6363 		3.584 		1.75
v 6.646 		3.854 		1.75
v 11.2226 		6.0878 		1.75
v 6.567 		3.75 		1.75
v 11.597 		6.138 		1.75
v 11.597 		6.138 		2
v 6.517 		3.629 		1.75
v 6.5111 		3.584 		1.75
v 11.5 		6 		2
v 11.5 		6 		1.75
v 11.629 		6.017 		1.75
v 11.629 		6.017 		2
v 11.75 		6.067 		1.75
v 11.75 		6.067 		2
v 6.625 		3.5 		1.75
v 6.638 		3.403 		1.75
v 6.675 		3.313 		1.75
v 6.735 		3.235 		1.75
v 6.813 		3.175 		1.75
v 6.903 		3.138 		1.75
v 7 		3.125 		1.75
v 7.097 		3.138 		1.75
v 11.25 		6.067 		1.75
v 11.25 		6.067 		2
v 6.7226 		3.0878 		1.75
v 11.371 		6.017 		1.75
v 11.371 		6.017 		2
v 6.646 		3.146 		1.75
v 6.5878 		3.2226 		1.75
v 25.924 		-19.508 		1.766
v 11.313 		5.825 		2
v 11.313 		5.825 		1.75
v 6.517 		3.371 		1.75
v 11.403 		5.862 		2
v 11.403 		5.862 		1.75
v 6.567 		3.25 		1.75
v 11.5 		5.875 		2
v 11.5 		5.875 		1.75
v 11.597 		5.862 		2
v 11.597 		5.862 		1.75
v 6.7434 		3.072 		1.75
v 11.3355 		5.9683 		1.75
v 11.264 		5.9388 		1.75
v 7.129 		3.017 		1.75
v 7 		3 		1.75
v 26.032 		-19.537 		1.766
v 11.688 		5.825 		2
v 11.688 		5.825 		1.75
v 7.25 		3.067 		1.75
v 11.371 		5.983 		1.75
v 11.371 		5.983 		2
v 6.75 		3.067 		1.75
v 11.765 		5.765 		2
v 11.765 		5.765 		1.75
v 11.5913 		5.988 		1.75
v 6.871 		3.017 		1.75
v 7.325 		2.688 		1.75
v 7.265 		2.765 		1.75
v 7.188 		2.825 		1.75
v 7.168 		2.8331 		1.75
v 11.825 		5.688 		2
v 7.367 		2.56 		1.75
v 7.362 		2.597 		1.75
v 11.825 		5.688 		1.75
v 11.7204 		5.9452 		1.75
v 7.168 		2.9669 		1.75
v 11.629 		5.983 		1.75
v 7.2204 		2.9452 		1.75
v 11.629 		5.983 		2
v 7.25 		2.933 		1.75
v 7.3246 		2.8764 		1.75
v 11.8478 		5.632 		1.75
v 7.483 		2.629 		1.75
v 7.4921 		2.56 		1.75
v 11.9818 		5.632 		1.75
v 11.933 		5.75 		1.75
v 11.933 		5.75 		2
v 7.433 		2.75 		1.75
v 11.854 		5.854 		1.75
v 11.854 		5.854 		2
v 7.354 		2.854 		1.75
v 11.75 		5.933 		1.75
v 26.021 		-19.601 		1.707
v 11.75 		5.933 		2
v 7.325 		2.313 		1.75
v 7.362 		2.403 		1.75
v 11.862 		5.597 		1.75
v 7.375 		2.5 		1.75
v 11.862 		5.597 		2
v 7.168 		2.1669 		1.75
v 7.188 		2.175 		1.75
v 7.265 		2.235 		1.75
v 11.875 		5.5 		1.75
v 11.875 		5.5 		2
v 7.4954 		2.5346 		1.75
v 11.862 		5.403 		1.75
v 11.862 		5.403 		2
v 11.825 		5.313 		1.75
v 11.825 		5.313 		2
v 7.483 		2.371 		1.75
v 7.4452 		2.2796 		1.75
v 11.983 		5.629 		1.75
v 11.983 		5.629 		2
v 11.9954 		5.5346 		1.75
v 7.25 		2.067 		1.75
v 7.204 		2.048 		1.75
v 11.776 		5.2493 		1.75
v 7.354 		2.146 		1.75
v 11.8198 		5.12 		1.75
v 11.854 		5.146 		1.75
v 7.433 		2.25 		1.75
v 11.854 		5.146 		2
v 11.933 		5.25 		1.75
v 11.933 		5.25 		2
v 11.983 		5.371 		1.75
v 11.983 		5.371 		2
v 26.011 		-19.659 		1.643
v 7.097 		2.862 		1.75
v 7 		2.875 		1.75
v 6.903 		2.862 		1.75
v 6.813 		2.825 		1.75
v 12 		5.5 		1.75
v 6.735 		2.765 		1.75
v 12 		5.5 		2
v 6.675 		2.688 		1.75
v 6.656 		2.6413 		1.75
v 6.656 		2.8616 		1.75
v 6.7226 		2.9122 		1.75
v 11.5 		5.125 		1.75
v 11.403 		5.138 		1.75
v 11.403 		5.138 		2
v 11.5 		5.125 		2
v 6.75 		2.933 		1.75
v 6.8355 		2.9683 		1.75
v 11.313 		5.175 		2
v 11.313 		5.175 		1.75
v 7.129 		2.983 		1.75
v 26.002 		-19.711 		1.574
v 11.765 		5.235 		1.75
v 11.765 		5.235 		2
v 6.871 		2.983 		1.75
v 11.688 		5.175 		1.75
v 11.688 		5.175 		2
v 11.597 		5.138 		1.75
v 11.597 		5.138 		2
v 6.638 		2.597 		1.75
v 6.633 		2.56 		1.75
v 6.646 		2.854 		1.75
v 11.175 		5.688 		2
v 11.1522 		5.632 		1.75
v 11.175 		5.688 		1.75
v 6.567 		2.75 		1.75
v 11.235 		5.765 		2
v 11.235 		5.765 		1.75
v 6.517 		2.629 		1.75
v 6.5079 		2.56 		1.75
v 11.25 		5.933 		1.75
v 11.25 		5.933 		2
v 11.146 		5.854 		1.75
v 11.146 		5.854 		2
v 6.625 		2.5 		1.75
v 6.638 		2.403 		1.75
v 6.675 		2.313 		1.75
v 11.067 		5.75 		1.75
v 6.735 		2.235 		1.75
v 11.067 		5.75 		2
v 6.813 		2.175 		1.75
v 6.903 		2.138 		1.75
v 7 		2.125 		1.75
v 7.097 		2.138 		1.75
v 11.0182 		5.632 		1.75
v 6.7226 		2.0878 		1.75
v 11.235 		5.235 		2
v 11.235 		5.235 		1.75
v 6.646 		2.146 		1.75
v 6.5878 		2.2226 		1.75
v 11.175 		5.313 		2
v 11.175 		5.313 		1.75
v 11.138 		5.403 		2
v 11.138 		5.403 		1.75
v 25.994 		-19.757 		1.5
v 6.517 		2.371 		1.75
v 11.1754 		5.1236 		1.75
v 11.1802 		5.12 		1.75
v 6.567 		2.25 		1.75
v 11.125 		5.5 		2
v 11.125 		5.5 		1.75
v 11.0878 		5.2226 		1.75
v 11.146 		5.146 		1.75
v 11.146 		5.146 		2
v 6.75 		2.067 		1.75
v 6.796 		2.048 		1.75
v 11.138 		5.597 		2
v 11.138 		5.597 		1.75
v 7.129 		2.017 		1.75
v 7 		2 		1.75
v 11.0317 		5.3355 		1.75
v 11.067 		5.25 		1.75
v 11.067 		5.25 		2
v 6.871 		2.017 		1.75
v 11.017 		5.629 		1.75
v 11.017 		5.629 		2
v 11 		5.5 		1.75
v 11 		5.5 		2
v 25.987 		-19.797 		1.423
v 7.325 		1.688 		1.75
v 7.265 		1.765 		1.75
v 7.188 		1.825 		1.75
v 7.168 		1.8331 		1.75
v 7.3702 		1.536 		1.75
v 7.362 		1.597 		1.75
v 11.017 		5.371 		1.75
v 11.017 		5.371 		2
v 7.2204 		1.9452 		1.75
v 7.25 		1.933 		1.75
v 7.3246 		1.8764 		1.75
v 11.5 		5 		1.75
v 11.629 		5.017 		1.75
v 11.629 		5.017 		2
v 11.75 		5.067 		1.75
v 11.75 		5.067 		2
v 25.981 		-19.83 		1.342
v 7.483 		1.629 		1.75
v 7.4953 		1.536 		1.75
v 7.433 		1.75 		1.75
v 11.25 		5.067 		1.75
v 11.25 		5.067 		2
v 7.354 		1.854 		1.75
v 11.371 		5.017 		1.75
v 11.371 		5.017 		2
v 7.265 		1.235 		1.75
v 11.776 		4.7509 		1.75
v 7.325 		1.313 		1.75
v 7.362 		1.403 		1.75
v 11.825 		4.688 		1.75
v 7.375 		1.5 		1.75
v 11.825 		4.688 		2
v 7.168 		1.1669 		1.75
v 7.188 		1.175 		1.75
v 11.8575 		4.608 		1.75
v 7.4954 		1.5346 		1.75
v 11.9858 		4.608 		1.75
v 11.983 		4.629 		1.75
v 11.983 		4.629 		2
v 11.933 		4.75 		1.75
v 11.933 		4.75 		2
v 7.483 		1.371 		1.75
v 7.4452 		1.2796 		1.75
v 11.854 		4.854 		1.75
v 11.854 		4.854 		2
v 11.776 		4.9132 		1.75
v 7.25 		1.067 		1.75
v 7.168 		1.0331 		1.75
v 11.313 		4.825 		2
v 11.313 		4.825 		1.75
v 7.354 		1.146 		1.75
v 11.403 		4.862 		2
v 11.403 		4.862 		1.75
v 7.433 		1.25 		1.75
v 11.5 		4.875 		2
v 11.5 		4.875 		1.75
v 11.597 		4.862 		2
v 11.597 		4.862 		1.75
v 7.097 		1.862 		1.75
v 11.3355 		4.9683 		1.75
v 7 		1.875 		1.75
v 11.264 		4.9388 		1.75
v 6.903 		1.862 		1.75
v 6.813 		1.825 		1.75
v 6.735 		1.765 		1.75
v 6.675 		1.688 		1.75
v 6.656 		1.6413 		1.75
v 6.656 		1.8616 		1.75
v 11.688 		4.825 		1.75
v 6.7226 		1.9122 		1.75
v 11.371 		4.983 		1.75
v 11.371 		4.983 		2
v 6.75 		1.933 		1.75
v 7.129 		1.983 		1.75
v 11.765 		4.765 		1.75
v 11.5913 		4.988 		1.75
v 6.871 		1.983 		1.75
v 6.638 		1.597 		1.75
v 6.6298 		1.536 		1.75
v 11.75 		4.933 		1.75
v 6.646 		1.854 		1.75
v 11.629 		4.983 		1.75
v 6.567 		1.75 		1.75
v 6.517 		1.629 		1.75
v 11.862 		4.597 		1.75
v 6.5047 		1.536 		1.75
v 11.875 		4.5 		1.75
v 11.862 		4.403 		1.75
v 6.625 		1.5 		1.75
v 6.638 		1.403 		1.75
v 6.675 		1.313 		1.75
v 6.735 		1.235 		1.75
v 6.813 		1.175 		1.75
v 6.903 		1.138 		1.75
v 7 		1.125 		1.75
v 7.097 		1.138 		1.75
v 11.825 		4.313 		1.75
v 6.7226 		1.0878 		1.75
v 11.9954 		4.5346 		1.75
v 6.646 		1.146 		1.75
v 6.5878 		1.2226 		1.75
v 11.776 		4.2493 		1.75
v 11.7882 		4.096 		1.75
v 11.854 		4.146 		1.75
v 11.933 		4.25 		1.75
v 6.517 		1.371 		1.75
v 27.994 		-19.757 		1.5
v 11.983 		4.371 		1.75
v 6.567 		1.25 		1.75
v 12 		4.5 		1.75
v 7.1459 		1.024 		1.75
v 6.75 		1.067 		1.75
v 11.5 		4.125 		1.75
v 11.403 		4.138 		1.75
v 6.8541 		1.024 		1.75
v 11.313 		4.175 		1.75
v 28.144 		-19.77 		1.5
v 7.129 		1.017 		1.75
v 7 		1 		1.75
v 11.765 		4.235 		1.75
v 11.688 		4.175 		1.75
v 6.871 		1.017 		1.75
v 11.597 		4.138 		1.75
v 7.325 		0.688 		1.75
v 7.265 		0.765 		1.75
v 7.188 		0.825 		1.75
v 7.3734 		0.512 		1.75
v 7.362 		0.597 		1.75
v 11.1425 		4.608 		1.75
v 11.175 		4.688 		1.75
v 7.168 		0.9669 		1.75
v 7.2204 		0.9452 		1.75
v 11.235 		4.765 		1.75
v 27.987 		-19.797 		1.423
v 7.25 		0.933 		1.75
v 7.3246 		0.8764 		1.75
v 11.25 		4.933 		1.75
v 7.483 		0.629 		1.75
v 28.144 		-19.811 		1.423
v 7.4984 		0.512 		1.75
v 11.146 		4.854 		1.75
v 7.433 		0.75 		1.75
v 11.067 		4.75 		1.75
v 7.354 		0.854 		1.75
v 11.017 		4.629 		1.75
v 11.0142 		4.608 		1.75
v 7.097 		0.862 		1.75
v 7 		0.875 		1.75
v 6.903 		0.862 		1.75
v 6.813 		0.825 		1.75
v 6.735 		0.765 		1.75
v 6.675 		0.688 		1.75
v 11.235 		4.235 		1.75
v 6.656 		0.6413 		1.75
v 6.656 		0.8616 		1.75
v 11.175 		4.313 		1.75
v 6.7226 		0.9122 		1.75
v 11.138 		4.403 		1.75
v 6.75 		0.933 		1.75
v 6.8355 		0.9683 		1.75
v 11.1754 		4.1236 		1.75
v 11.2118 		4.096 		1.75
v 7.129 		0.983 		1.75
v 11.125 		4.5 		1.75
v 11.0878 		4.2226 		1.75
v 11.146 		4.146 		1.75
v 6.871 		0.983 		1.75
v 27.981 		-19.83 		1.342
v 6.638 		0.597 		1.75
v 6.6266 		0.512 		1.75
v 11.138 		4.597 		1.75
v 11.0317 		4.3355 		1.75
v 11.067 		4.25 		1.75
v 6.646 		0.854 		1.75
v 6.567 		0.75 		1.75
v 6.517 		0.629 		1.75
v 6.5016 		0.512 		1.75
v 28.144 		-19.844 		1.342
v 11 		4.5 		1.75
v 11.017 		4.371 		1.75
v 7.188 		0.175 		1.75
v 7.265 		0.235 		1.75
v 7.325 		0.313 		1.75
v 7.362 		0.403 		1.75
v 7.375 		0.5 		1.75
v 7.5 		0.5 		1.75
v 11.5 		4 		1.75
v 11.629 		4.017 		1.75
v 11.75 		4.067 		1.75
v 7.483 		0.371 		1.75
v 7.4452 		0.2796 		1.75
v 6.646 		5.854 		2
v 7 		5.875 		2
v 11.25 		4.067 		1.75
v 6.75 		5.933 		2
v 7.097 		5.862 		2
v 11.371 		4.017 		1.75
v 6.871 		5.983 		2
v 11.776 		3.7509 		1.75
v 7.129 		5.983 		2
v 11.825 		3.688 		1.75
v 7 		5.125 		2
v 6.903 		5.138 		2
v 11.862 		3.597 		1.75
v 11.8246 		3.8764 		1.75
v 6.813 		5.175 		2
v 11.8637 		3.584 		1.75
v 6.735 		5.235 		2
v 11.9889 		3.584 		1.75
v 11.983 		3.629 		1.75
v 6.675 		5.313 		2
v 11.933 		3.75 		1.75
v 6.638 		5.403 		2
v 11.854 		3.854 		1.75
v 6.646 		5.146 		2
v 6.625 		5.5 		2
v 6.567 		5.25 		2
v 11.264 		3.7873 		1.75
v 11.313 		3.825 		1.75
v 6.638 		5.597 		2
v 11.403 		3.862 		1.75
v 6.5 		5.5 		2
v 6.517 		5.371 		2
v 11.5 		3.875 		1.75
v 6.517 		5.629 		2
v 27.711 		-19.654 		1.5
v 11.597 		3.862 		1.75
v 7.097 		5.138 		2
v 11.264 		3.9388 		1.75
v 11.688 		3.825 		1.75
v 11.4687 		3.9959 		1.75
v 11.371 		3.983 		1.75
v 27.848 		-19.718 		1.5
v 6.75 		5.067 		2
v 6.871 		5.017 		2
v 7 		5 		2
v 7.129 		5.017 		2
v 7.25 		5.067 		2
v 7.188 		4.825 		2
v 11.765 		3.765 		1.75
v 7.265 		4.765 		2
v 11.5913 		3.988 		1.75
v 7.325 		4.688 		2
v 27.691 		-19.689 		1.423
v 7.354 		4.854 		2
v 7.25 		4.933 		2
v 11.75 		3.933 		1.75
v 7.483 		4.629 		2
v 7.433 		4.75 		2
v 11.629 		3.983 		1.75
v 7.362 		4.597 		2
v 27.834 		-19.756 		1.423
v 7.375 		4.5 		2
v 11.5 		3.125 		1.75
v 11.403 		3.138 		1.75
v 7.362 		4.403 		2
v 11.313 		3.175 		1.75
v 11.264 		3.2127 		1.75
v 11.875 		3.5 		1.75
v 27.674 		-19.718 		1.342
v 11.862 		3.403 		1.75
v 11.825 		3.313 		1.75
v 11.9954 		3.5346 		1.75
v 25.652 		-18.991 		1.866
v 11.765 		3.235 		1.75
v 12 		3.5 		1.75
v 27.823 		-19.787 		1.342
v 11.688 		3.175 		1.75
v 11.9452 		3.2796 		1.75
v 11.983 		3.371 		1.75
v 11.597 		3.138 		1.75
v 11.933 		3.25 		1.75
v 11.8764 		3.1754 		1.75
v 11.854 		3.146 		1.75
v 11.7566 		3.072 		1.75
v 11.1363 		3.584 		1.75
v 11.138 		3.597 		1.75
v 11.175 		3.688 		1.75
v 11.235 		3.765 		1.75
v 11.0124 		3.5937 		1.75
v 11.0111 		3.584 		1.75
v 7.325 		4.313 		2
v 7.265 		4.235 		2
v 7.483 		4.371 		2
v 11.25 		3.933 		1.75
v 7.188 		4.175 		2
v 11.146 		3.854 		1.75
v 7.354 		4.146 		2
v 7.433 		4.25 		2
v 11.067 		3.75 		1.75
v 27.976 		-19.856 		1.259
v 11.017 		3.629 		1.75
v 6.675 		4.688 		2
v 6.735 		4.765 		2
v 11.235 		3.235 		1.75
v 6.517 		4.629 		2
v 11.175 		3.313 		1.75
v 6.813 		4.825 		2
v 11.138 		3.403 		1.75
v 6.567 		4.75 		2
v 28.144 		-19.87 		1.259
v 6.903 		4.862 		2
v 11.1754 		3.1236 		1.75
v 11.2434 		3.072 		1.75
v 6.646 		4.854 		2
v 7 		4.875 		2
v 11.125 		3.5 		1.75
v 6.75 		4.933 		2
v 11.0878 		3.2226 		1.75
v 11.146 		3.146 		1.75
v 7.097 		4.862 		2
v 6.871 		4.983 		2
v 7.129 		4.983 		2
v 11 		3.5 		1.75
v 7 		4.125 		2
v 6.903 		4.138 		2
v 27.973 		-19.874 		1.174
v 11.017 		3.371 		1.75
v 6.813 		4.175 		2
v 11.067 		3.25 		1.75
v 6.735 		4.235 		2
v 6.675 		4.313 		2
v 11.5 		3 		1.75
v 11.629 		3.017 		1.75
v 28.144 		-19.889 		1.174
v 6.638 		4.403 		2
v 11.75 		3.067 		1.75
v 6.646 		4.146 		2
v 6.625 		4.5 		2
v 27.823 		-18.348 		1.766
v 11.25 		3.067 		1.75
v 6.567 		4.25 		2
v 6.638 		4.597 		2
v 11.371 		3.017 		1.75
v 6.5 		4.5 		2
v 6.517 		4.371 		2
v 11.776 		2.7509 		1.75
v 11.825 		2.688 		1.75
v 7.097 		4.138 		2
v 11.862 		2.597 		1.75
v 27.731 		-18.412 		1.766
v 11.8246 		2.8764 		1.75
v 11.867 		2.56 		1.75
v 6.75 		4.067 		2
v 6.871 		4.017 		2
v 7 		4 		2
v 7.129 		4.017 		2
v 7.25 		4.067 		2
v 11.9921 		2.56 		1.75
v 11.983 		2.629 		1.75
v 11.933 		2.75 		1.75
v 7.188 		3.825 		2
v 11.854 		2.854 		1.75
v 7.265 		3.765 		2
v 7.325 		3.688 		2
v 11.264 		2.7873 		1.75
v 11.313 		2.825 		1.75
v 7.25 		3.933 		2
v 7.362 		3.597 		2
v 11.403 		2.862 		1.75
v 27.902 		-18.24 		1.707
v 7.433 		3.75 		2
v 7.354 		3.854 		2
v 11.5 		2.875 		1.75
v 7.483 		3.629 		2
v 11.597 		2.862 		1.75
v 7.375 		3.5 		2
v 11.264 		2.9388 		1.75
v 7.362 		3.403 		2
v 27.79 		-18.292 		1.707
v 11.688 		2.825 		1.75
v 7.325 		3.313 		2
v 11.4687 		2.9959 		1.75
v 11.371 		2.983 		1.75
v 7.265 		3.235 		2
v 7.483 		3.371 		2
v 7.188 		3.175 		2
v 11.765 		2.765 		1.75
v 11.5913 		2.988 		1.75
v 7.354 		3.146 		2
v 7.433 		3.25 		2
v 27.689 		-18.363 		1.707
v 11.75 		2.933 		1.75
v 11.629 		2.983 		1.75
v 25.848 		-19.075 		1.94
v 11.875 		2.5 		1.75
v 11.862 		2.403 		1.75
v 11.825 		2.313 		1.75
v 11.9954 		2.5346 		1.75
v 25.778 		-19.116 		1.906
v 11.776 		2.2493 		1.75
v 11.776 		2.0868 		1.75
v 11.854 		2.146 		1.75
v 11.933 		2.25 		1.75
v 11.983 		2.371 		1.75
v 12 		2.5 		1.75
v 25.82 		-19.176 		1.906
v 11.5 		2.125 		1.75
v 11.403 		2.138 		1.75
v 11.313 		2.175 		1.75
v 11.264 		2.2127 		1.75
v 11.765 		2.235 		1.75
v 11.688 		2.175 		1.75
v 11.597 		2.138 		1.75
v 27.882 		-18.185 		1.643
v 25.674 		-19.075 		1.866
v 11.75 		2.067 		1.75
v 11.704 		2.048 		1.75
v 11.296 		2.048 		1.75
v 27.761 		-18.241 		1.643
v 11.133 		2.56 		1.75
v 11.138 		2.597 		1.75
v 25.711 		-19.154 		1.866
v 11.175 		2.688 		1.75
v 11.235 		2.765 		1.75
v 11.0124 		2.5937 		1.75
v 11.0079 		2.56 		1.75
v 27.652 		-18.318 		1.643
v 11.25 		2.933 		1.75
v 11.146 		2.854 		1.75
v 11.067 		2.75 		1.75
v 11.017 		2.629 		1.75
v 11.235 		2.235 		1.75
v 11.175 		2.313 		1.75
v 11.138 		2.403 		1.75
v 11.25 		2.067 		1.75
v 11.1754 		2.1236 		1.75
v 27.734 		-18.195 		1.574
v 11.125 		2.5 		1.75
v 11.0878 		2.2226 		1.75
v 11.146 		2.146 		1.75
v 25.605 		-19.101 		1.819
v 11 		2.5 		1.75
v 11.017 		2.371 		1.75
v 25.647 		-19.191 		1.819
v 11.067 		2.25 		1.75
v 11.5 		2 		1.75
v 11.629 		2.017 		1.75
v 11.371 		2.017 		1.75
v 11.776 		1.7509 		1.75
v 11.825 		1.688 		1.75
v 11.862 		1.597 		1.75
v 28.144 		-17.908 		1.087
v 11.8246 		1.8764 		1.75
v 11.776 		1.9132 		1.75
v 11.8702 		1.536 		1.75
v 28.144 		-17.92 		1.174
v 11.9953 		1.536 		1.75
v 11.983 		1.629 		1.75
v 11.933 		1.75 		1.75
v 11.854 		1.854 		1.75
v 11.264 		1.7873 		1.75
v 11.313 		1.825 		1.75
v 11.403 		1.862 		1.75
v 28.144 		-18.038 		1.5
v 11.5 		1.875 		1.75
v 11.597 		1.862 		1.75
v 11.3355 		1.9683 		1.75
v 11.688 		1.825 		1.75
v 11.4687 		1.9959 		1.75
v 11.371 		1.983 		1.75
v 27.994 		-18.052 		1.5
v 11.765 		1.765 		1.75
v 11.5913 		1.988 		1.75
v 25.872 		-19.228 		1.906
v 11.75 		1.933 		1.75
v 11.629 		1.983 		1.75
v 11.875 		1.5 		1.75
v 11.862 		1.403 		1.75
v 28.144 		-17.998 		1.423
v 11.825 		1.313 		1.75
v 11.9954 		1.5346 		1.75
v 11.776 		1.2493 		1.75
v 11.854 		1.146 		1.75
v 27.987 		-18.012 		1.423
v 11.933 		1.25 		1.75
v 11.983 		1.371 		1.75
v 12 		1.5 		1.75
v 25.976 		-19.856 		1.259
v 11.5 		1.125 		1.75
v 11.403 		1.138 		1.75
v 11.313 		1.175 		1.75
v 11.264 		1.2127 		1.75
v 11.765 		1.235 		1.75
v 11.688 		1.175 		1.75
v 11.597 		1.138 		1.75
v 11.75 		1.067 		1.75
v 11.6459 		1.024 		1.75
v 28.144 		-17.965 		1.342
v 25.973 		-19.874 		1.174
v 11.264 		1.0612 		1.75
v 11.3541 		1.024 		1.75
v 11.1298 		1.536 		1.75
v 11.138 		1.597 		1.75
v 11.175 		1.688 		1.75
v 27.981 		-17.979 		1.342
v 11.235 		1.765 		1.75
v 11.0124 		1.5937 		1.75
v 11.0047 		1.536 		1.75
v 11.25 		1.933 		1.75
v 25.971 		-19.885 		1.087
v 11.146 		1.854 		1.75
v 11.067 		1.75 		1.75
v 11.017 		1.629 		1.75
v 11.235 		1.235 		1.75
v 11.175 		1.313 		1.75
v 11.138 		1.403 		1.75
v 11.25 		1.067 		1.75
v 11.1754 		1.1236 		1.75
v 25.9638 		-19.8873 		1
v 25.97 		-19.889 		1
v 11.125 		1.5 		1.75
v 11.0878 		1.2226 		1.75
v 25.922 		-19.8761 		1
v 11.146 		1.146 		1.75
v 27.848 		-18.091 		1.5
v 11 		1.5 		1.75
v 25.922 		-21 		1
v 26.422 		16.451 		2
v 26.422 		16.451 		1
v 11.017 		1.371 		1.75
v 26.422 		-16.549 		1
v 26.422 		-16.549 		2
v 27.711 		-18.154 		1.5
v 11.067 		1.25 		1.75
v 11.5 		1 		1.75
v 27.422 		16.451 		2
v 11.629 		1.017 		1.75
v 27.422 		-16.549 		2
v 11.371 		1.017 		1.75
v 27.834 		-18.053 		1.423
v 11.776 		0.7509 		1.75
v 11.825 		0.688 		1.75
v 11.862 		0.597 		1.75
v 11.8246 		0.8764 		1.75
v 11.776 		0.9133 		1.75
v 11.8734 		0.512 		1.75
v 27.691 		-18.119 		1.423
v 11.9984 		0.512 		1.75
v 11.983 		0.629 		1.75
v 11.933 		0.75 		1.75
v 11.854 		0.854 		1.75
v 11.264 		0.7873 		1.75
v 11.313 		0.825 		1.75
v 11.403 		0.862 		1.75
v 11.5 		0.875 		1.75
v 11.597 		0.862 		1.75
v 11.3355 		0.9683 		1.75
v 11.688 		0.825 		1.75
v 11.4687 		0.9959 		1.75
v 11.371 		0.983 		1.75
v 27.823 		-18.021 		1.342
v 11.765 		0.765 		1.75
v 11.5913 		0.988 		1.75
v 11.75 		0.933 		1.75
v 27.674 		-18.091 		1.342
v 11.629 		0.983 		1.75
v 11.1266 		0.512 		1.75
v 11.138 		0.597 		1.75
v 11.175 		0.688 		1.75
v 11.235 		0.765 		1.75
v 11.0124 		0.5937 		1.75
v 11.0016 		0.512 		1.75
v 11.25 		0.933 		1.75
v 11.146 		0.854 		1.75
v 27.404 		-18.283 		1.259
v 11.067 		0.75 		1.75
v 11.017 		0.629 		1.75
v 11.875 		0.5 		1.75
v 11.862 		0.403 		1.75
v 27.308 		-18.421 		1.259
v 11.825 		0.313 		1.75
v 11.776 		0.2493 		1.75
v 11.854 		0.146 		1.75
v 11.933 		0.25 		1.75
v 11.983 		0.371 		1.75
v 12 		0.5 		1.75
v 11.5 		0.125 		1.75
v 11.403 		0.138 		1.75
v 27.39 		-18.271 		1.174
v 11.313 		0.175 		1.75
v 27.291 		-18.412 		1.174
v 11.264 		0.2127 		1.75
v 11.765 		0.235 		1.75
v 27.971 		-19.885 		1.087
v 11.688 		0.175 		1.75
v 11.597 		0.138 		1.75
v 28.144 		-19.901 		1.087
v 11.629 		0.017 		1.75
v 11.75 		0.067 		1.75
v 11.264 		0.0612 		1.75
v 11.371 		0.017 		1.75
v 11.235 		0.235 		1.75
v 11.175 		0.313 		1.75
v 27.381 		-18.264 		1.087
v 11.138 		0.403 		1.75
v 27.281 		-18.406 		1.087
v 11.25 		0.067 		1.75
v 11.1754 		0.1236 		1.75
v 11.125 		0.5 		1.75
v 11.146 		0.146 		1.75
v 6.675 		3.688 		2
v 6.735 		3.765 		2
v 11 		0.5 		1.75
v 6.813 		3.825 		2
v 11.017 		0.371 		1.75
v 6.903 		3.862 		2
v 7 		3.875 		2
v 6.75 		3.933 		2
v 7.097 		3.862 		2
v 6.871 		3.983 		2
v 27.661 		-19.741 		1.259
v 7.129 		3.983 		2
v 6.638 		3.597 		2
v 27.814 		-19.812 		1.259
v 6.517 		3.629 		2
v 6.646 		3.854 		2
v 6.567 		3.75 		2
v 7 		3.125 		2
v 6.903 		3.138 		2
v 6.813 		3.175 		2
v 27.652 		-19.757 		1.174
v 6.735 		3.235 		2
v 6.675 		3.313 		2
v 6.638 		3.403 		2
v 6.646 		3.146 		2
v 27.807 		-19.83 		1.174
v 6.625 		3.5 		2
v 6.5 		3.5 		2
v 6.517 		3.371 		2
v 6.567 		3.25 		2
v 7.097 		3.138 		2
v 6.75 		3.067 		2
v 6.871 		3.017 		2
v 7 		3 		2
v 7.129 		3.017 		2
v 7.25 		3.067 		2
v 7.188 		2.825 		2
v 7.265 		2.765 		2
v 7.325 		2.688 		2
v 7.25 		2.933 		2
v 7.362 		2.597 		2
v 7.433 		2.75 		2
v 7.354 		2.854 		2
v 7.483 		2.629 		2
v 27.803 		-19.84 		1.087
v 7.375 		2.5 		2
v 7.362 		2.403 		2
v 7.325 		2.313 		2
v 7.265 		2.235 		2
v 7.483 		2.371 		2
v 7.188 		2.175 		2
v 7.25 		0.067 		1.75
v 7.354 		2.146 		2
v 7.168 		0.0331 		1.75
v 7.433 		2.25 		2
v 7.25 		2.067 		2
v 7.354 		0.146 		1.75
v 6.675 		2.688 		2
v 6.735 		2.765 		2
v 6.813 		2.825 		2
v 7.433 		0.25 		1.75
v 6.903 		2.862 		2
v 7 		2.875 		2
v 27.802 		-19.844 		1
v 6.656 		0.3592 		1.75
v 6.675 		0.313 		1.75
v 6.735 		0.235 		1.75
v 6.813 		0.175 		1.75
v 6.903 		0.138 		1.75
v 6.75 		2.933 		2
v 7 		0.125 		1.75
v 7.097 		0.138 		1.75
v 27.648 		-19.7719 		1
v 7.097 		2.862 		2
v 6.7226 		0.0878 		1.75
v 6.656 		0.1384 		1.75
v 27.9638 		-19.8873 		1
v 27.97 		-19.889 		1
v 6.871 		2.983 		2
v 7.129 		0.017 		1.75
v 7 		0 		1.75
v 7.129 		2.983 		2
v 6.638 		2.597 		2
v 6.75 		0.067 		1.75
v 28.144 		-19.904 		1
v 6.517 		2.629 		2
v 6.871 		0.017 		1.75
v 6.646 		2.854 		2
v 6.567 		2.75 		2
v 7 		2.125 		2
v 6.903 		2.138 		2
v 6.625 		0.5 		1.75
v 6.638 		0.403 		1.75
v 27.647 		-18.618 		1.819
v 6.813 		2.175 		2
v 6.646 		0.146 		1.75
v 6.5878 		0.2226 		1.75
v 6.735 		2.235 		2
v 6.675 		2.313 		2
v 6.638 		2.403 		2
v 6.517 		0.371 		1.75
v 6.567 		0.25 		1.75
v 6.646 		2.146 		2
v 6.625 		2.5 		2
v 6.5 		2.5 		2
v 6.517 		2.371 		2
v 6.567 		2.25 		2
v 7.325 		-0.313 		1.75
v 7.265 		-0.235 		1.75
v 7.188 		-0.175 		1.75
v 7.3734 		-0.512 		1.75
v 7.375 		-0.5 		1.75
v 7.362 		-0.403 		1.75
v 7.097 		2.138 		2
v 7.2185 		-0.054 		1.75
v 6.75 		2.067 		2
v 7.25 		-0.067 		1.75
v 7.3246 		-0.1236 		1.75
v 6.871 		2.017 		2
v 7.354 		-0.146 		1.75
v 7 		2 		2
v 7.4122 		-0.2226 		1.75
v 7.129 		2.017 		2
v 7.188 		1.825 		2
v 7.5 		-0.5 		1.75
v 7.4984 		-0.512 		1.75
v 7.265 		1.765 		2
v 7.483 		-0.371 		1.75
v 7.433 		-0.25 		1.75
v 7.325 		1.688 		2
v 7.25 		1.933 		2
v 7.362 		1.597 		2
v 7.433 		1.75 		2
v 7.354 		1.854 		2
v 7.097 		-0.138 		1.75
v 7 		-0.125 		1.75
v 10.24 		7.2155 		1.75
v 6.903 		-0.138 		1.75
v 6.813 		-0.175 		1.75
v 6.735 		-0.235 		1.75
v 6.675 		-0.313 		1.75
v 7.483 		1.629 		2
v 6.656 		-0.3592 		1.75
v 10.3707 		7.168 		1.75
v 10.433 		7.25 		1.75
v 10.433 		7.25 		2
v 7.375 		1.5 		2
v 6.656 		-0.1384 		1.75
v 6.7226 		-0.0878 		1.75
v 7.362 		1.403 		2
v 10.483 		7.371 		1.75
v 10.483 		7.371 		2
v 6.75 		-0.067 		1.75
v 6.8355 		-0.0317 		1.75
v 7.325 		1.313 		2
v 7.129 		-0.017 		1.75
v 7.265 		1.235 		2
v 9.675 		7.688 		2
v 7.483 		1.371 		2
v 9.6717 		7.68 		1.75
v 9.675 		7.688 		1.75
v 7.188 		1.175 		2
v 6.871 		-0.017 		1.75
v 9.735 		7.765 		2
v 7.354 		1.146 		2
v 7.433 		1.25 		2
v 9.735 		7.765 		1.75
v 7.25 		1.067 		2
v 9.813 		7.825 		2
v 6.675 		1.688 		2
v 9.813 		7.825 		1.75
v 6.735 		1.765 		2
v 6.638 		-0.403 		1.75
v 6.625 		-0.5 		1.75
v 9.554 		7.7185 		1.75
v 6.6266 		-0.512 		1.75
v 9.5381 		7.68 		1.75
v 6.813 		1.825 		2
v 6.646 		-0.146 		1.75
v 9.903 		7.862 		2
v 6.903 		1.862 		2
v 9.903 		7.862 		1.75
v 6.567 		-0.25 		1.75
v 9.6236 		7.8246 		1.75
v 9.567 		7.75 		1.75
v 9.567 		7.75 		2
v 7 		1.875 		2
v 6.517 		-0.371 		1.75
v 6.75 		1.933 		2
v 7.097 		1.862 		2
v 6.5016 		-0.512 		1.75
v 10 		7.875 		2
v 10 		7.875 		1.75
v 6.871 		1.983 		2
v 9.7226 		7.9122 		1.75
v 9.646 		7.854 		1.75
v 7.188 		-0.825 		1.75
v 9.646 		7.854 		2
v 7.265 		-0.765 		1.75
v 7.325 		-0.688 		1.75
v 7.129 		1.983 		2
v 7.362 		-0.597 		1.75
v 6.638 		1.597 		2
v 7.488 		-0.5913 		1.75
v 7.483 		-0.629 		1.75
v 7.4452 		-0.7204 		1.75
v 10.097 		7.862 		1.75
v 10.097 		7.862 		2
v 6.517 		1.629 		2
v 9.8355 		7.9683 		1.75
v 9.75 		7.933 		1.75
v 9.75 		7.933 		2
v 6.646 		1.854 		2
v 7.25 		-0.933 		1.75
v 6.567 		1.75 		2
v 7.168 		-0.9669 		1.75
v 7 		1.125 		2
v 6.903 		1.138 		2
v 7.354 		-0.854 		1.75
v 10.188 		7.825 		1.75
v 10.188 		7.825 		2
v 6.813 		1.175 		2
v 7.433 		-0.75 		1.75
v 9.871 		7.983 		1.75
v 9.871 		7.983 		2
v 6.735 		1.235 		2
v 6.675 		1.313 		2
v 6.656 		-0.6413 		1.75
v 6.638 		1.403 		2
v 6.675 		-0.688 		1.75
v 6.735 		-0.765 		1.75
v 6.813 		-0.825 		1.75
v 6.903 		-0.862 		1.75
v 7 		-0.875 		1.75
v 7.097 		-0.862 		1.75
v 10.129 		7.983 		1.75
v 10.129 		7.983 		2
v 6.646 		1.146 		2
v 6.7226 		-0.9122 		1.75
v 6.656 		-0.8616 		1.75
v 6.625 		1.5 		2
v 7.129 		-0.983 		1.75
v 7 		-1 		1.75
v 6.5 		1.5 		2
v 6.517 		1.371 		2
v 6.567 		1.25 		2
v 6.75 		-0.933 		1.75
v 7.097 		1.138 		2
v 9.813 		7.175 		2
v 9.813 		7.175 		1.75
v 6.871 		-0.983 		1.75
v 9.735 		7.235 		2
v 6.75 		1.067 		2
v 9.735 		7.235 		1.75
v 9.675 		7.313 		2
v 9.675 		7.313 		1.75
v 9.638 		7.403 		2
v 6.871 		1.017 		2
v 7 		1 		2
v 9.638 		7.403 		1.75
v 7.129 		1.017 		2
v 7.188 		0.825 		2
v 9.625 		7.5 		2
v 9.625 		7.5 		1.75
v 7.265 		0.765 		2
v 9.5878 		7.2226 		1.75
v 9.6293 		7.168 		1.75
v 7.325 		0.688 		2
v 9.638 		7.597 		2
v 9.638 		7.597 		1.75
v 7.25 		0.933 		2
v 7.362 		0.597 		2
v 9.5317 		7.3355 		1.75
v 9.567 		7.25 		1.75
v 9.567 		7.25 		2
v 7.433 		0.75 		2
v 7.354 		0.854 		2
v 7.483 		0.629 		2
v 6.675 		0.688 		2
v 6.735 		0.765 		2
v 9.517 		7.629 		1.75
v 9.517 		7.629 		2
v 6.813 		0.825 		2
v 9.5 		7.5 		1.75
v 9.5 		7.5 		2
v 6.903 		0.862 		2
v 9.517 		7.371 		1.75
v 9.517 		7.371 		2
v 7 		0.875 		2
v 6.75 		0.933 		2
v 7.097 		0.862 		2
v 10.188 		7.175 		2
v 10.188 		7.175 		1.75
v 6.871 		0.983 		2
v 7.129 		0.983 		2
v 10.1708 		7.168 		1.75
v 6.638 		0.597 		2
v 10 		7.125 		1.75
v 9.903 		7.138 		1.75
v 9.903 		7.138 		2
v 10 		7.125 		2
v 6.517 		0.629 		2
v 9.646 		7.146 		1.75
v 9.646 		7.146 		2
v 6.646 		0.854 		2
v 6.567 		0.75 		2
v 7.375 		0.5 		2
v 9.7226 		7.0878 		1.75
v 7.362 		0.403 		2
v 10.097 		7.138 		1.75
v 10.097 		7.138 		2
v 7.325 		0.313 		2
v 28.144 		-17.938 		1.259
v 7.265 		0.235 		2
v 7.5 		0.5 		2
v 10 		7 		2
v 10 		7 		1.75
v 10.129 		7.017 		1.75
v 10.129 		7.017 		2
v 7.483 		0.371 		2
v 7.188 		0.175 		2
v 10.25 		7.067 		1.75
v 10.25 		7.067 		2
v 7.354 		0.146 		2
v 7.433 		0.25 		2
v 10.354 		7.146 		1.75
v 10.354 		7.146 		2
v 7.25 		0.067 		2
v 7 		0.125 		2
v 6.903 		0.138 		2
v 6.813 		0.175 		2
v 9.75 		7.067 		1.75
v 9.75 		7.067 		2
v 27.976 		-17.953 		1.259
v 6.735 		0.235 		2
v 9.871 		7.017 		1.75
v 9.871 		7.017 		2
v 6.675 		0.313 		2
v 10.265 		6.765 		2
v 10.24 		6.7845 		1.75
v 10.265 		6.765 		1.75
v 7.097 		0.138 		2
v 10.325 		6.688 		2
v 10.325 		6.688 		1.75
v 10.338 		6.656 		1.75
v 6.75 		0.067 		2
v 6.871 		0.017 		2
v 7 		0 		2
v 7.129 		0.017 		2
v 10.4718 		6.656 		1.75
v 10.433 		6.75 		1.75
v 10.433 		6.75 		2
v 6.638 		0.403 		2
v 10.354 		6.854 		1.75
v 10.354 		6.854 		2
v 6.625 		0.5 		2
v 10.25 		6.933 		1.75
v 10.25 		6.933 		2
v 6.646 		0.146 		2
v 10.24 		6.9371 		1.75
v 6.5 		0.5 		2
v 6.517 		0.371 		2
v 6.567 		0.25 		2
v 10.362 		6.597 		1.75
v 10.362 		6.597 		2
v 7.188 		-0.175 		2
v 10.375 		6.5 		1.75
v 10.375 		6.5 		2
v 7.265 		-0.235 		2
v 27.973 		-17.935 		1.174
v 10.362 		6.403 		1.75
v 10.362 		6.403 		2
v 7.325 		-0.313 		2
v 10.325 		6.313 		1.75
v 10.325 		6.313 		2
v 7.25 		-0.067 		2
v 7.362 		-0.403 		2
v 10.483 		6.629 		1.75
v 10.483 		6.629 		2
v 10.4954 		6.5346 		1.75
v 7.354 		-0.146 		2
v 7.375 		-0.5 		2
v 7.5 		-0.5 		2
v 7.483 		-0.371 		2
v 7.433 		-0.25 		2
v 10.265 		6.235 		1.75
v 10.265 		6.235 		2
v 10.5 		6.5 		1.75
v 6.638 		-0.597 		1.75
v 10.5 		6.5 		2
v 6.675 		-0.313 		2
v 6.735 		-0.235 		2
v 6.813 		-0.175 		2
v 6.903 		-0.138 		2
v 27.587 		-18.583 		1.766
v 7 		-0.125 		2
v 6.75 		-0.067 		2
v 7.097 		-0.138 		2
v 6.871 		-0.017 		2
v 7.129 		-0.017 		2
v 6.625 		-0.5 		2
v 6.638 		-0.403 		2
v 27.54 		-18.685 		1.766
v 6.5 		-0.5 		2
v 6.646 		-0.146 		2
v 6.567 		-0.25 		2
v 6.517 		-0.371 		2
v 7.362 		-0.597 		2
v 7.325 		-0.688 		2
v 7.265 		-0.765 		2
v 7.483 		-0.629 		2
v 7.188 		-0.825 		2
v 7.354 		-0.854 		2
v 10.24 		6.2155 		1.75
v 7.433 		-0.75 		2
v 7.25 		-0.933 		2
v 10.3514 		6.144 		1.75
v 10.354 		6.146 		1.75
v 10.354 		6.146 		2
v 7 		-0.875 		2
v 6.903 		-0.862 		2
v 10.433 		6.25 		1.75
v 10.433 		6.25 		2
v 6.813 		-0.825 		2
v 6.735 		-0.765 		2
v 10.483 		6.371 		1.75
v 10.483 		6.371 		2
v 6.675 		-0.688 		2
v 9.675 		6.688 		2
v 9.662 		6.656 		1.75
v 9.675 		6.688 		1.75
v 7.097 		-0.862 		2
v 9.735 		6.765 		2
v 9.735 		6.765 		1.75
v 9.813 		6.825 		2
v 9.813 		6.825 		1.75
v 6.75 		-0.933 		2
v 6.871 		-0.983 		2
v 7 		-1 		2
v 7.129 		-0.983 		2
v 9.554 		6.7185 		1.75
v 9.5282 		6.656 		1.75
v 6.638 		-0.597 		2
v 9.903 		6.862 		2
v 9.903 		6.862 		1.75
v 6.517 		-0.629 		2
v 6.567 		-0.75 		2
v 9.6236 		6.8246 		1.75
v 6.646 		-0.854 		2
v 9.567 		6.75 		1.75
v 9.567 		6.75 		2
v 6.871 		-1.017 		2
v 7.129 		-1.017 		2
v 10 		6.875 		2
v 7.188 		-1.175 		2
v 10 		6.875 		1.75
v 9.7226 		6.9122 		1.75
v 7.265 		-1.235 		2
v 9.646 		6.854 		1.75
v 9.646 		6.854 		2
v 7.325 		-1.313 		2
v 7.25 		-1.067 		2
v 7.362 		-1.403 		2
v 10.097 		6.862 		1.75
v 10.097 		6.862 		2
v 7.354 		-1.146 		2
v 9.8355 		6.9683 		1.75
v 9.75 		6.933 		1.75
v 7.375 		-1.5 		2
v 9.75 		6.933 		2
v 7.5 		-1.5 		2
v 7.483 		-1.371 		2
v 7.433 		-1.25 		2
v 10.188 		6.825 		1.75
v 10.188 		6.825 		2
v 7.362 		-1.597 		2
v 9.871 		6.983 		1.75
v 9.871 		6.983 		2
v 7.325 		-1.688 		2
v 7.265 		-1.765 		2
v 7.483 		-1.629 		2
v 7.188 		-1.825 		2
v 10.129 		6.983 		1.75
v 10.129 		6.983 		2
v 7.354 		-1.854 		2
v 7.433 		-1.75 		2
v 7.25 		-1.933 		2
v 6.675 		-1.313 		2
v 6.735 		-1.235 		2
v 9.813 		6.175 		2
v 9.8884 		6.144 		1.75
v 9.813 		6.175 		1.75
v 6.813 		-1.175 		2
v 9.735 		6.235 		2
v 6.903 		-1.138 		2
v 9.735 		6.235 		1.75
v 9.675 		6.313 		2
v 7 		-1.125 		2
v 9.675 		6.313 		1.75
v 9.638 		6.403 		2
v 6.75 		-1.067 		2
v 9.638 		6.403 		1.75
v 7.097 		-1.138 		2
v 9.625 		6.5 		2
v 9.625 		6.5 		1.75
v 9.5878 		6.2226 		1.75
v 9.646 		6.146 		1.75
v 9.646 		6.146 		2
v 6.625 		-1.5 		2
v 6.638 		-1.403 		2
v 9.6486 		6.144 		1.75
v 9.638 		6.597 		2
v 9.638 		6.597 		1.75
v 6.5 		-1.5 		2
v 9.5317 		6.3355 		1.75
v 9.567 		6.25 		1.75
v 9.567 		6.25 		2
v 6.646 		-1.146 		2
v 6.567 		-1.25 		2
v 6.517 		-1.371 		2
v 7 		-1.875 		2
v 6.903 		-1.862 		2
v 6.813 		-1.825 		2
v 6.735 		-1.765 		2
v 27.602 		-18.45 		1.707
v 6.675 		-1.688 		2
v 7.097 		-1.862 		2
v 27.532 		-18.551 		1.707
v 6.75 		-1.933 		2
v 6.871 		-1.983 		2
v 7 		-2 		2
v 7.129 		-1.983 		2
v 6.638 		-1.597 		2
v 6.517 		-1.629 		2
v 6.567 		-1.75 		2
v 6.646 		-1.854 		2
v 6.871 		-2.017 		2
v 7.129 		-2.017 		2
v 27.48 		-18.663 		1.707
v 7.188 		-2.175 		2
v 7.265 		-2.235 		2
v 7.325 		-2.313 		2
v 7.25 		-2.067 		2
v 7.362 		-2.403 		2
v 7.354 		-2.146 		2
v 7.375 		-2.5 		2
v 7.483 		-2.371 		2
v 7.433 		-2.25 		2
v 7.5 		-2.5 		2
v 27.481 		-18.521 		1.643
v 7.362 		-2.597 		2
v 7.325 		-2.688 		2
v 7.265 		-2.765 		2
v 7.483 		-2.629 		2
v 27.424 		-18.642 		1.643
v 7.188 		-2.825 		2
v 7.25 		-2.933 		2
v 7.354 		-2.854 		2
v 7.433 		-2.75 		2
v 6.625 		-2.5 		2
v 6.517 		-0.629 		1.75
v 6.567 		-0.75 		1.75
v 6.646 		-0.854 		1.75
v 7.129 		-1.017 		1.75
v 7.1459 		-1.024 		1.75
v 6.871 		-1.017 		1.75
v 6.8541 		-1.024 		1.75
v 7.325 		-1.313 		1.75
v 7.265 		-1.235 		1.75
v 7.188 		-1.175 		1.75
v 7.168 		-1.1669 		1.75
v 7.3702 		-1.536 		1.75
v 7.375 		-1.5 		1.75
v 7.362 		-1.403 		1.75
v 7.168 		-1.0331 		1.75
v 27.435 		-18.495 		1.574
v 25.894 		-19.337 		1.866
v 7.25 		-1.067 		1.75
v 7.3246 		-1.1236 		1.75
v 7.354 		-1.146 		1.75
v 7.4122 		-1.2226 		1.75
v 7.5 		-1.5 		1.75
v 7.4953 		-1.536 		1.75
v 7.483 		-1.371 		1.75
v 7.433 		-1.25 		1.75
v 7.265 		-1.765 		1.75
v 7.325 		-1.688 		1.75
v 7.362 		-1.597 		1.75
v 7.168 		-1.8331 		1.75
v 7.188 		-1.825 		1.75
v 25.857 		-19.401 		1.819
v 7.488 		-1.5913 		1.75
v 7.483 		-1.629 		1.75
v 7.4452 		-1.7204 		1.75
v 7.25 		-1.933 		1.75
v 7.354 		-1.854 		1.75
v 27.644 		-18.904 		1.866
v 7.433 		-1.75 		1.75
v 7.097 		-1.138 		1.75
v 7 		-1.125 		1.75
v 6.903 		-1.138 		1.75
v 6.813 		-1.175 		1.75
v 6.735 		-1.235 		1.75
v 6.675 		-1.313 		1.75
v 6.656 		-1.3592 		1.75
v 6.656 		-1.1384 		1.75
v 6.7226 		-1.0878 		1.75
v 6.75 		-1.067 		1.75
v 6.8355 		-1.0317 		1.75
v 27.57 		-18.904 		1.819
v 27.605 		-18.708 		1.819
v 6.638 		-1.403 		1.75
v 6.625 		-1.5 		1.75
v 6.6298 		-1.536 		1.75
v 6.646 		-1.146 		1.75
v 6.567 		-1.25 		1.75
v 27.579 		-18.805 		1.819
v 6.517 		-1.371 		1.75
v 6.5047 		-1.536 		1.75
v 6.656 		-1.6413 		1.75
v 6.675 		-1.688 		1.75
v 6.735 		-1.765 		1.75
v 6.813 		-1.825 		1.75
v 6.903 		-1.862 		1.75
v 7 		-1.875 		1.75
v 25.761 		-19.226 		1.866
v 7.097 		-1.862 		1.75
v 6.7226 		-1.9122 		1.75
v 6.656 		-1.8616 		1.75
v 7.129 		-1.983 		1.75
v 7 		-2 		1.75
v 6.75 		-1.933 		1.75
v 6.871 		-1.983 		1.75
v 25.823 		-19.287 		1.866
v 6.638 		-1.597 		1.75
v 6.517 		-1.629 		1.75
v 6.567 		-1.75 		1.75
v 6.646 		-1.854 		1.75
v 7.129 		-2.017 		1.75
v 7.204 		-2.048 		1.75
v 25.705 		-19.273 		1.819
v 6.871 		-2.017 		1.75
v 6.796 		-2.048 		1.75
v 7.367 		-2.56 		1.75
v 7.375 		-2.5 		1.75
v 7.362 		-2.403 		1.75
v 7.325 		-2.313 		1.75
v 7.265 		-2.235 		1.75
v 7.188 		-2.175 		1.75
v 7.168 		-2.1669 		1.75
v 7.2185 		-2.054 		1.75
v 25.775 		-19.344 		1.819
v 7.25 		-2.067 		1.75
v 7.3246 		-2.1236 		1.75
v 7.354 		-2.146 		1.75
v 7.4122 		-2.2226 		1.75
v 7.5 		-2.5 		1.75
v 27.501 		-18.904 		1.766
v 7.4921 		-2.56 		1.75
v 7.483 		-2.371 		1.75
v 7.433 		-2.25 		1.75
v 27.511 		-18.793 		1.766
v 7.168 		-2.8331 		1.75
v 7.188 		-2.825 		1.75
v 7.265 		-2.765 		1.75
v 7.325 		-2.688 		1.75
v 7.362 		-2.597 		1.75
v 7.488 		-2.5913 		1.75
v 7.483 		-2.629 		1.75
v 7.4452 		-2.7204 		1.75
v 7.25 		-2.933 		1.75
v 7.168 		-2.9669 		1.75
v 7.354 		-2.854 		1.75
v 7.433 		-2.75 		1.75
v 6.675 		-2.313 		1.75
v 6.638 		-2.403 		1.75
v 6.625 		-2.5 		1.75
v 6.633 		-2.56 		1.75
v 7.097 		-2.138 		1.75
v 7 		-2.125 		1.75
v 6.903 		-2.138 		1.75
v 6.813 		-2.175 		1.75
v 6.735 		-2.235 		1.75
v 27.437 		-18.904 		1.707
v 6.5079 		-2.56 		1.75
v 6.5046 		-2.5346 		1.75
v 6.5124 		-2.4063 		1.75
v 6.517 		-2.371 		1.75
v 6.554 		-2.2815 		1.75
v 27.448 		-18.782 		1.707
v 25.652 		-19.318 		1.766
v 27.422 		-18.2176 		1
v 27.378 		-18.262 		1
v 27.278 		-18.404 		1
v 27.2649 		-18.432 		1
v 25.731 		-19.397 		1.766
v 25.602 		-19.359 		1.707
v 25.689 		-19.446 		1.707
v 27.579 		-19.004 		1.819
v 6.567 		-2.25 		1.75
v 6.6236 		-2.1754 		1.75
v 6.646 		-2.146 		1.75
v 6.7226 		-2.0878 		1.75
v 27.605 		-19.101 		1.819
v 6.75 		-2.067 		1.75
v 6.638 		-2.597 		1.75
v 6.675 		-2.688 		1.75
v 6.735 		-2.765 		1.75
v 6.813 		-2.825 		1.75
v 6.903 		-2.862 		1.75
v 7 		-2.875 		1.75
v 7.097 		-2.862 		1.75
v 6.7226 		-2.9122 		1.75
v 6.517 		-2.629 		1.75
v 6.567 		-2.75 		1.75
v 27.647 		-19.191 		1.819
v 6.646 		-2.854 		1.75
v 7 		-3 		1.75
v 7.129 		-2.983 		1.75
v 6.8382 		-3 		1.75
v 6.75 		-2.933 		1.75
v 6.871 		-2.983 		1.75
v 5.8125 		8.704 		1.75
v 5.765 		8.765 		1.75
v 25.902 		-19.569 		1.707
v 5.688 		8.825 		1.75
v 5.632 		8.8478 		1.75
v 5.933 		8.75 		1.75
v 5.952 		8.704 		1.75
v 5.854 		8.854 		1.75
v 5.75 		8.933 		1.75
v 5.632 		8.9818 		1.75
v 25.882 		-19.624 		1.643
v 5.825 		8.313 		1.75
v 5.862 		8.403 		1.75
v 5.875 		8.5 		1.75
v 5.862 		8.597 		1.75
v 5.825 		8.688 		1.75
v 5.7098 		8.192 		1.75
v 5.765 		8.235 		1.75
v 5.9689 		8.6631 		1.75
v 5.983 		8.629 		1.75
v 27.511 		-19.016 		1.766
v 25.864 		-19.674 		1.574
v 5.988 		8.4087 		1.75
v 5.933 		8.25 		1.75
v 5.8889 		8.192 		1.75
v 5.983 		8.371 		1.75
v 27.54 		-19.124 		1.766
v 5.597 		8.862 		1.75
v 5.5 		8.875 		1.75
v 5.403 		8.862 		1.75
v 5.313 		8.825 		1.75
v 5.235 		8.765 		1.75
v 5.1875 		8.704 		1.75
v 5.12 		8.8198 		1.75
v 5.1236 		8.8246 		1.75
v 5.146 		8.854 		1.75
v 5.2226 		8.9122 		1.75
v 5.25 		8.933 		1.75
v 5.3355 		8.9683 		1.75
v 5.629 		8.983 		1.75
v 27.448 		-19.027 		1.707
v 5.5 		9 		1.75
v 5.371 		8.983 		1.75
v 25.823 		-19.461 		1.766
v 5.175 		8.688 		1.75
v 5.138 		8.597 		1.75
v 5.125 		8.5 		1.75
v 5.138 		8.403 		1.75
v 5.175 		8.313 		1.75
v 5.235 		8.235 		1.75
v 5.2909 		8.192 		1.75
v 27.48 		-19.146 		1.707
v 5.067 		8.75 		1.75
v 5 		9 		1.75
v 5.017 		8.629 		1.75
v 25.79 		-19.517 		1.707
v 5 		8.5 		1.75
v 5.017 		8.371 		1.75
v 5.067 		8.25 		1.75
v 5.1111 		8.192 		1.75
v 5.313 		8.175 		1.75
v 5.403 		8.138 		1.75
v 5.5 		8.125 		1.75
v 5.597 		8.138 		1.75
v 5.688 		8.175 		1.75
v 5.146 		8.146 		1.75
v 5.2226 		8.0878 		1.75
v 5.8764 		8.1754 		1.75
v 5.629 		8.017 		1.75
v 5.5 		8 		1.75
v 5.75 		8.067 		1.75
v 25.652 		-19.491 		1.643
v 5.854 		8.146 		1.75
v 27.424 		-19.166 		1.643
v 5 		8 		1.75
v 5.25 		8.067 		1.75
v 25.761 		-19.568 		1.643
v 5.371 		8.017 		1.75
v 27.971 		-17.923 		1.087
v 5.825 		7.688 		1.75
v 5.765 		7.765 		1.75
v 5.688 		7.825 		1.75
v 5.632 		7.8478 		1.75
v 27.374 		-18.624 		1.574
v 27.814 		-17.997 		1.259
v 27.661 		-18.068 		1.259
v 27.587 		-19.226 		1.766
v 27.807 		-17.979 		1.174
v 27.532 		-19.258 		1.707
v 27.652 		-18.052 		1.174
v 27.602 		-19.359 		1.707
v 27.481 		-19.287 		1.643
v 27.378 		-18.904 		1.643
v 27.39 		-18.771 		1.643
v 27.557 		-19.397 		1.643
v 27.803 		-17.968 		1.087
v 27.325 		-18.904 		1.574
v 27.337 		-18.762 		1.574
v 27.435 		-19.314 		1.574
v 27.517 		-19.431 		1.574
v 28.144 		-17.904 		1
v 28.1491 		-17.9045 		1
v 27.97 		-17.92 		1
v 27.802 		-17.965 		1
v 27.557 		-18.412 		1.643
v 27.617 		-18.277 		1.574
v 27.517 		-18.378 		1.574
v 27.617 		-19.532 		1.574
v 27.587 		-18.241 		1.5
v 27.481 		-18.348 		1.5
v 27.481 		-19.461 		1.5
v 27.587 		-19.568 		1.5
v 27.561 		-18.21 		1.423
v 27.45 		-18.322 		1.423
v 27.45 		-19.487 		1.423
v 27.561 		-19.599 		1.423
v 27.54 		-18.185 		1.342
v 5.8283 		7.68 		1.75
v 5.632 		7.9818 		1.75
v 5.7204 		7.9452 		1.75
v 5.933 		7.75 		1.75
v 5.9619 		7.68 		1.75
v 27.424 		-18.3 		1.342
v 5.854 		7.854 		1.75
v 5.75 		7.933 		1.75
v 11 		5 		1.75
v 11 		5 		2
v 5.825 		7.313 		1.75
v 5.862 		7.403 		1.75
v 5.875 		7.5 		1.75
v 5.862 		7.597 		1.75
v 5.6708 		7.168 		1.75
v 5.688 		7.175 		1.75
v 5.765 		7.235 		1.75
v 5.9689 		7.6631 		1.75
v 5.983 		7.629 		1.75
v 5.9954 		7.5346 		1.75
v 11 		4 		1.75
v 5.983 		7.371 		1.75
v 5.9452 		7.2796 		1.75
v 5.933 		7.25 		1.75
v 5.8707 		7.168 		1.75
v 5.597 		7.862 		1.75
v 5.5 		7.875 		1.75
v 5.403 		7.862 		1.75
v 5.313 		7.825 		1.75
v 5.235 		7.765 		1.75
v 5.175 		7.688 		1.75
v 5.1717 		7.68 		1.75
v 11 		3.072 		1.75
v 5.12 		7.8198 		1.75
v 5.1236 		7.8246 		1.75
v 5.146 		7.854 		1.75
v 5.2226 		7.9122 		1.75
v 27.523 		-18.164 		1.259
v 5.25 		7.933 		1.75
v 5.3355 		7.9683 		1.75
v 5.629 		7.983 		1.75
v 27.511 		-18.15 		1.174
v 5.371 		7.983 		1.75
v 11 		2.048 		1.75
v 5.138 		7.597 		1.75
v 5.125 		7.5 		1.75
v 9.517 		6.629 		1.75
v 5.138 		7.403 		1.75
v 27.646 		-18.042 		1.087
v 9.517 		6.629 		2
v 5.175 		7.313 		1.75
v 5.235 		7.235 		1.75
v 5.313 		7.175 		1.75
v 5.33 		7.168 		1.75
v 9.5 		6.5 		1.75
v 9.5 		6.5 		2
v 5.1293 		7.168 		1.75
v 5.12 		7.1802 		1.75
v 9.517 		6.371 		1.75
v 9.517 		6.371 		2
v 5.067 		7.75 		1.75
v 5.017 		7.629 		1.75
v 10.188 		6.175 		2
v 10.188 		6.175 		1.75
v 5 		7.5 		1.75
v 27.504 		-18.141 		1.087
v 5.017 		7.371 		1.75
v 10.1118 		6.144 		1.75
v 10 		6.125 		1.75
v 9.903 		6.138 		1.75
v 5.067 		7.25 		1.75
v 9.903 		6.138 		2
v 10 		6.125 		2
v 9.7226 		6.0878 		1.75
v 5.403 		7.138 		1.75
v 5.5 		7.125 		1.75
v 5.597 		7.138 		1.75
v 10.097 		6.138 		1.75
v 10.097 		6.138 		2
v 5.146 		7.146 		1.75
v 10 		6 		2
v 5.2226 		7.0878 		1.75
v 10 		6 		1.75
v 10.129 		6.017 		1.75
v 10.129 		6.017 		2
v 10.25 		6.067 		1.75
v 5.629 		7.017 		1.75
v 10.25 		6.067 		2
v 5.5 		7 		1.75
v 5.75 		7.067 		1.75
v 9.75 		6.067 		1.75
v 9.75 		6.067 		2
v 5.854 		7.146 		1.75
v 9.871 		6.017 		1.75
v 9.871 		6.017 		2
v 5 		7 		1.75
v 5.25 		7.067 		1.75
v 10.265 		5.765 		2
v 10.24 		5.7845 		1.75
v 10.265 		5.765 		1.75
v 5.371 		7.017 		1.75
v 10.325 		5.688 		2
v 10.325 		5.688 		1.75
v 10.3478 		5.632 		1.75
v 5.825 		6.688 		1.75
v 10.4818 		5.632 		1.75
v 5.765 		6.765 		1.75
v 10.433 		5.75 		1.75
v 5.688 		6.825 		1.75
v 10.433 		5.75 		2
v 5.632 		6.8478 		1.75
v 5.838 		6.656 		1.75
v 10.354 		5.854 		1.75
v 10.354 		5.854 		2
v 5.632 		6.9818 		1.75
v 5.7204 		6.9452 		1.75
v 10.25 		5.933 		1.75
v 10.25 		5.933 		2
v 5.933 		6.75 		1.75
v 5.9718 		6.656 		1.75
v 10.24 		5.9371 		1.75
v 5.854 		6.854 		1.75
v 10.362 		5.597 		1.75
v 10.362 		5.597 		2
v 5.75 		6.933 		1.75
v 10.375 		5.5 		1.75
v 10.375 		5.5 		2
v 10.362 		5.403 		1.75
v 10.362 		5.403 		2
v 10.325 		5.313 		1.75
v 10.325 		5.313 		2
v 5.825 		6.313 		1.75
v 5.862 		6.403 		1.75
v 5.875 		6.5 		1.75
v 5.862 		6.597 		1.75
v 10.483 		5.629 		1.75
v 10.483 		5.629 		2
v 5.632 		6.1522 		1.75
v 10.4954 		5.5346 		1.75
v 5.688 		6.175 		1.75
v 5.765 		6.235 		1.75
v 5.983 		6.629 		1.75
v 5.9954 		6.5346 		1.75
v 27.644 		-18.038 		1
v 10.265 		5.235 		1.75
v 10.265 		5.235 		2
v 10.5 		5.5 		1.75
v 10.5 		5.5 		2
v 27.6453 		-18.0374 		1
v 5.983 		6.371 		1.75
v 5.9452 		6.2796 		1.75
v 10.24 		5.2155 		1.75
v 27.501 		-18.138 		1
v 10.3198 		5.12 		1.75
v 10.354 		5.146 		1.75
v 10.354 		5.146 		2
v 5.854 		6.146 		1.75
v 5.8514 		6.144 		1.75
v 10.433 		5.25 		1.75
v 10.433 		5.25 		2
v 5.933 		6.25 		1.75
v 10.483 		5.371 		1.75
v 10.483 		5.371 		2
v 9.675 		5.688 		2
v 9.6522 		5.632 		1.75
v 5.597 		6.862 		1.75
v 9.675 		5.688 		1.75
v 5.5 		6.875 		1.75
v 5.403 		6.862 		1.75
v 5.313 		6.825 		1.75
v 5.235 		6.765 		1.75
v 5.175 		6.688 		1.75
v 5.162 		6.656 		1.75
v 9.735 		5.765 		2
v 9.735 		5.765 		1.75
v 5.12 		6.8198 		1.75
v 5.1236 		6.8246 		1.75
v 9.813 		5.825 		2
v 9.813 		5.825 		1.75
v 5.146 		6.854 		1.75
v 5.2226 		6.9122 		1.75
v 9.554 		5.7185 		1.75
v 9.5182 		5.632 		1.75
v 9.903 		5.862 		2
v 9.903 		5.862 		1.75
v 28.748 		-18.685 		1.766
v 5.25 		6.933 		1.75
v 5.3355 		6.9683 		1.75
v 9.6236 		5.8246 		1.75
v 9.567 		5.75 		1.75
v 9.567 		5.75 		2
v 5.629 		6.983 		1.75
v 10 		5.875 		2
v 10 		5.875 		1.75
v 28.701 		-18.583 		1.766
v 9.7226 		5.9122 		1.75
v 9.646 		5.854 		1.75
v 9.646 		5.854 		2
v 5.371 		6.983 		1.75
v 10.097 		5.862 		1.75
v 10.097 		5.862 		2
v 9.8355 		5.9683 		1.75
v 9.75 		5.933 		1.75
v 9.75 		5.933 		2
v 5.138 		6.597 		1.75
v 5.125 		6.5 		1.75
v 28.808 		-18.663 		1.707
v 5.138 		6.403 		1.75
v 5.175 		6.313 		1.75
v 5.235 		6.235 		1.75
v 5.313 		6.175 		1.75
v 5.6118 		6.144 		1.75
v 10.188 		5.825 		1.75
v 10.188 		5.825 		2
v 5.146 		6.146 		1.75
v 5.12 		6.1802 		1.75
v 9.871 		5.983 		1.75
v 9.871 		5.983 		2
v 5.1486 		6.144 		1.75
v 5.067 		6.75 		1.75
v 28.756 		-18.551 		1.707
v 5.017 		6.629 		1.75
v 6.638 		-2.403 		2
v 5 		6.5 		1.75
v 6.675 		-2.313 		2
v 5.017 		6.371 		1.75
v 6.5 		-2.5 		2
v 6.735 		-2.235 		2
v 5.067 		6.25 		1.75
v 6.517 		-2.371 		2
v 6.813 		-2.175 		2
v 6.567 		-2.25 		2
v 6.903 		-2.138 		2
v 5.403 		6.138 		1.75
v 5.5 		6.125 		1.75
v 5.597 		6.138 		1.75
v 6.646 		-2.146 		2
v 28.686 		-18.45 		1.707
v 7 		-2.125 		2
v 5.2226 		6.0878 		1.75
v 6.75 		-2.067 		2
v 7.097 		-2.138 		2
v 5.629 		6.017 		1.75
v 5.5 		6 		1.75
v 7 		-2.875 		2
v 6.903 		-2.862 		2
v 5.75 		6.067 		1.75
v 6.813 		-2.825 		2
v 6.735 		-2.765 		2
v 5 		6 		1.75
v 6.675 		-2.688 		2
v 5.25 		6.067 		1.75
v 6.638 		-2.597 		2
v 5.371 		6.017 		1.75
v 6.517 		-2.629 		2
v 6.567 		-2.75 		2
v 6.646 		-2.854 		2
v 5.825 		5.688 		1.75
v 5.765 		5.765 		1.75
v 5.688 		5.825 		1.75
v 7.097 		-2.862 		2
v 5.632 		5.8478 		1.75
v 5.8478 		5.632 		1.75
v 5.632 		5.9818 		1.75
v 5.7204 		5.9452 		1.75
v 6.871 		-2.983 		2
v 7 		-3 		2
v 7.129 		-2.983 		2
v 5.933 		5.75 		1.75
v 6.75 		-2.933 		2
v 5.9818 		5.632 		1.75
v 5.688 		8.825 		2
v 5.854 		5.854 		1.75
v 5.765 		8.765 		2
v 5.75 		5.933 		1.75
v 5.75 		8.933 		2
v 5.933 		8.75 		2
v 5.854 		8.854 		2
v 5.597 		5.862 		1.75
v 5.5 		5.875 		1.75
v 5.403 		5.862 		1.75
v 5.313 		5.825 		1.75
v 5.235 		5.765 		1.75
v 5.825 		8.688 		2
v 5.175 		5.688 		1.75
v 5.1522 		5.632 		1.75
v 5.862 		8.597 		2
v 5.12 		5.8198 		1.75
v 5.1236 		5.8246 		1.75
v 5.146 		5.854 		1.75
v 5.2226 		5.9122 		1.75
v 5.875 		8.5 		2
v 28.864 		-18.642 		1.643
v 5.862 		8.403 		2
v 5.983 		8.629 		2
v 5.25 		5.933 		1.75
v 5.3355 		5.9683 		1.75
v 5.825 		8.313 		2
v 6 		8.5 		2
v 5.765 		8.235 		2
v 5.629 		5.983 		1.75
v 5.983 		8.371 		2
v 5.933 		8.25 		2
v 5.371 		5.983 		1.75
v 5.235 		8.765 		2
v 5.313 		8.825 		2
v 5.825 		5.313 		1.75
v 5.862 		5.403 		1.75
v 5.875 		5.5 		1.75
v 5.862 		5.597 		1.75
v 5.403 		8.862 		2
v 5.632 		5.1522 		1.75
v 5.688 		5.175 		1.75
v 5.765 		5.235 		1.75
v 5.146 		8.854 		2
v 5.5 		8.875 		2
v 5.983 		5.629 		1.75
v 5.9954 		5.5346 		1.75
v 27.394 		-18.471 		1.5
v 5.25 		8.933 		2
v 5.597 		8.862 		2
v 5.5 		9 		2
v 5.371 		8.983 		2
v 5.983 		5.371 		1.75
v 5.9452 		5.2796 		1.75
v 5.629 		8.983 		2
v 5.235 		8.235 		2
v 5.854 		5.146 		1.75
v 5.175 		8.313 		2
v 5.8198 		5.12 		1.75
v 27.33 		-18.608 		1.5
v 5.138 		8.403 		2
v 5.933 		5.25 		1.75
v 5.125 		8.5 		2
v 5.138 		8.597 		2
v 5.403 		5.138 		1.75
v 5.5 		5.125 		1.75
v 5.175 		8.688 		2
v 5.597 		5.138 		1.75
v 5.138 		5.597 		1.75
v 5.125 		5.5 		1.75
v 5.138 		5.403 		1.75
v 5.175 		5.313 		1.75
v 5.235 		5.235 		1.75
v 5.313 		5.175 		1.75
v 5.1802 		5.12 		1.75
v 5.1754 		5.1236 		1.75
v 5.146 		5.146 		1.75
v 5.12 		5.1802 		1.75
v 27.359 		-18.451 		1.423
v 5 		8.5 		2
v 5.017 		8.371 		2
v 5.067 		8.25 		2
v 5.067 		8.75 		2
v 5.017 		8.629 		2
v 5.067 		5.75 		1.75
v 5.5 		8.125 		2
v 5.403 		8.138 		2
v 5.313 		8.175 		2
v 5.017 		5.629 		1.75
v 27.292 		-18.594 		1.423
v 5 		5.5 		1.75
v 5.146 		8.146 		2
v 5.017 		5.371 		1.75
v 5.067 		5.25 		1.75
v 5.688 		8.175 		2
v 5.597 		8.138 		2
v 5.629 		5.017 		1.75
v 5.5 		5 		1.75
v 27.33 		-18.435 		1.342
v 5.75 		5.067 		1.75
v 5.25 		8.067 		2
v 5.371 		8.017 		2
v 5.5 		8 		2
v 5.629 		8.017 		2
v 5.75 		8.067 		2
v 5.854 		8.146 		2
v 5.688 		7.825 		2
v 5 		5 		1.75
v 5.25 		5.067 		1.75
v 5.765 		7.765 		2
v 5.371 		5.017 		1.75
v 5.825 		7.688 		2
v 27.261 		-18.583 		1.342
v 5.854 		7.854 		2
v 5.75 		7.933 		2
v 5.825 		4.688 		1.75
v 5.765 		4.765 		1.75
v 5.688 		4.825 		1.75
v 5.632 		4.8478 		1.75
v 5.8575 		4.608 		1.75
v 5.933 		7.75 		2
v 5.632 		4.9818 		1.75
v 5.862 		7.597 		2
v 5.7204 		4.9452 		1.75
v 5.875 		7.5 		2
v 5.983 		4.629 		1.75
v 5.9858 		4.608 		1.75
v 5.933 		4.75 		1.75
v 5.862 		7.403 		2
v 5.854 		4.854 		1.75
v 5.983 		7.629 		2
v 5.825 		7.313 		2
v 5.75 		4.933 		1.75
v 6 		7.5 		2
v 5.765 		7.235 		2
v 5.983 		7.371 		2
v 5.688 		7.175 		2
v 5.597 		4.862 		1.75
v 5.5 		4.875 		1.75
v 5.403 		4.862 		1.75
v 5.313 		4.825 		1.75
v 5.235 		4.765 		1.75
v 5.175 		4.688 		1.75
v 5.1425 		4.608 		1.75
v 5.933 		7.25 		2
v 5.12 		4.8198 		1.75
v 5.1236 		4.8246 		1.75
v 5.175 		7.688 		2
v 5.146 		4.854 		1.75
v 5.2226 		4.9122 		1.75
v 5.235 		7.765 		2
v 5.313 		7.825 		2
v 5.25 		4.933 		1.75
v 5.3355 		4.9683 		1.75
v 5.403 		7.862 		2
v 5.629 		4.983 		1.75
v 5.146 		7.854 		2
v 5.5 		7.875 		2
v 5.25 		7.933 		2
v 5.371 		4.983 		1.75
v 5.597 		7.862 		2
v 5.371 		7.983 		2
v 5.629 		7.983 		2
v 5.825 		4.313 		1.75
v 5.862 		4.403 		1.75
v 5.875 		4.5 		1.75
v 5.862 		4.597 		1.75
v 5.313 		7.175 		2
v 5.632 		4.1522 		1.75
v 5.688 		4.175 		1.75
v 5.765 		4.235 		1.75
v 5.235 		7.235 		2
v 5.9954 		4.5346 		1.75
v 5.175 		7.313 		2
v 27.278 		-18.904 		1.5
v 5.138 		7.403 		2
v 5.983 		4.371 		1.75
v 5.9452 		4.2796 		1.75
v 27.291 		-18.754 		1.5
v 5.125 		7.5 		2
v 5.138 		7.597 		2
v 5.854 		4.146 		1.75
v 5.7882 		4.096 		1.75
v 5.933 		4.25 		1.75
v 5 		7.5 		2
v 5.017 		7.371 		2
v 5.067 		7.25 		2
v 5.067 		7.75 		2
v 5.017 		7.629 		2
v 5.175 		4.313 		1.75
v 5.235 		4.235 		1.75
v 5.5 		7.125 		2
v 5.313 		4.175 		1.75
v 5.403 		7.138 		2
v 5.403 		4.138 		1.75
v 5.5 		4.125 		1.75
v 5.597 		4.138 		1.75
v 5.138 		4.597 		1.75
v 5.125 		4.5 		1.75
v 5.138 		4.403 		1.75
v 27.238 		-18.904 		1.423
v 5.146 		7.146 		2
v 5.2118 		4.096 		1.75
v 5.1754 		4.1236 		1.75
v 27.251 		-18.747 		1.423
v 5.146 		4.146 		1.75
v 5.12 		4.1802 		1.75
v 5.597 		7.138 		2
v 5.067 		4.75 		1.75
v 5.25 		7.067 		2
v 5.371 		7.017 		2
v 5.5 		7 		2
v 5.629 		7.017 		2
v 5.75 		7.067 		2
v 5.854 		7.146 		2
v 5.017 		4.629 		1.75
v 5 		4.5 		1.75
v 5.688 		6.825 		2
v 5.017 		4.371 		1.75
v 5.765 		6.765 		2
v 5.067 		4.25 		1.75
v 5.825 		6.688 		2
v 5.629 		4.017 		1.75
v 5.5 		4 		1.75
v 5.854 		6.854 		2
v 5.75 		6.933 		2
v 5.933 		6.75 		2
v 5.75 		4.067 		1.75
v 27.204 		-18.904 		1.342
v 5.862 		6.597 		2
v 5.875 		6.5 		2
v 28.807 		-18.521 		1.643
v 5 		4 		1.75
v 5.25 		4.067 		1.75
v 5.862 		6.403 		2
v 5.371 		4.017 		1.75
v 5.983 		6.629 		2
v 5.825 		6.313 		2
v 6 		6.5 		2
v 5.765 		6.235 		2
v 5.825 		3.688 		1.75
v 5.765 		3.765 		1.75
v 5.688 		3.825 		1.75
v 5.632 		3.8478 		1.75
v 5.983 		6.371 		2
v 5.8637 		3.584 		1.75
v 5.862 		3.597 		1.75
v 5.688 		6.175 		2
v 5.632 		3.9818 		1.75
v 5.7204 		3.9452 		1.75
v 5.854 		6.146 		2
v 5.933 		6.25 		2
v 5.75 		3.933 		1.75
v 5.8246 		3.8764 		1.75
v 5.175 		6.688 		2
v 5.983 		3.629 		1.75
v 5.9889 		3.584 		1.75
v 5.235 		6.765 		2
v 5.933 		3.75 		1.75
v 5.313 		6.825 		2
v 5.854 		3.854 		1.75
v 5.403 		6.862 		2
v 5.146 		6.854 		2
v 5.5 		6.875 		2
v 5.597 		3.862 		1.75
v 5.5 		3.875 		1.75
v 5.403 		3.862 		1.75
v 5.313 		3.825 		1.75
v 5.235 		3.765 		1.75
v 5.175 		3.688 		1.75
v 5.25 		6.933 		2
v 5.138 		3.597 		1.75
v 5.1363 		3.584 		1.75
v 5.597 		6.862 		2
v 28.914 		-18.624 		1.574
v 5.12 		3.8198 		1.75
v 5.1236 		3.8246 		1.75
v 5.371 		6.983 		2
v 5.146 		3.854 		1.75
v 5.2226 		3.9122 		1.75
v 5.629 		6.983 		2
v 5.313 		6.175 		2
v 5.25 		3.933 		1.75
v 5.235 		6.235 		2
v 5.3355 		3.9683 		1.75
v 5.175 		6.313 		2
v 5.629 		3.983 		1.75
v 28.853 		-18.495 		1.574
v 5.138 		6.403 		2
v 5.371 		3.983 		1.75
v 5.125 		6.5 		2
v 5.146 		6.146 		2
v 5.138 		6.597 		2
v 5.825 		3.313 		1.75
v 5.862 		3.403 		1.75
v 5.875 		3.5 		1.75
v 5.632 		3.1522 		1.75
v 5.688 		3.175 		1.75
v 5.765 		3.235 		1.75
v 5.9954 		3.5346 		1.75
v 5 		6.5 		2
v 5.017 		6.371 		2
v 5.067 		6.25 		2
v 5.067 		6.75 		2
v 5.983 		3.371 		1.75
v 5.017 		6.629 		2
v 5.9452 		3.2796 		1.75
v 5.5 		6.125 		2
v 5.403 		6.138 		2
v 5.854 		3.146 		1.75
v 5.7566 		3.072 		1.75
v 5.933 		3.25 		1.75
v 5.597 		6.138 		2
v 5.25 		6.067 		2
v 5.371 		6.017 		2
v 5.5 		6 		2
v 5.629 		6.017 		2
v 5.75 		6.067 		2
v 5.125 		3.5 		1.75
v 5.138 		3.403 		1.75
v 5.175 		3.313 		1.75
v 5.235 		3.235 		1.75
v 5.313 		3.175 		1.75
v 5.403 		3.138 		1.75
v 5.5 		3.125 		1.75
v 5.597 		3.138 		1.75
v 5.688 		5.825 		2
v 5.2226 		3.0878 		1.75
v 5.765 		5.765 		2
v 5.146 		3.146 		1.75
v 5.12 		3.1802 		1.75
v 5.825 		5.688 		2
v 5.854 		5.854 		2
v 5.75 		5.933 		2
v 5.2434 		3.072 		1.75
v 5.933 		5.75 		2
v 5.067 		3.75 		1.75
v 5.175 		5.688 		2
v 5.017 		3.629 		1.75
v 5.235 		5.765 		2
v 5 		3.5 		1.75
v 5.313 		5.825 		2
v 5.017 		3.371 		1.75
v 5.403 		5.862 		2
v 5.067 		3.25 		1.75
v 27.219 		-18.741 		1.342
v 5.146 		5.854 		2
v 5.5 		5.875 		2
v 5.629 		3.017 		1.75
v 5.5 		3 		1.75
v 5.25 		5.933 		2
v 5.597 		5.862 		2
v 5.75 		3.067 		1.75
v 5.371 		5.983 		2
v 5.629 		5.983 		2
v 5 		3 		1.75
v 5.25 		3.067 		1.75
v 5.862 		5.597 		2
v 5.875 		5.5 		2
v 5.371 		3.017 		1.75
v 5.862 		5.403 		2
v 5.825 		2.688 		1.75
v 5.983 		5.629 		2
v 5.765 		2.765 		1.75
v 5.688 		2.825 		1.75
v 5.632 		2.8478 		1.75
v 5.825 		5.313 		2
v 5.867 		2.56 		1.75
v 5.862 		2.597 		1.75
v 6 		5.5 		2
v 5.632 		2.9818 		1.75
v 5.7204 		2.9452 		1.75
v 5.765 		5.235 		2
v 5.75 		2.933 		1.75
v 5.983 		5.371 		2
v 5.8246 		2.8764 		1.75
v 5.688 		5.175 		2
v 5.983 		2.629 		1.75
v 5.854 		5.146 		2
v 5.9921 		2.56 		1.75
v 5.933 		5.25 		2
v 5.933 		2.75 		1.75
v 5.5 		5.125 		2
v 5.403 		5.138 		2
v 5.854 		2.854 		1.75
v 5.313 		5.175 		2
v 5.235 		5.235 		2
v 5.597 		2.862 		1.75
v 5.5 		2.875 		1.75
v 5.403 		2.862 		1.75
v 5.313 		2.825 		1.75
v 5.235 		2.765 		1.75
v 5.175 		5.313 		2
v 5.175 		2.688 		1.75
v 5.138 		2.597 		1.75
v 5.133 		2.56 		1.75
v 27.178 		-18.904 		1.259
v 5.12 		2.8198 		1.75
v 5.1236 		2.8246 		1.75
v 5.138 		5.403 		2
v 5.146 		2.854 		1.75
v 27.236 		-18.574 		1.259
v 5.2226 		2.9122 		1.75
v 5.146 		5.146 		2
v 5.125 		5.5 		2
v 5.138 		5.597 		2
v 5.25 		2.933 		1.75
v 5.3355 		2.9683 		1.75
v 5.629 		2.983 		1.75
v 5.597 		5.138 		2
v 5.371 		2.983 		1.75
v 27.193 		-18.737 		1.259
v 5 		5.5 		2
v 5.017 		5.371 		2
v 5.067 		5.25 		2
v 5.067 		5.75 		2
v 5.017 		5.629 		2
v 5.825 		2.313 		1.75
v 5.862 		2.403 		1.75
v 5.875 		2.5 		1.75
v 5.632 		2.1522 		1.75
v 5.688 		2.175 		1.75
v 5.765 		2.235 		1.75
v 5.9954 		2.5346 		1.75
v 5.25 		5.067 		2
v 5.371 		5.017 		2
v 5.5 		5 		2
v 5.629 		5.017 		2
v 5.75 		5.067 		2
v 5.688 		4.825 		2
v 5.983 		2.371 		1.75
v 5.9452 		2.2796 		1.75
v 5.765 		4.765 		2
v 5.75 		2.067 		1.75
v 5.704 		2.048 		1.75
v 5.825 		4.688 		2
v 5.854 		2.146 		1.75
v 5.854 		4.854 		2
v 5.933 		2.25 		1.75
v 5.75 		4.933 		2
v 5.983 		4.629 		2
v 5.933 		4.75 		2
v 5.175 		4.688 		2
v 5.125 		2.5 		1.75
v 5.138 		2.403 		1.75
v 5.175 		2.313 		1.75
v 5.235 		2.235 		1.75
v 5.235 		4.765 		2
v 5.313 		2.175 		1.75
v 5.403 		2.138 		1.75
v 5.5 		2.125 		1.75
v 5.597 		2.138 		1.75
v 5.313 		4.825 		2
v 5.2226 		2.0878 		1.75
v 5.403 		4.862 		2
v 5.146 		2.146 		1.75
v 27.159 		-18.904 		1.174
v 5.12 		2.1802 		1.75
v 5.146 		4.854 		2
v 5.5 		4.875 		2
v 27.219 		-18.568 		1.174
v 5.25 		2.067 		1.75
v 5.25 		4.933 		2
v 5.597 		4.862 		2
v 5.296 		2.048 		1.75
v 5.067 		2.75 		1.75
v 5.371 		4.983 		2
v 5.629 		4.983 		2
v 5.017 		2.629 		1.75
v 5.862 		4.597 		2
v 5 		2.5 		1.75
v 5.875 		4.5 		2
v 5.017 		2.371 		1.75
v 5.862 		4.403 		2
v 5.067 		2.25 		1.75
v 27.174 		-18.733 		1.174
v 5.825 		4.313 		2
v 5.629 		2.017 		1.75
v 5.5 		2 		1.75
v 6 		4.5 		2
v 5.765 		4.235 		2
v 5 		2 		1.75
v 5.371 		2.017 		1.75
v 5.825 		1.688 		1.75
v 5.765 		1.765 		1.75
v 5.688 		1.825 		1.75
v 5.632 		1.8478 		1.75
v 5.8702 		1.536 		1.75
v 5.862 		1.597 		1.75
v 5.632 		1.9818 		1.75
v 5.75 		1.933 		1.75
v 5.8246 		1.8764 		1.75
v 5.983 		1.629 		1.75
v 5.9953 		1.536 		1.75
v 5.933 		1.75 		1.75
v 5.854 		1.854 		1.75
v 27.148 		-18.904 		1.087
v 25.617 		-19.532 		1.574
v 27.208 		-18.564 		1.087
v 10.129 		5.983 		1.75
v 10.129 		5.983 		2
v 10 		5.125 		1.75
v 9.903 		5.138 		1.75
v 9.903 		5.138 		2
v 10 		5.125 		2
v 9.813 		5.175 		2
v 9.813 		5.175 		1.75
v 25.734 		-19.614 		1.574
v 27.163 		-18.731 		1.087
v 9.735 		5.235 		2
v 9.735 		5.235 		1.75
v 9.728 		5.2441 		1.75
v 10.188 		5.175 		2
v 10.188 		5.175 		1.75
v 10.097 		5.138 		2
v 10.097 		5.138 		1.75
v 9.675 		5.313 		2
v 9.675 		5.313 		1.75
v 9.638 		5.403 		2
v 9.638 		5.403 		1.75
v 9.6754 		5.1236 		1.75
v 9.6802 		5.12 		1.75
v 9.625 		5.5 		2
v 9.625 		5.5 		1.75
v 9.5878 		5.2226 		1.75
v 9.646 		5.146 		1.75
v 9.646 		5.146 		2
v 9.638 		5.597 		2
v 9.638 		5.597 		1.75
v 9.5317 		5.3355 		1.75
v 9.567 		5.25 		1.75
v 9.567 		5.25 		2
v 9.517 		5.629 		1.75
v 9.517 		5.629 		2
v 9.5 		5.5 		1.75
v 9.5 		5.5 		2
v 9.517 		5.371 		1.75
v 9.517 		5.371 		2
v 10 		5 		2
v 10 		5 		1.75
v 10.129 		5.017 		1.75
v 10.129 		5.017 		2
v 10.25 		5.067 		1.75
v 10.25 		5.067 		2
v 9.75 		5.067 		1.75
v 9.75 		5.067 		2
v 9.871 		5.017 		1.75
v 9.871 		5.017 		2
v 8.765 		8.765 		2
v 8.704 		8.8125 		1.75
v 8.765 		8.765 		1.75
v 8.8125 		8.704 		1.75
v 27.144 		-18.904 		1
v 27.1474 		-18.944 		1
v 8.952 		8.704 		1.75
v 8.933 		8.75 		1.75
v 8.933 		8.75 		2
v 8.854 		8.854 		1.75
v 8.854 		8.854 		2
v 27.204 		-18.562 		1
v 8.75 		8.933 		1.75
v 8.75 		8.933 		2
v 27.2053 		-18.5593 		1
v 8.704 		8.952 		1.75
v 8.235 		8.765 		2
v 8.192 		8.7098 		1.75
v 8.235 		8.765 		1.75
v 8.313 		8.825 		2
v 8.313 		8.825 		1.75
v 27.159 		-18.731 		1
v 8.403 		8.862 		2
v 8.403 		8.862 		1.75
v 8.5 		8.875 		2
v 8.5 		8.875 		1.75
v 8.2226 		8.9122 		1.75
v 8.192 		8.8889 		1.75
v 8.597 		8.862 		2
v 8.597 		8.862 		1.75
v 8.3355 		8.9683 		1.75
v 8.25 		8.933 		1.75
v 8.25 		8.933 		2
v 8.688 		8.825 		2
v 8.688 		8.825 		1.75
v 8.371 		8.983 		1.75
v 8.371 		8.983 		2
v 25.711 		-19.654 		1.5
v 8.629 		8.983 		1.75
v 8.629 		8.983 		2
v 25.848 		-19.718 		1.5
v 8.5 		9 		1.75
v 8.5 		9 		2
v 8.235 		8.235 		2
v 8.2909 		8.192 		1.75
v 8.235 		8.235 		1.75
v 8.192 		8.2909 		1.75
v 8.825 		8.688 		1.75
v 8.825 		8.688 		2
v 25.691 		-19.689 		1.423
v 8.862 		8.597 		1.75
v 8.862 		8.597 		2
v 27.39 		-19.037 		1.643
v 27.424 		-19.508 		1.342
v 8.875 		8.5 		1.75
v 8.875 		8.5 		2
v 8.862 		8.403 		1.75
v 8.862 		8.403 		2
v 25.834 		-19.756 		1.423
v 8.9689 		8.6631 		1.75
v 27.337 		-19.047 		1.574
v 8.825 		8.313 		1.75
v 8.825 		8.313 		2
v 8.983 		8.629 		1.75
v 8.983 		8.629 		2
v 25.674 		-19.718 		1.342
v 27.54 		-19.624 		1.342
v 8.765 		8.235 		1.75
v 8.765 		8.235 		2
v 8.988 		8.4087 		1.75
v 9 		8.5 		1.75
v 9 		8.5 		2
v 27.374 		-19.185 		1.574
v 8.7098 		8.192 		1.75
v 8.8889 		8.192 		1.75
v 8.933 		8.25 		1.75
v 8.933 		8.25 		2
v 8.983 		8.371 		1.75
v 8.983 		8.371 		2
v 25.823 		-19.787 		1.342
v 8.175 		8.313 		2
v 8.175 		8.313 		1.75
v 8.138 		8.403 		2
v 8.138 		8.403 		1.75
v 8.125 		8.5 		2
v 8.125 		8.5 		1.75
v 8.0878 		8.2226 		1.75
v 8.1111 		8.192 		1.75
v 8.138 		8.597 		2
v 8.138 		8.597 		1.75
v 8.0317 		8.3355 		1.75
v 8.067 		8.25 		1.75
v 8.067 		8.25 		2
v 27.523 		-19.644 		1.259
v 8.175 		8.688 		2
v 8.175 		8.688 		1.75
v 8.017 		8.371 		1.75
v 8.017 		8.371 		2
v 27.511 		-19.659 		1.174
v 8.146 		8.854 		1.75
v 8.146 		8.854 		2
v 8.067 		8.75 		1.75
v 8.067 		8.75 		2
v 8.017 		8.629 		1.75
v 8.017 		8.629 		2
v 8 		8.5 		1.75
v 8 		8.5 		2
v 8.5 		8.125 		1.75
v 8.403 		8.138 		1.75
v 8.403 		8.138 		2
v 8.5 		8.125 		2
v 8.313 		8.175 		1.75
v 8.313 		8.175 		2
v 8.146 		8.146 		1.75
v 8.146 		8.146 		2
v 8.2226 		8.0878 		1.75
v 27.291 		-19.055 		1.5
v 8.688 		8.175 		1.75
v 8.688 		8.175 		2
v 8.597 		8.138 		1.75
v 8.597 		8.138 		2
v 27.504 		-19.668 		1.087
v 8.8764 		8.1754 		1.75
v 8.5 		8 		2
v 8.5 		8 		1.75
v 8.629 		8.017 		1.75
v 8.629 		8.017 		2
v 8.75 		8.067 		1.75
v 8.75 		8.067 		2
v 27.646 		-19.767 		1.087
v 8.854 		8.146 		1.75
v 8.854 		8.146 		2
v 27.251 		-19.062 		1.423
v 25.661 		-19.741 		1.259
v 8.25 		8.067 		1.75
v 8.25 		8.067 		2
v 8.371 		8.017 		1.75
v 8.371 		8.017 		2
v 25.814 		-19.812 		1.259
v 8.765 		7.765 		2
v 8.704 		7.8125 		1.75
v 8.765 		7.765 		1.75
v 8.825 		7.688 		1.75
v 8.825 		7.688 		2
v 8.7204 		7.9452 		1.75
v 8.704 		7.952 		1.75
v 8.8283 		7.68 		1.75
v 25.652 		-19.757 		1.174
v 8.9619 		7.68 		1.75
v 8.933 		7.75 		1.75
v 8.933 		7.75 		2
v 8.854 		7.854 		1.75
v 8.854 		7.854 		2
v 27.422 		-19.591 		1
v 27.501 		-19.67 		1
v 27.219 		-19.068 		1.342
v 8.75 		7.933 		1.75
v 8.75 		7.933 		2
v 25.807 		-19.83 		1.174
v 27.644 		-19.77 		1
v 8.235 		7.765 		2
v 8.192 		7.7098 		1.75
v 8.235 		7.765 		1.75
v 8.313 		7.825 		2
v 8.313 		7.825 		1.75
v 8.403 		7.862 		2
v 8.403 		7.862 		1.75
v 28.922 		16.451 		2
v 28.922 		16.451 		1
v 28.922 		-16.549 		1
v 28.922 		-16.549 		2
v 8.5 		7.875 		2
v 8.5 		7.875 		1.75
v 8.2226 		7.9122 		1.75
v 8.192 		7.8889 		1.75
v 8.597 		7.862 		2
v 8.597 		7.862 		1.75
v 8.3355 		7.9683 		1.75
v 8.25 		7.933 		1.75
v 8.25 		7.933 		2
v 8.688 		7.825 		2
v 8.688 		7.825 		1.75
v 25.646 		-19.767 		1.087
v 8.371 		7.983 		1.75
v 8.371 		7.983 		2
v 27.33 		-19.201 		1.5
v 8.629 		7.983 		1.75
v 8.629 		7.983 		2
v 27.394 		-19.337 		1.5
v 25.803 		-19.84 		1.087
v 8.313 		7.175 		2
v 5.597 		1.862 		1.75
v 5.5 		1.875 		1.75
v 5.403 		1.862 		1.75
v 5.313 		1.825 		1.75
v 28.981 		-18.421 		1.259
v 5.235 		1.765 		1.75
v 5.175 		1.688 		1.75
v 5.138 		1.597 		1.75
v 5.1298 		1.536 		1.75
v 5.12 		1.8198 		1.75
v 5.1236 		1.8246 		1.75
v 5.146 		1.854 		1.75
v 5.2226 		1.9122 		1.75
v 5.25 		1.933 		1.75
v 27.292 		-19.214 		1.423
v 5.629 		1.983 		1.75
v 5.371 		1.983 		1.75
v 27.359 		-19.358 		1.423
v 28.997 		-18.412 		1.174
v 5.765 		1.235 		1.75
v 5.825 		1.313 		1.75
v 5.862 		1.403 		1.75
v 5.875 		1.5 		1.75
v 5.632 		1.1522 		1.75
v 5.688 		1.175 		1.75
v 5.9954 		1.5346 		1.75
v 5.983 		1.371 		1.75
v 5.9452 		1.2796 		1.75
v 29.007 		-18.406 		1.087
v 5.75 		1.067 		1.75
v 5.6459 		1.024 		1.75
v 5.854 		1.146 		1.75
v 5.933 		1.25 		1.75
v 5.125 		1.5 		1.75
v 5.138 		1.403 		1.75
v 27.261 		-19.226 		1.342
v 5.175 		1.313 		1.75
v 5.235 		1.235 		1.75
v 5.313 		1.175 		1.75
v 5.403 		1.138 		1.75
v 5.5 		1.125 		1.75
v 5.597 		1.138 		1.75
v 5.2226 		1.0878 		1.75
v 5.146 		1.146 		1.75
v 5.25 		1.067 		1.75
v 27.33 		-19.374 		1.342
v 5.3541 		1.024 		1.75
v 5.067 		1.75 		1.75
v 5.017 		1.629 		1.75
v 29.0231 		-18.432 		1
v 29.01 		-18.404 		1
v 5 		1.5 		1.75
v 5.017 		1.371 		1.75
v 5.067 		1.25 		1.75
v 5.629 		1.017 		1.75
v 5.5 		1 		1.75
v 5 		1 		1.75
v 5.371 		1.017 		1.75
v 5.825 		0.688 		1.75
v 5.765 		0.765 		1.75
v 5.688 		0.825 		1.75
v 5.632 		0.8478 		1.75
v 5.8734 		0.512 		1.75
v 5.862 		0.597 		1.75
v 5.632 		0.9818 		1.75
v 5.7204 		0.9452 		1.75
v 5.75 		0.933 		1.75
v 5.8246 		0.8764 		1.75
v 5.983 		0.629 		1.75
v 5.9984 		0.512 		1.75
v 5.933 		0.75 		1.75
v 28.963 		-18.904 		1.574
v 5.854 		0.854 		1.75
v 27.193 		-19.072 		1.259
v 5.597 		0.862 		1.75
v 5.5 		0.875 		1.75
v 5.403 		0.862 		1.75
v 5.313 		0.825 		1.75
v 5.235 		0.765 		1.75
v 5.175 		0.688 		1.75
v 5.138 		0.597 		1.75
v 28.951 		-18.762 		1.574
v 5.1266 		0.512 		1.75
v 5.12 		0.8198 		1.75
v 5.1236 		0.8246 		1.75
v 5.146 		0.854 		1.75
v 5.2226 		0.9122 		1.75
v 27.236 		-19.235 		1.259
v 5.25 		0.933 		1.75
v 5.3355 		0.9683 		1.75
v 5.629 		0.983 		1.75
v 5.371 		0.983 		1.75
v 27.308 		-19.387 		1.259
v 5.067 		0.75 		1.75
v 5.017 		0.629 		1.75
v 5.0016 		0.512 		1.75
v 5.632 		0.1522 		1.75
v 5.688 		0.175 		1.75
v 5.765 		0.235 		1.75
v 5.825 		0.313 		1.75
v 5.862 		0.403 		1.75
v 5.875 		0.5 		1.75
v 5.983 		0.371 		1.75
v 5.9452 		0.2796 		1.75
v 27.174 		-19.075 		1.174
v 5.75 		0.067 		1.75
v 5.632 		0.0182 		1.75
v 5.854 		0.146 		1.75
v 5.933 		0.25 		1.75
v 28.958 		-18.608 		1.5
v 27.219 		-19.241 		1.174
v 5.125 		0.5 		1.75
v 5.138 		0.403 		1.75
v 5.175 		0.313 		1.75
v 5.235 		0.235 		1.75
v 5.313 		0.175 		1.75
v 5.403 		0.138 		1.75
v 5.5 		0.125 		1.75
v 5.597 		0.138 		1.75
v 5.2226 		0.0878 		1.75
v 5.146 		0.146 		1.75
v 28.996 		-18.594 		1.423
v 5.629 		0.017 		1.75
v 5.5 		0 		1.75
v 27.291 		-19.397 		1.174
v 5.25 		0.067 		1.75
v 5.371 		0.017 		1.75
v 28.929 		-18.451 		1.423
v 5 		0.5 		1.75
v 5 		0 		1.75
v 5.017 		0.371 		1.75
v 5.067 		0.25 		1.75
v 5.825 		-0.313 		1.75
v 5.765 		-0.235 		1.75
v 5.688 		-0.175 		1.75
v 5.632 		-0.1522 		1.75
v 28.718 		-18.904 		1.819
v 5.8734 		-0.512 		1.75
v 5.875 		-0.5 		1.75
v 5.862 		-0.403 		1.75
v 5.632 		-0.0182 		1.75
v 5.7185 		-0.054 		1.75
v 5.75 		-0.067 		1.75
v 5.8246 		-0.1236 		1.75
v 29.027 		-18.583 		1.342
v 28.709 		-18.805 		1.819
v 5.854 		-0.146 		1.75
v 5.9122 		-0.2226 		1.75
v 28.958 		-18.435 		1.342
v 5.9984 		-0.512 		1.75
v 5.983 		-0.371 		1.75
v 5.933 		-0.25 		1.75
v 28.683 		-18.708 		1.819
v 5.597 		-0.138 		1.75
v 5.5 		-0.125 		1.75
v 5.403 		-0.138 		1.75
v 5.313 		-0.175 		1.75
v 5.235 		-0.235 		1.75
v 5.175 		-0.313 		1.75
v 5.138 		-0.403 		1.75
v 5.125 		-0.5 		1.75
v 5.1266 		-0.512 		1.75
v 5.12 		-0.1802 		1.75
v 5.1236 		-0.1754 		1.75
v 5.146 		-0.146 		1.75
v 5.2226 		-0.0878 		1.75
v 8.313 		7.175 		1.75
v 8.235 		7.235 		2
v 8.235 		7.235 		1.75
v 8.192 		7.2909 		1.75
v 8.862 		7.597 		1.75
v 8.862 		7.597 		2
v 25.644 		-19.77 		1
v 8.875 		7.5 		1.75
v 8.875 		7.5 		2
v 25.6 		-19.7392 		1
v 8.862 		7.403 		1.75
v 25.802 		-19.844 		1
v 8.862 		7.403 		2
v 8.9689 		7.6631 		1.75
v 29.01 		-18.904 		1.5
v 8.825 		7.313 		1.75
v 8.825 		7.313 		2
v 8.983 		7.629 		1.75
v 8.983 		7.629 		2
v 8.9954 		7.5346 		1.75
v 25.587 		-18.583 		1.766
v 8.765 		7.235 		1.75
v 8.765 		7.235 		2
v 9 		7.5 		1.75
v 9 		7.5 		2
v 28.997 		-18.754 		1.5
v 28.787 		-18.904 		1.766
v 8.688 		7.175 		1.75
v 8.688 		7.175 		2
v 25.54 		-18.685 		1.766
v 8.9452 		7.2796 		1.75
v 8.983 		7.371 		1.75
v 8.983 		7.371 		2
v 28.777 		-18.793 		1.766
v 8.6708 		7.168 		1.75
v 8.933 		7.25 		1.75
v 8.933 		7.25 		2
v 8.8707 		7.168 		1.75
v 8.175 		7.313 		2
v 8.175 		7.313 		1.75
v 8.138 		7.403 		2
v 8.138 		7.403 		1.75
v 8.125 		7.5 		2
v 8.125 		7.5 		1.75
v 25.532 		-18.551 		1.707
v 8.0878 		7.2226 		1.75
v 8.1293 		7.168 		1.75
v 8.138 		7.597 		2
v 8.138 		7.597 		1.75
v 8.0317 		7.3355 		1.75
v 8.067 		7.25 		1.75
v 8.067 		7.25 		2
v 8.175 		7.688 		2
v 8.175 		7.688 		1.75
v 8.0041 		7.4687 		1.75
v 8.017 		7.371 		1.75
v 8.017 		7.371 		2
v 25.48 		-18.663 		1.707
v 28.851 		-18.904 		1.707
v 8.146 		7.854 		1.75
v 8.146 		7.854 		2
v 8.067 		7.75 		1.75
v 8.067 		7.75 		2
v 8.017 		7.629 		1.75
v 8.017 		7.629 		2
v 8 		7.5 		1.75
v 8 		7.5 		2
v 8.5 		7.125 		1.75
v 8.403 		7.138 		1.75
v 8.403 		7.138 		2
v 8.5 		7.125 		2
v 28.84 		-18.782 		1.707
v 25.481 		-18.521 		1.643
v 8.146 		7.146 		1.75
v 8.146 		7.146 		2
v 8.2226 		7.0878 		1.75
v 8.597 		7.138 		1.75
v 8.597 		7.138 		2
v 25.424 		-18.642 		1.643
v 8.5 		7 		2
v 8.5 		7 		1.75
v 8.629 		7.017 		1.75
v 8.629 		7.017 		2
v 8.75 		7.067 		1.75
v 8.75 		7.067 		2
v 8.854 		7.146 		1.75
v 8.854 		7.146 		2
v 8.25 		7.067 		1.75
v 8.25 		7.067 		2
v 8.371 		7.017 		1.75
v 8.371 		7.017 		2
v 8.765 		6.765 		2
v 8.704 		6.8125 		1.75
v 8.765 		6.765 		1.75
v 8.825 		6.688 		1.75
v 8.825 		6.688 		2
v 8.7204 		6.9452 		1.75
v 8.704 		6.952 		1.75
v 28.91 		-18.904 		1.643
v 8.838 		6.656 		1.75
v 25.435 		-18.495 		1.574
v 8.9718 		6.656 		1.75
v 8.933 		6.75 		1.75
v 8.933 		6.75 		2
v 8.854 		6.854 		1.75
v 8.854 		6.854 		2
v 8.75 		6.933 		1.75
v 8.75 		6.933 		2
v 25.374 		-18.624 		1.574
v 8.235 		6.765 		2
v 8.192 		6.7098 		1.75
v 8.235 		6.765 		1.75
v 28.898 		-18.771 		1.643
v 8.313 		6.825 		2
v 8.313 		6.825 		1.75
v 8.403 		6.862 		2
v 8.403 		6.862 		1.75
v 8.5 		6.875 		2
v 8.5 		6.875 		1.75
v 8.2226 		6.9122 		1.75
v 8.192 		6.8889 		1.75
v 8.597 		6.862 		2
v 8.597 		6.862 		1.75
v 8.3355 		6.9683 		1.75
v 8.25 		6.933 		1.75
v 8.25 		6.933 		2
v 8.688 		6.825 		2
v 8.688 		6.825 		1.75
v 8.371 		6.983 		1.75
v 8.371 		6.983 		2
v 8.629 		6.983 		1.75
v 8.629 		6.983 		2
v 8.862 		6.597 		1.75
v 8.862 		6.597 		2
v 25.57 		-18.904 		1.819
v 8.875 		6.5 		1.75
v 8.875 		6.5 		2
v 25.579 		-18.805 		1.819
v 8.862 		6.403 		1.75
v 8.862 		6.403 		2
v 8.825 		6.313 		1.75
v 8.825 		6.313 		2
v 8.983 		6.629 		1.75
v 8.983 		6.629 		2
v 8.9954 		6.5346 		1.75
v 28.894 		-18.471 		1.5
v 8.765 		6.235 		1.75
v 8.765 		6.235 		2
v 9 		6.5 		1.75
v 9 		6.5 		2
v 8.704 		6.1875 		1.75
v 8.8514 		6.144 		1.75
v 8.854 		6.146 		1.75
v 8.854 		6.146 		2
v 8.933 		6.25 		1.75
v 8.933 		6.25 		2
v 8.983 		6.371 		1.75
v 8.983 		6.371 		2
v 8.313 		6.175 		2
v 8.3884 		6.144 		1.75
v 8.313 		6.175 		1.75
v 8.235 		6.235 		2
v 8.235 		6.235 		1.75
v 8.192 		6.2909 		1.75
v 28.683 		-19.101 		1.819
v 8.688 		6.175 		1.75
v 8.688 		6.175 		2
v 8.6118 		6.144 		1.75
v 8.175 		6.313 		2
v 8.175 		6.313 		1.75
v 8.138 		6.403 		2
v 28.709 		-19.004 		1.819
v 8.138 		6.403 		1.75
v 8.125 		6.5 		2
v 8.125 		6.5 		1.75
v 5.983 		4.371 		2
v 8.0878 		6.2226 		1.75
v 5.688 		4.175 		2
v 8.146 		6.146 		1.75
v 8.146 		6.146 		2
v 8.1486 		6.144 		1.75
v 5.854 		4.146 		2
v 5.933 		4.25 		2
v 8.138 		6.597 		2
v 8.138 		6.597 		1.75
v 5.5 		4.125 		2
v 5.403 		4.138 		2
v 8.0317 		6.3355 		1.75
v 8.067 		6.25 		1.75
v 8.067 		6.25 		2
v 5.313 		4.175 		2
v 8.175 		6.688 		2
v 5.235 		4.235 		2
v 8.175 		6.688 		1.75
v 8.0041 		6.4687 		1.75
v 8.017 		6.371 		1.75
v 8.017 		6.371 		2
v 5.175 		4.313 		2
v 5.138 		4.403 		2
v 8.146 		6.854 		1.75
v 5.146 		4.146 		2
v 8.146 		6.854 		2
v 5.125 		4.5 		2
v 8.067 		6.75 		1.75
v 8.067 		6.75 		2
v 5.138 		4.597 		2
v 8.017 		6.629 		1.75
v 8.017 		6.629 		2
v 8 		6.5 		1.75
v 8 		6.5 		2
v 5.597 		4.138 		2
v 8.5 		6.125 		1.75
v 8.403 		6.138 		1.75
v 8.403 		6.138 		2
v 8.5 		6.125 		2
v 5 		4.5 		2
v 5.017 		4.371 		2
v 5.067 		4.25 		2
v 8.2226 		6.0878 		1.75
v 8.597 		6.138 		1.75
v 8.597 		6.138 		2
v 8.5 		6 		2
v 8.5 		6 		1.75
v 8.629 		6.017 		1.75
v 8.629 		6.017 		2
v 8.75 		6.067 		1.75
v 8.75 		6.067 		2
v 28.748 		-19.124 		1.766
v 8.25 		6.067 		1.75
v 8.25 		6.067 		2
v 8.371 		6.017 		1.75
v 8.371 		6.017 		2
v 8.765 		5.765 		2
v 8.704 		5.8125 		1.75
v 8.765 		5.765 		1.75
v 28.777 		-19.016 		1.766
v 8.825 		5.688 		1.75
v 8.825 		5.688 		2
v 8.7204 		5.9452 		1.75
v 8.704 		5.952 		1.75
v 8.8478 		5.632 		1.75
v 8.9818 		5.632 		1.75
v 8.933 		5.75 		1.75
v 8.933 		5.75 		2
v 8.854 		5.854 		1.75
v 8.854 		5.854 		2
v 8.75 		5.933 		1.75
v 8.75 		5.933 		2
v 8.235 		5.765 		2
v 8.192 		5.7098 		1.75
v 8.235 		5.765 		1.75
v 8.313 		5.825 		2
v 8.313 		5.825 		1.75
v 8.403 		5.862 		2
v 8.403 		5.862 		1.75
v 8.5 		5.875 		2
v 8.5 		5.875 		1.75
v 8.2226 		5.9122 		1.75
v 8.192 		5.8889 		1.75
v 28.808 		-19.146 		1.707
v 8.597 		5.862 		2
v 8.597 		5.862 		1.75
v 8.3355 		5.9683 		1.75
v 8.25 		5.933 		1.75
v 8.25 		5.933 		2
v 28.84 		-19.027 		1.707
v 8.688 		5.825 		2
v 8.688 		5.825 		1.75
v 8.371 		5.983 		1.75
v 8.371 		5.983 		2
v 8.629 		5.983 		1.75
v 8.629 		5.983 		2
v 28.864 		-19.166 		1.643
v 8.862 		5.597 		1.75
v 8.862 		5.597 		2
v 8.875 		5.5 		1.75
v 8.875 		5.5 		2
v 8.862 		5.403 		1.75
v 8.862 		5.403 		2
v 8.825 		5.313 		1.75
v 8.825 		5.313 		2
v 8.983 		5.629 		1.75
v 8.983 		5.629 		2
v 8.9954 		5.5346 		1.75
v 28.898 		-19.037 		1.643
v 8.765 		5.235 		1.75
v 8.765 		5.235 		2
v 9 		5.5 		1.75
v 9 		5.5 		2
v 8.704 		5.1875 		1.75
v 8.8198 		5.12 		1.75
v 8.854 		5.146 		1.75
v 8.854 		5.146 		2
v 8.933 		5.25 		1.75
v 8.933 		5.25 		2
v 8.983 		5.371 		1.75
v 8.983 		5.371 		2
v 28.914 		-19.185 		1.574
v 8.5 		5.125 		1.75
v 8.403 		5.138 		1.75
v 8.403 		5.138 		2
v 8.5 		5.125 		2
v 8.313 		5.175 		2
v 8.313 		5.175 		1.75
v 8.235 		5.235 		2
v 8.235 		5.235 		1.75
v 8.192 		5.2909 		1.75
v 8.688 		5.175 		1.75
v 8.688 		5.175 		2
v 8.597 		5.138 		1.75
v 8.597 		5.138 		2
v 8.175 		5.313 		2
v 8.175 		5.313 		1.75
v 8.138 		5.403 		2
v 8.138 		5.403 		1.75
v 8.1754 		5.1236 		1.75
v 8.1802 		5.12 		1.75
v 8.125 		5.5 		2
v 8.125 		5.5 		1.75
v 8.0878 		5.2226 		1.75
v 8.146 		5.146 		1.75
v 8.146 		5.146 		2
v 8.138 		5.597 		2
v 8.138 		5.597 		1.75
v 8.0317 		5.3355 		1.75
v 8.067 		5.25 		1.75
v 8.067 		5.25 		2
v 8.175 		5.688 		2
v 8.175 		5.688 		1.75
v 8.0041 		5.4687 		1.75
v 8.017 		5.371 		1.75
v 8.017 		5.371 		2
v 28.701 		-19.226 		1.766
v 8.146 		5.854 		1.75
v 8.146 		5.854 		2
v 8.067 		5.75 		1.75
v 8.067 		5.75 		2
v 8.017 		5.629 		1.75
v 8.017 		5.629 		2
v 27.163 		-19.077 		1.087
v 8 		5.5 		1.75
v 8 		5.5 		2
v 8.5 		5 		2
v 8.5 		5 		1.75
v 8.629 		5.017 		1.75
v 8.629 		5.017 		2
v 27.208 		-19.245 		1.087
v 8.75 		5.067 		1.75
v 28.686 		-19.359 		1.707
v 8.75 		5.067 		2
v 8.25 		5.067 		1.75
v 8.25 		5.067 		2
v 8.371 		5.017 		1.75
v 8.371 		5.017 		2
v 28.756 		-19.258 		1.707
v 27.281 		-19.402 		1.087
v 9 		5 		1.75
v 28.731 		-19.397 		1.643
v 13.5 		9 		2
v 13.5 		9 		1.75
v 13.5 		8.5 		2
v 13.5 		8.5 		1.75
v 28.807 		-19.287 		1.643
v 13.5 		8 		1.75
v 13.5 		7.168 		1.75
v 5.25 		-0.067 		1.75
v 5.3355 		-0.0317 		1.75
v 28.772 		-19.431 		1.574
v 13.5 		7.5 		2
v 13.5 		7.5 		1.75
v 5.629 		-0.017 		1.75
v 5.371 		-0.017 		1.75
v 28.853 		-19.314 		1.574
v 5.067 		-0.25 		1.75
v 5.017 		-0.371 		1.75
v 5 		-0.5 		1.75
v 5.0016 		-0.512 		1.75
v 5.632 		-0.8478 		1.75
v 5.688 		-0.825 		1.75
v 5.765 		-0.765 		1.75
v 5.825 		-0.688 		1.75
v 5.862 		-0.597 		1.75
v 13.5 		6.5 		2
v 13.5 		6.5 		1.75
v 5.988 		-0.5913 		1.75
v 5.983 		-0.629 		1.75
v 5.9452 		-0.7204 		1.75
v 13.5 		6 		1.75
v 5.75 		-0.933 		1.75
v 5.632 		-0.9818 		1.75
v 5.854 		-0.854 		1.75
v 5.933 		-0.75 		1.75
v 5.138 		-0.597 		1.75
v 5.175 		-0.688 		1.75
v 5.235 		-0.765 		1.75
v 5.313 		-0.825 		1.75
v 5.403 		-0.862 		1.75
v 5.5 		-0.875 		1.75
v 5.597 		-0.862 		1.75
v 13.5 		5.5 		2
v 13.5 		5.5 		1.75
v 5.2226 		-0.9122 		1.75
v 5.146 		-0.854 		1.75
v 13.5 		5 		1.75
v 28.894 		-19.337 		1.5
v 5.629 		-0.983 		1.75
v 5.5 		-1 		1.75
v 5.25 		-0.933 		1.75
v 5.371 		-0.983 		1.75
v 5.017 		-0.629 		1.75
v 5.067 		-0.75 		1.75
v 13.5 		4.5 		2
v 13.5 		4.5 		1.75
v 13.5 		4 		1.75
v 27.159 		-19.078 		1
v 27.2033 		-19.2433 		1
v 27.204 		-19.246 		1
v 27.278 		-19.404 		1
v 13.5 		3.5 		2
v 13.5 		3.5 		1.75
v 27.3144 		-19.456 		1
v 13.5 		3 		1.75
v 13.5 		2.5 		2
v 13.5 		2.5 		1.75
v 25.501 		-18.904 		1.766
v 13.5 		1.7387 		1.75
v 25.511 		-18.793 		1.766
v 13.5 		1.024 		1.75
v 27.404 		-19.525 		1.259
v 13.5 		1.5 		2
v 13.5 		1.5 		1.75
v 27.39 		-19.537 		1.174
v 13.5 		0 		1.75
v 13.5 		0.5 		2
v 13.5 		0.5 		1.75
v 13.5 		-0.5 		2
v 13.5 		-0.5 		1.75
v 25.437 		-18.904 		1.707
v 27.381 		-19.545 		1.087
v 13.5 		-1 		1.75
v 13.5 		-2 		1.75
v 13.5 		-1.5 		2
v 13.5 		-1.5 		1.75
v 25.448 		-18.782 		1.707
v 13.5 		-3 		1.75
v 13.5 		-3 		2
v 27.378 		-19.547 		1
v 13.5 		-2.5 		2
v 13.5 		-2.5 		1.75
v 25.378 		-18.904 		1.643
v 26.731 		-18.412 		1.643
v 13 		-3 		1.75
v 13 		-3 		2
v 26.636 		-18.318 		1.643
v 25.39 		-18.771 		1.643
v 5.067 		4.75 		2
v 5.017 		4.629 		2
v 26.772 		-18.378 		1.574
v 5.25 		4.067 		2
v 5.371 		4.017 		2
v 5.5 		4 		2
v 5.629 		4.017 		2
v 5.75 		4.067 		2
v 26.671 		-18.277 		1.574
v 5.688 		3.825 		2
v 5.765 		3.765 		2
v 5.825 		3.688 		2
v 5.75 		3.933 		2
v 25.325 		-18.904 		1.574
v 5.862 		3.597 		2
v 25.337 		-18.762 		1.574
v 5.933 		3.75 		2
v 5.854 		3.854 		2
v 5.983 		3.629 		2
v 5.138 		3.597 		2
v 5.175 		3.688 		2
v 5.235 		3.765 		2
v 5.313 		3.825 		2
v 5.403 		3.862 		2
v 5.146 		3.854 		2
v 5.5 		3.875 		2
v 5.25 		3.933 		2
v 5.597 		3.862 		2
v 5.371 		3.983 		2
v 5.629 		3.983 		2
v 5.875 		3.5 		2
v 5.862 		3.403 		2
v 5.825 		3.313 		2
v 26.807 		-18.348 		1.5
v 6 		3.5 		2
v 5.765 		3.235 		2
v 5.983 		3.371 		2
v 5.688 		3.175 		2
v 5.854 		3.146 		2
v 5.933 		3.25 		2
v 26.701 		-18.241 		1.5
v 5.5 		3.125 		2
v 5.403 		3.138 		2
v 5.313 		3.175 		2
v 5.235 		3.235 		2
v 5.175 		3.313 		2
v 26.838 		-18.322 		1.423
v 5.138 		3.403 		2
v 5.146 		3.146 		2
v 25.394 		-18.471 		1.5
v 5.125 		3.5 		2
v 5.597 		3.138 		2
v 26.727 		-18.21 		1.423
v 25.33 		-18.608 		1.5
v 5 		3.5 		2
v 5.017 		3.371 		2
v 5.067 		3.25 		2
v 5.067 		3.75 		2
v 5.017 		3.629 		2
v 5.25 		3.067 		2
v 5.371 		3.017 		2
v 5.5 		3 		2
v 5.629 		3.017 		2
v 5.75 		3.067 		2
v 5.688 		2.825 		2
v 5.765 		2.765 		2
v 5.825 		2.688 		2
v 5.75 		2.933 		2
v 5.862 		2.597 		2
v 25.359 		-18.451 		1.423
v 5.933 		2.75 		2
v 5.854 		2.854 		2
v 5.983 		2.629 		2
v 5.138 		2.597 		2
v 5.175 		2.688 		2
v 25.292 		-18.594 		1.423
v 26.864 		-18.3 		1.342
v 5.235 		2.765 		2
v 5.313 		2.825 		2
v 5.403 		2.862 		2
v 5.146 		2.854 		2
v 5.5 		2.875 		2
v 5.25 		2.933 		2
v 25.33 		-18.435 		1.342
v 5.597 		2.862 		2
v 26.748 		-18.185 		1.342
v 5.371 		2.983 		2
v 5.629 		2.983 		2
v 5.875 		2.5 		2
v 5.862 		2.403 		2
v 5.825 		2.313 		2
v 25.261 		-18.583 		1.342
v 6 		2.5 		2
v 5.765 		2.235 		2
v 5.983 		2.371 		2
v 5.688 		2.175 		2
v 5.854 		2.146 		2
v 5.933 		2.25 		2
v 5.75 		2.067 		2
v 5.5 		2.125 		2
v 5.403 		2.138 		2
v 5.313 		2.175 		2
v 5.235 		2.235 		2
v 5.175 		2.313 		2
v 5.138 		2.403 		2
v 5.146 		2.146 		2
v 5.125 		2.5 		2
v 5.597 		2.138 		2
v 5.25 		2.067 		2
v 5 		2.5 		2
v 5.017 		2.371 		2
v 5.067 		2.25 		2
v 5.067 		2.75 		2
v 5.017 		2.629 		2
v 5.371 		2.017 		2
v 5.5 		2 		2
v 29.05 		-18.904 		1.423
v 5.629 		2.017 		2
v 5.688 		1.825 		2
v 26.765 		-18.164 		1.259
v 5.765 		1.765 		2
v 5.825 		1.688 		2
v 29.037 		-18.747 		1.423
v 5.75 		1.933 		2
v 5.862 		1.597 		2
v 5.933 		1.75 		2
v 5.854 		1.854 		2
v 5.983 		1.629 		2
v 26.627 		-18.068 		1.259
v 5.138 		1.597 		2
v 5.175 		1.688 		2
v 5.235 		1.765 		2
v 5.313 		1.825 		2
v 5.403 		1.862 		2
v 5.146 		1.854 		2
v 5.5 		1.875 		2
v 5.25 		1.933 		2
v 5.597 		1.862 		2
v 26.777 		-18.15 		1.174
v 5.371 		1.983 		2
v 29.084 		-18.904 		1.342
v 5.629 		1.983 		2
v 5.875 		1.5 		2
v 5.862 		1.403 		2
v 26.636 		-18.052 		1.174
v 5.825 		1.313 		2
v 6 		1.5 		2
v 5.765 		1.235 		2
v 5.983 		1.371 		2
v 29.069 		-18.741 		1.342
v 5.688 		1.175 		2
v 5.854 		1.146 		2
v 5.933 		1.25 		2
v 5.75 		1.067 		2
v 5.5 		1.125 		2
v 5.403 		1.138 		2
v 5.313 		1.175 		2
v 5.235 		1.235 		2
v 5.175 		1.313 		2
v 26.784 		-18.141 		1.087
v 5.138 		1.403 		2
v 26.642 		-18.042 		1.087
v 5.146 		1.146 		2
v 5.125 		1.5 		2
v 5.597 		1.138 		2
v 5.25 		1.067 		2
v 5 		1.5 		2
v 5.017 		1.371 		2
v 5.067 		1.25 		2
v 5.067 		1.75 		2
v 5.017 		1.629 		2
v 5.371 		1.017 		2
v 5.5 		1 		2
v 5.629 		1.017 		2
v 5.688 		0.825 		2
v 29.11 		-18.904 		1.259
v 5.765 		0.765 		2
v 5.825 		0.688 		2
v 5.75 		0.933 		2
v 5.862 		0.597 		2
v 5.933 		0.75 		2
v 5.629 		-1.017 		1.75
v 5.854 		0.854 		2
v 5.6459 		-1.024 		1.75
v 29.095 		-18.737 		1.259
v 5.983 		0.629 		2
v 29.052 		-18.574 		1.259
v 5.138 		0.597 		2
v 5.175 		0.688 		2
v 5.235 		0.765 		2
v 5.313 		0.825 		2
v 5.403 		0.862 		2
v 29.129 		-18.904 		1.174
v 5 		-1.024 		1.75
v 5.146 		0.854 		2
v 5.371 		-1.017 		1.75
v 5.5 		0.875 		2
v 5.3541 		-1.024 		1.75
v 5.25 		0.933 		2
v 5.597 		0.862 		2
v 5.371 		0.983 		2
v 5.825 		-1.313 		1.75
v 5.765 		-1.235 		1.75
v 5.688 		-1.175 		1.75
v 5.632 		-1.1522 		1.75
v 29.114 		-18.733 		1.174
v 5.8702 		-1.536 		1.75
v 5.875 		-1.5 		1.75
v 5.862 		-1.403 		1.75
v 5.629 		0.983 		2
v 5.7185 		-1.054 		1.75
v 5.017 		0.629 		2
v 5.067 		0.75 		2
v 5.75 		-1.067 		1.75
v 5.8246 		-1.1236 		1.75
v 5.875 		0.5 		2
v 5.862 		0.403 		2
v 5.854 		-1.146 		1.75
v 5.9122 		-1.2226 		1.75
v 5.825 		0.313 		2
v 5.765 		0.235 		2
v 6 		0.5 		2
v 5.9953 		-1.536 		1.75
v 29.069 		-18.568 		1.174
v 5.983 		0.371 		2
v 5.983 		-1.371 		1.75
v 5.688 		0.175 		2
v 5.933 		-1.25 		1.75
v 5.854 		0.146 		2
v 5.933 		0.25 		2
v 5.75 		0.067 		2
v 5.5 		0.125 		2
v 5.403 		0.138 		2
v 5.313 		0.175 		2
v 5.235 		0.235 		2
v 5.175 		0.313 		2
v 5.138 		0.403 		2
v 5.146 		0.146 		2
v 5.125 		0.5 		2
v 29.14 		-18.904 		1.087
v 5.597 		0.138 		2
v 29.125 		-18.731 		1.087
v 5.25 		0.067 		2
v 5.371 		0.017 		2
v 5.5 		0 		2
v 5.629 		0.017 		2
v 5 		0.5 		2
v 5.017 		0.371 		2
v 5.067 		0.25 		2
v 29.08 		-18.564 		1.087
v 5.688 		-0.175 		2
v 5.765 		-0.235 		2
v 5.825 		-0.313 		2
v 5.75 		-0.067 		2
v 5.862 		-0.403 		2
v 5.854 		-0.146 		2
v 5.875 		-0.5 		2
v 6 		-0.5 		2
v 5.983 		-0.371 		2
v 5.933 		-0.25 		2
v 5.125 		-0.5 		2
v 5.138 		-0.403 		2
v 5.175 		-0.313 		2
v 5.235 		-0.235 		2
v 5.313 		-0.175 		2
v 5.403 		-0.138 		2
v 5.146 		-0.146 		2
v 5.5 		-0.125 		2
v 5.25 		-0.067 		2
v 5.597 		-0.138 		2
v 5.371 		-0.017 		2
v 5.629 		-0.017 		2
v 5 		-0.5 		2
v 5.067 		-0.25 		2
v 5.017 		-0.371 		2
v 5.862 		-0.597 		2
v 5.825 		-0.688 		2
v 5.765 		-0.765 		2
v 5.983 		-0.629 		2
v 5.688 		-0.825 		2
v 5.854 		-0.854 		2
v 5.933 		-0.75 		2
v 5.75 		-0.933 		2
v 5.5 		-0.875 		2
v 5.403 		-0.862 		2
v 5.313 		-0.825 		2
v 5.235 		-0.765 		2
v 29.1406 		-18.944 		1
v 29.144 		-18.904 		1
v 5.175 		-0.688 		2
v 5.138 		-0.597 		2
v 29.129 		-18.731 		1
v 5.146 		-0.854 		2
v 5.597 		-0.862 		2
v 29.084 		-18.562 		1
v 29.0854 		-18.5671 		1
v 5.25 		-0.933 		2
v 5.371 		-0.983 		2
v 5.5 		-1 		2
v 5.629 		-0.983 		2
v 5.017 		-0.629 		2
v 5.067 		-0.75 		2
v 5.371 		-1.017 		2
v 5.629 		-1.017 		2
v 5.688 		-1.175 		2
v 5.765 		-1.235 		2
v 28.951 		-19.047 		1.574
v 5.825 		-1.313 		2
v 5.75 		-1.067 		2
v 5.862 		-1.403 		2
v 5.854 		-1.146 		2
v 5.875 		-1.5 		2
v 6 		-1.5 		2
v 5.983 		-1.371 		2
v 5.933 		-1.25 		2
v 5.125 		-1.5 		2
v 5.138 		-1.403 		2
v 5.175 		-1.313 		2
v 5.235 		-1.235 		2
v 5.313 		-1.175 		2
v 5.403 		-1.138 		2
v 5.146 		-1.146 		2
v 5.5 		-1.125 		2
v 5.25 		-1.067 		2
v 5.597 		-1.138 		2
v 5.862 		-1.597 		2
v 5.825 		-1.688 		2
v 5.765 		-1.765 		2
v 5.983 		-1.629 		2
v 5.688 		-1.825 		2
v 5.854 		-1.854 		2
v 5.933 		-1.75 		2
v 5.75 		-1.933 		2
v 5.5 		-1.875 		2
v 5.403 		-1.862 		2
v 5.313 		-1.825 		2
v 5.235 		-1.765 		2
v 5.175 		-1.688 		2
v 5.138 		-1.597 		2
v 5.146 		-1.854 		2
v 5.597 		-1.862 		2
v 5.371 		-1.983 		2
v 5.5 		-2 		2
v 5.629 		-1.983 		2
v 5.25 		-1.933 		2
v 5 		-1.5 		2
v 5.017 		-1.629 		2
v 5.067 		-1.75 		2
v 5.067 		-1.25 		2
v 5.017 		-1.371 		2
v 5.371 		-2.017 		2
v 5.629 		-2.017 		2
v 5.688 		-2.175 		2
v 5.765 		-2.235 		2
v 5.825 		-2.313 		2
v 28.997 		-19.055 		1.5
v 29.037 		-19.062 		1.423
v 29.069 		-19.068 		1.342
v 28.701 		-19.568 		1.5
v 28.807 		-19.461 		1.5
v 28.727 		-19.599 		1.423
v 28.838 		-19.487 		1.423
v 28.748 		-19.624 		1.342
v 28.864 		-19.508 		1.342
v 5.597 		-1.138 		1.75
v 5.5 		-1.125 		1.75
v 5.403 		-1.138 		1.75
v 5.313 		-1.175 		1.75
v 5.235 		-1.235 		1.75
v 5.175 		-1.313 		1.75
v 5.138 		-1.403 		1.75
v 5.125 		-1.5 		1.75
v 5.1298 		-1.536 		1.75
v 5.12 		-1.1802 		1.75
v 5.1236 		-1.1754 		1.75
v 5.146 		-1.146 		1.75
v 5.2226 		-1.0878 		1.75
v 5.25 		-1.067 		1.75
v 5.3355 		-1.0317 		1.75
v 28.765 		-19.644 		1.259
v 5.765 		-1.765 		1.75
v 5.825 		-1.688 		1.75
v 5.862 		-1.597 		1.75
v 5.632 		-1.8478 		1.75
v 5.688 		-1.825 		1.75
v 28.884 		-19.525 		1.259
v 5.988 		-1.5913 		1.75
v 5.983 		-1.629 		1.75
v 5.9452 		-1.7204 		1.75
v 28.777 		-19.659 		1.174
v 5.75 		-1.933 		1.75
v 5.632 		-1.9818 		1.75
v 5.854 		-1.854 		1.75
v 5.933 		-1.75 		1.75
v 5.138 		-1.597 		1.75
v 5.175 		-1.688 		1.75
v 5.235 		-1.765 		1.75
v 5.313 		-1.825 		1.75
v 5.403 		-1.862 		1.75
v 28.898 		-19.537 		1.174
v 5.5 		-1.875 		1.75
v 5.597 		-1.862 		1.75
v 5.2226 		-1.9122 		1.75
v 5.146 		-1.854 		1.75
v 5.629 		-1.983 		1.75
v 5.5 		-2 		1.75
v 5.25 		-1.933 		1.75
v 5.371 		-1.983 		1.75
v 28.784 		-19.668 		1.087
v 5.067 		-1.25 		1.75
v 5.017 		-1.371 		1.75
v 5 		-1.5 		1.75
v 5.017 		-1.629 		1.75
v 28.907 		-19.545 		1.087
v 5.067 		-1.75 		1.75
v 5.629 		-2.017 		1.75
v 5.704 		-2.048 		1.75
v 5 		-2.048 		1.75
v 5.371 		-2.017 		1.75
v 5.825 		-2.313 		1.75
v 5.765 		-2.235 		1.75
v 5.688 		-2.175 		1.75
v 28.787 		-19.67 		1
v 28.91 		-19.547 		1
v 28.922 		-19.5298 		1
v 28.468 		-18.633 		1.906
v 28.416 		-18.581 		1.906
v 5.632 		-3 		1.75
v 28.577 		-18.654 		1.866
v 28.527 		-18.583 		1.866
v 5 		-3 		1.75
v 8 		-3 		1.75
v 28.958 		-19.201 		1.5
v 28.929 		-19.358 		1.423
v 9.5 		-3 		1.75
v 28.996 		-19.214 		1.423
v 10.5 		-3 		1.75
v 5 		-3 		2
v 26.981 		-18.421 		1.259
v 28.958 		-19.374 		1.342
v 29.027 		-19.226 		1.342
v 26.884 		-18.283 		1.259
v 12.5 		9 		1.75
v 26.997 		-18.412 		1.174
v 26.898 		-18.271 		1.174
v 13 		9 		2
v 13 		9 		1.75
v 27.007 		-18.406 		1.087
v 26.907 		-18.264 		1.087
v 11.5 		9 		2
v 11.5 		9 		1.75
v 29.095 		-19.072 		1.259
v 27.0231 		-18.432 		1
v 27.01 		-18.404 		1
v 26.91 		-18.262 		1
v 29.114 		-19.075 		1.174
v 26.787 		-18.138 		1
v 26.644 		-18.038 		1
v 26.624 		-18.0288 		1
v 26.424 		-18.135 		1.574
v 29.125 		-19.077 		1.087
v 5 		9 		2
v 9.5 		9 		1.75
v 10.5 		9 		1.75
v 26.431 		-18.408 		1.819
v 28.465 		-18.521 		1.866
v 12.941 		16.43 		2
v 12.786 		16.454 		2
v 12.632 		16.43 		2
v 26.557 		-18.412 		1.766
v 28.641 		-18.618 		1.819
v 12.941 		15.479 		2
v 13.08 		15.55 		2
v 26.465 		-18.348 		1.766
v 13.191 		15.661 		2
v 13.262 		15.8 		2
v 13.286 		15.954 		2
v 13.262 		16.109 		2
v 28.583 		-18.536 		1.819
v 13.191 		16.248 		2
v 26.599 		-18.363 		1.707
v 13.08 		16.359 		2
v 26.498 		-18.292 		1.707
v 12.786 		15.454 		2
v 28.513 		-18.465 		1.819
v 12.492 		16.359 		2
v 12.382 		16.248 		2
v 12.311 		16.109 		2
v 12.311 		15.8 		2
v 12.382 		15.661 		2
v 12.492 		15.55 		2
v 12.632 		15.479 		2
v 26.527 		-18.241 		1.643
v 12.286 		15.954 		2
v 13.992 		16.359 		2
v 13.882 		16.248 		2
v 13.811 		16.109 		2
v 13.786 		15.954 		2
v 13.811 		15.8 		2
v 28.636 		-18.491 		1.766
v 13.882 		15.661 		2
v 13.992 		15.55 		2
v 26.554 		-18.195 		1.574
v 28.981 		-19.387 		1.259
v 29.052 		-19.235 		1.259
v 12.5 		-2.5 		1.75
v 12.5 		-2 		1.75
v 12.5 		-1.5 		1.75
v 12.5 		-1 		1.75
v 12.5 		-0.5 		1.75
v 12.5 		0 		1.75
v 12.5 		0.5 		1.75
v 12.5 		1.024 		1.75
v 12.5 		1.5 		1.75
v 12.5 		2 		1.75
v 12.5 		2.5 		1.75
v 28.997 		-19.397 		1.174
v 12.5 		3 		1.75
v 12.5 		3.5 		1.75
v 12.5 		4 		1.75
v 12.5 		4.5 		1.75
v 12.5 		5 		1.75
v 12.5 		5.5 		1.75
v 12.5 		6.058 		1.75
v 12.5 		6.5 		1.75
v 12.5 		7.058 		1.75
v 12.5 		7.5 		1.75
v 12.5 		8.058 		1.75
v 12.5 		8.5 		1.75
v 29.069 		-19.241 		1.174
v 12 		8.704 		1.75
v 12 		8.192 		1.75
v 12 		8.1703 		1.75
v 12 		8.0659 		1.75
v 12 		8 		1.75
v 12 		7.68 		1.75
v 12 		7.5405 		1.75
v 12 		7.4181 		1.75
v 12 		7.4121 		1.75
v 12 		7.3019 		1.75
v 12 		7.168 		1.75
v 12 		7.0659 		1.75
v 12 		7 		1.75
v 12 		6.656 		1.75
v 12 		6.5405 		1.75
v 12 		6.4181 		1.75
v 12 		6.4121 		1.75
v 12 		6.3019 		1.75
v 12 		6.2569 		1.75
v 12 		6.144 		1.75
v 12 		6.0659 		1.75
v 12 		6 		1.75
v 12 		5.632 		1.75
v 12 		5.5405 		1.75
v 12 		5.4121 		1.75
v 12 		5.3382 		1.75
v 12 		5.2569 		1.75
v 12 		5.12 		1.75
v 12 		5.0659 		1.75
v 12 		5 		1.75
v 12 		4.608 		1.75
v 12 		4.5405 		1.75
v 12 		4.4121 		1.75
v 12 		4.3382 		1.75
v 12 		4.2569 		1.75
v 12 		4.096 		1.75
v 12 		4.0659 		1.75
v 12 		3.584 		1.75
v 12 		3.5405 		1.75
v 12 		3.4181 		1.75
v 12 		3.4121 		1.75
v 12 		3.3019 		1.75
v 12 		3.192 		1.75
v 12 		3.072 		1.75
v 12 		3.0659 		1.75
v 12 		3 		1.75
v 12 		2.56 		1.75
v 12 		2.5405 		1.75
v 12 		2.4121 		1.75
v 12 		2.3382 		1.75
v 12 		2.2569 		1.75
v 12 		2.048 		1.75
v 12 		2 		1.75
v 29.007 		-19.402 		1.087
v 25.278 		-18.904 		1.5
v 25.291 		-18.754 		1.5
v 28.355 		-18.538 		1.906
v 25.238 		-18.904 		1.423
v 28.289 		-18.507 		1.906
v 25.251 		-18.747 		1.423
v 28.217 		-18.488 		1.906
v 25.204 		-18.904 		1.342
v 28.394 		-18.471 		1.866
v 25.219 		-18.741 		1.342
v 28.315 		-18.435 		1.866
v 25.178 		-18.904 		1.259
v 25.236 		-18.574 		1.259
v 25.193 		-18.737 		1.259
v 28.406 		-18.685 		1.94
v 28.364 		-18.642 		1.94
v 28.315 		-18.608 		1.94
v 25.159 		-18.904 		1.174
v 25.219 		-18.568 		1.174
v 25.174 		-18.733 		1.174
v 28.273 		-18.68 		1.966
v 25.148 		-18.904 		1.087
v 28.233 		-18.661 		1.966
v 25.208 		-18.564 		1.087
v 28.189 		-18.649 		1.966
v 25.163 		-18.731 		1.087
v 28.261 		-18.583 		1.94
v 28.203 		-18.568 		1.94
v 25.144 		-18.904 		1
v 25.1474 		-18.944 		1
v 25.204 		-18.562 		1
v 25.2053 		-18.5593 		1
v 25.159 		-18.731 		1
v 25.579 		-19.004 		1.819
v 28.465 		-18.787 		1.94
v 28.44 		-18.733 		1.94
v 28.541 		-18.76 		1.906
v 28.51 		-18.693 		1.906
v 25.511 		-19.016 		1.766
v 28.614 		-18.733 		1.866
v 25.54 		-19.124 		1.766
v 25.448 		-19.027 		1.707
v 25.48 		-19.146 		1.707
v 25.39 		-19.037 		1.643
v 28.486 		-18.904 		1.94
v 25.424 		-19.166 		1.643
v 28.481 		-18.845 		1.94
v 28.567 		-18.904 		1.906
v 25.337 		-19.047 		1.574
v 28.56 		-18.831 		1.906
v 25.374 		-19.185 		1.574
v 28.644 		-18.904 		1.866
v 28.636 		-18.818 		1.866
v 25.587 		-19.226 		1.766
v 28.368 		-18.775 		1.966
v 25.532 		-19.258 		1.707
v 28.387 		-18.816 		1.966
v 28.342 		-18.738 		1.966
v 25.481 		-19.287 		1.643
v 25.557 		-19.397 		1.643
v 28.31 		-18.706 		1.966
v 25.435 		-19.314 		1.574
v 25.517 		-19.431 		1.574
v 25.291 		-19.055 		1.5
v 28.277 		-18.793 		1.985
v 28.256 		-18.771 		1.985
v 25.251 		-19.062 		1.423
v 28.231 		-18.754 		1.985
v 29.08 		-19.245 		1.087
v 28.9736 		-19.456 		1
v 29.01 		-19.404 		1
v 29.084 		-19.246 		1
v 29.1289 		-19.0785 		1
v 29.129 		-19.078 		1
v 26.577 		-18.154 		1.5
v 26.44 		-18.091 		1.5
v 26.597 		-18.119 		1.423
v 26.454 		-18.053 		1.423
v 27.422 		16.451 		1
v 27.422 		-16.549 		1
v 26.614 		-18.091 		1.342
v 26.465 		-18.021 		1.342
v 26.277 		-18.15 		1.643
v 26.144 		-18.138 		1.643
v 26.286 		-18.098 		1.574
v 26.144 		-18.085 		1.574
v 26.474 		-17.997 		1.259
v 26.481 		-17.979 		1.174
v 26.485 		-17.968 		1.087
v 26.386 		-18.24 		1.707
v 26.486 		-17.965 		1
v 26.406 		-18.185 		1.643
v 26.422 		-17.9479 		1
v 26.914 		-18.624 		1.574
v 26.231 		-18.412 		1.866
v 26.641 		-18.618 		1.819
v 26.144 		-18.404 		1.866
v 26.34 		-18.365 		1.819
v 26.748 		-18.685 		1.766
v 26.244 		-18.34 		1.819
v 26.144 		-18.331 		1.819
v 26.364 		-18.3 		1.766
v 26.256 		-18.271 		1.766
v 26.144 		-18.262 		1.766
v 26.267 		-18.208 		1.707
v 26.144 		-18.197 		1.707
v 26.144 		-17.908 		1.087
v 26.144 		-17.92 		1.174
v 12 		1.536 		1.75
v 12 		1.4121 		1.75
v 12 		1.3382 		1.75
v 12 		1.2569 		1.75
v 12 		1.024 		1.75
v 12 		1 		1.75
v 12 		0.512 		1.75
v 12 		0.4121 		1.75
v 12 		0.3382 		1.75
v 12 		0.2569 		1.75
v 13.375 		8.5 		1.75
v 13.362 		8.597 		1.75
v 13.325 		8.688 		1.75
v 13.312 		8.7047 		1.75
v 13.312 		8.2961 		1.75
v 13.325 		8.313 		1.75
v 13.362 		8.403 		1.75
v 13.312 		8.8859 		1.75
v 13.3246 		8.8764 		1.75
v 26.294 		-18.052 		1.5
v 13.354 		8.854 		1.75
v 13.4122 		8.7774 		1.75
v 13.433 		8.75 		1.75
v 13.4689 		8.6631 		1.75
v 26.144 		-18.038 		1.5
v 13.483 		8.629 		1.75
v 13.433 		8.25 		1.75
v 13.3889 		8.192 		1.75
v 13.483 		8.371 		1.75
v 26.301 		-18.012 		1.423
v 13.188 		8.825 		1.75
v 13.097 		8.862 		1.75
v 13 		8.875 		1.75
v 12.903 		8.862 		1.75
v 12.813 		8.825 		1.75
v 12.8 		8.815 		1.75
v 13.2098 		8.192 		1.75
v 13.265 		8.235 		1.75
v 26.144 		-17.998 		1.423
v 13.265 		8.765 		1.75
v 12.8 		8.9537 		1.75
v 12.8355 		8.9683 		1.75
v 12.871 		8.983 		1.75
v 13.0913 		8.988 		1.75
v 13.25 		8.933 		1.75
v 13.129 		8.983 		1.75
v 26.307 		-17.979 		1.342
v 12.735 		8.765 		1.75
v 12.6875 		8.704 		1.75
v 12.75 		8.933 		1.75
v 12.646 		8.854 		1.75
v 12.567 		8.75 		1.75
v 12.548 		8.704 		1.75
v 26.144 		-17.965 		1.342
v 12.638 		8.597 		1.75
v 12.625 		8.5 		1.75
v 12.638 		8.403 		1.75
v 12.675 		8.313 		1.75
v 12.735 		8.235 		1.75
v 12.7909 		8.192 		1.75
v 12.675 		8.688 		1.75
v 12.6111 		8.192 		1.75
v 12.5878 		8.2226 		1.75
v 12.567 		8.25 		1.75
v 12.5317 		8.3355 		1.75
v 12.517 		8.371 		1.75
v 12.517 		8.629 		1.75
v 12.813 		8.175 		1.75
v 12.903 		8.138 		1.75
v 13 		8.125 		1.75
v 13.097 		8.138 		1.75
v 13.188 		8.175 		1.75
v 12.646 		8.146 		1.75
v 12.7226 		8.0878 		1.75
v 13.3764 		8.1754 		1.75
v 13.129 		8.017 		1.75
v 13 		8 		1.75
v 13.25 		8.067 		1.75
v 13.354 		8.146 		1.75
v 26.312 		-17.953 		1.259
v 12.75 		8.067 		1.75
v 12.871 		8.017 		1.75
v 26.144 		-17.938 		1.259
v 13.375 		7.5 		1.75
v 13.362 		7.597 		1.75
v 13.325 		7.688 		1.75
v 13.312 		7.7047 		1.75
v 13.312 		7.2961 		1.75
v 13.325 		7.313 		1.75
v 13.362 		7.403 		1.75
v 13.312 		7.8859 		1.75
v 13.3246 		7.8764 		1.75
v 13.354 		7.854 		1.75
v 13.4122 		7.7774 		1.75
v 26.315 		-17.935 		1.174
v 13.433 		7.75 		1.75
v 13.4689 		7.6631 		1.75
v 13.483 		7.629 		1.75
v 13.4954 		7.5346 		1.75
v 13.433 		7.25 		1.75
v 13.3707 		7.168 		1.75
v 13.483 		7.371 		1.75
v 13.188 		7.825 		1.75
v 13.097 		7.862 		1.75
v 13 		7.875 		1.75
v 12.903 		7.862 		1.75
v 12.813 		7.825 		1.75
v 12.8 		7.815 		1.75
v 13.265 		7.765 		1.75
v 12.8 		7.9537 		1.75
v 12.8355 		7.9683 		1.75
v 12.871 		7.983 		1.75
v 13.0913 		7.988 		1.75
v 13.25 		7.933 		1.75
v 13.129 		7.983 		1.75
v 12.735 		7.765 		1.75
v 12.675 		7.688 		1.75
v 12.6717 		7.68 		1.75
v 12.75 		7.933 		1.75
v 12.646 		7.854 		1.75
v 12.567 		7.75 		1.75
v 12.5381 		7.68 		1.75
v 12.638 		7.597 		1.75
v 12.625 		7.5 		1.75
v 12.638 		7.403 		1.75
v 12.675 		7.313 		1.75
v 12.735 		7.235 		1.75
v 12.813 		7.175 		1.75
v 13.1708 		7.168 		1.75
v 13.188 		7.175 		1.75
v 13.265 		7.235 		1.75
v 12.6293 		7.168 		1.75
v 12.5878 		7.2226 		1.75
v 12.567 		7.25 		1.75
v 12.5317 		7.3355 		1.75
v 12.517 		7.629 		1.75
v 12.517 		7.371 		1.75
v 12.903 		7.138 		1.75
v 13 		7.125 		1.75
v 13.097 		7.138 		1.75
v 12.646 		7.146 		1.75
v 12.7226 		7.0878 		1.75
v 13.129 		7.017 		1.75
v 13 		7 		1.75
v 26.701 		-18.583 		1.766
v 13.25 		7.067 		1.75
v 13.354 		7.146 		1.75
v 26.636 		-18.491 		1.766
v 12.75 		7.067 		1.75
v 12.871 		7.017 		1.75
v 13.375 		6.5 		1.75
v 13.362 		6.597 		1.75
v 13.325 		6.688 		1.75
v 26.808 		-18.663 		1.707
v 13.312 		6.7047 		1.75
v 13.312 		6.2961 		1.75
v 13.325 		6.313 		1.75
v 13.362 		6.403 		1.75
v 13.312 		6.8859 		1.75
v 13.3246 		6.8764 		1.75
v 13.354 		6.854 		1.75
v 13.4122 		6.7774 		1.75
v 13.433 		6.75 		1.75
v 13.4689 		6.6631 		1.75
v 26.756 		-18.551 		1.707
v 13.483 		6.629 		1.75
v 13.4954 		6.5346 		1.75
v 13.354 		6.146 		1.75
v 13.3514 		6.144 		1.75
v 13.433 		6.25 		1.75
v 13.483 		6.371 		1.75
v 26.686 		-18.45 		1.707
v 13.188 		6.825 		1.75
v 13.097 		6.862 		1.75
v 13 		6.875 		1.75
v 12.903 		6.862 		1.75
v 12.813 		6.825 		1.75
v 12.8 		6.815 		1.75
v 13.265 		6.765 		1.75
v 12.8 		6.9537 		1.75
v 12.8355 		6.9683 		1.75
v 12.871 		6.983 		1.75
v 13.0913 		6.988 		1.75
v 13.25 		6.933 		1.75
v 13.129 		6.983 		1.75
v 12.735 		6.765 		1.75
v 12.675 		6.688 		1.75
v 12.662 		6.656 		1.75
v 12.75 		6.933 		1.75
v 12.646 		6.854 		1.75
v 12.567 		6.75 		1.75
v 12.5282 		6.656 		1.75
v 12.8 		6.185 		1.75
v 12.813 		6.175 		1.75
v 12.8884 		6.144 		1.75
v 13.1118 		6.144 		1.75
v 13.188 		6.175 		1.75
v 13.265 		6.235 		1.75
v 12.638 		6.597 		1.75
v 12.625 		6.5 		1.75
v 12.638 		6.403 		1.75
v 12.675 		6.313 		1.75
v 12.735 		6.235 		1.75
v 26.864 		-18.642 		1.643
v 12.646 		6.146 		1.75
v 12.5878 		6.2226 		1.75
v 12.6486 		6.144 		1.75
v 12.567 		6.25 		1.75
v 12.5317 		6.3355 		1.75
v 12.517 		6.629 		1.75
v 26.807 		-18.521 		1.643
v 12.517 		6.371 		1.75
v 12.903 		6.138 		1.75
v 13 		6.125 		1.75
v 13.097 		6.138 		1.75
v 12.7226 		6.0878 		1.75
v 13.129 		6.017 		1.75
v 13 		6 		1.75
v 13.25 		6.067 		1.75
v 12.75 		6.067 		1.75
v 12.871 		6.017 		1.75
v 13.375 		5.5 		1.75
v 13.362 		5.597 		1.75
v 13.325 		5.688 		1.75
v 13.312 		5.7047 		1.75
v 13.312 		5.2961 		1.75
v 13.325 		5.313 		1.75
v 13.362 		5.403 		1.75
v 13.312 		5.8859 		1.75
v 13.3246 		5.8764 		1.75
v 13.354 		5.854 		1.75
v 13.4122 		5.7774 		1.75
v 13.433 		5.75 		1.75
v 13.4689 		5.6631 		1.75
v 26.853 		-18.495 		1.574
v 13.483 		5.629 		1.75
v 13.4954 		5.5346 		1.75
v 13.354 		5.146 		1.75
v 13.3198 		5.12 		1.75
v 13.433 		5.25 		1.75
v 13.483 		5.371 		1.75
v 13.188 		5.825 		1.75
v 13.097 		5.862 		1.75
v 13 		5.875 		1.75
v 12.903 		5.862 		1.75
v 12.813 		5.825 		1.75
v 12.8 		5.815 		1.75
v 13.265 		5.765 		1.75
v 12.8 		5.9537 		1.75
v 12.8355 		5.9683 		1.75
v 26.91 		-18.904 		1.643
v 12.871 		5.983 		1.75
v 25.219 		-19.068 		1.342
v 13.0913 		5.988 		1.75
v 13.25 		5.933 		1.75
v 13.129 		5.983 		1.75
v 26.898 		-18.771 		1.643
v 12.735 		5.765 		1.75
v 12.675 		5.688 		1.75
v 12.6522 		5.632 		1.75
v 12.75 		5.933 		1.75
v 12.646 		5.854 		1.75
v 12.567 		5.75 		1.75
v 12.5182 		5.632 		1.75
v 26.963 		-18.904 		1.574
v 12.8 		5.185 		1.75
v 12.813 		5.175 		1.75
v 12.903 		5.138 		1.75
v 13 		5.125 		1.75
v 13.097 		5.138 		1.75
v 13.188 		5.175 		1.75
v 13.265 		5.235 		1.75
v 25.33 		-19.201 		1.5
v 26.951 		-18.762 		1.574
v 12.638 		5.597 		1.75
v 12.625 		5.5 		1.75
v 12.638 		5.403 		1.75
v 12.675 		5.313 		1.75
v 12.735 		5.235 		1.75
v 25.394 		-19.337 		1.5
v 12.6802 		5.12 		1.75
v 12.6754 		5.1236 		1.75
v 12.646 		5.146 		1.75
v 12.5878 		5.2226 		1.75
v 12.567 		5.25 		1.75
v 12.5317 		5.3355 		1.75
v 12.517 		5.629 		1.75
v 12.517 		5.371 		1.75
v 13.129 		5.017 		1.75
v 13 		5 		1.75
v 13.25 		5.067 		1.75
v 12.75 		5.067 		1.75
v 12.871 		5.017 		1.75
v 25.292 		-19.214 		1.423
v 13.375 		4.5 		1.75
v 13.362 		4.597 		1.75
v 13.325 		4.688 		1.75
v 13.312 		4.7047 		1.75
v 13.312 		4.2961 		1.75
v 13.325 		4.313 		1.75
v 13.362 		4.403 		1.75
v 13.312 		4.8859 		1.75
v 13.3246 		4.8764 		1.75
v 26.644 		-18.904 		1.866
v 13.354 		4.854 		1.75
v 13.4122 		4.7774 		1.75
v 26.317 		-17.923 		1.087
v 13.433 		4.75 		1.75
v 26.636 		-18.818 		1.866
v 13.4689 		4.6631 		1.75
v 13.483 		4.629 		1.75
v 13.4954 		4.5346 		1.75
v 13.354 		4.146 		1.75
v 13.312 		4.1141 		1.75
v 13.433 		4.25 		1.75
v 26.718 		-18.904 		1.819
v 13.483 		4.371 		1.75
v 26.709 		-18.805 		1.819
v 13.188 		4.825 		1.75
v 13.097 		4.862 		1.75
v 13 		4.875 		1.75
v 12.903 		4.862 		1.75
v 12.813 		4.825 		1.75
v 12.8 		4.815 		1.75
v 13.265 		4.765 		1.75
v 12.8 		4.9537 		1.75
v 12.8355 		4.9683 		1.75
v 12.871 		4.983 		1.75
v 26.683 		-18.708 		1.819
v 13.0913 		4.988 		1.75
v 13.25 		4.933 		1.75
v 13.129 		4.983 		1.75
v 12.735 		4.765 		1.75
v 12.675 		4.688 		1.75
v 26.318 		-17.92 		1
v 12.6425 		4.608 		1.75
v 26.144 		-17.904 		1
v 12.75 		4.933 		1.75
v 12.646 		4.854 		1.75
v 12.567 		4.75 		1.75
v 26.112 		-17.9069 		1
v 12.517 		4.629 		1.75
v 26.011 		-18.15 		1.643
v 12.5142 		4.608 		1.75
v 12.8 		4.185 		1.75
v 12.813 		4.175 		1.75
v 12.903 		4.138 		1.75
v 13 		4.125 		1.75
v 13.097 		4.138 		1.75
v 13.188 		4.175 		1.75
v 13.265 		4.235 		1.75
v 13.2882 		4.096 		1.75
v 26.002 		-18.098 		1.574
v 12.638 		4.597 		1.75
v 12.625 		4.5 		1.75
v 12.638 		4.403 		1.75
v 12.675 		4.313 		1.75
v 12.735 		4.235 		1.75
v 12.7118 		4.096 		1.75
v 12.6754 		4.1236 		1.75
v 12.646 		4.146 		1.75
v 12.5878 		4.2226 		1.75
v 12.567 		4.25 		1.75
v 12.5317 		4.3355 		1.75
v 26.787 		-18.904 		1.766
v 12.517 		4.371 		1.75
v 13.129 		4.017 		1.75
v 13 		4 		1.75
v 26.057 		-18.412 		1.866
v 13.25 		4.067 		1.75
v 26.777 		-18.793 		1.766
v 12.75 		4.067 		1.75
v 12.871 		4.017 		1.75
v 26.044 		-18.34 		1.819
v 13.375 		3.5 		1.75
v 13.362 		3.597 		1.75
v 13.325 		3.688 		1.75
v 13.312 		3.7047 		1.75
v 13.312 		3.2961 		1.75
v 13.325 		3.313 		1.75
v 13.362 		3.403 		1.75
v 13.312 		3.8859 		1.75
v 25.948 		-18.365 		1.819
v 13.3246 		3.8764 		1.75
v 13.354 		3.854 		1.75
v 13.4122 		3.7774 		1.75
v 13.433 		3.75 		1.75
v 13.4689 		3.6631 		1.75
v 13.483 		3.629 		1.75
v 13.354 		3.146 		1.75
v 13.312 		3.1141 		1.75
v 13.433 		3.25 		1.75
v 26.851 		-18.904 		1.707
v 13.483 		3.371 		1.75
v 13.188 		3.825 		1.75
v 13.097 		3.862 		1.75
v 13 		3.875 		1.75
v 12.903 		3.862 		1.75
v 12.813 		3.825 		1.75
v 12.8 		3.815 		1.75
v 13.265 		3.765 		1.75
v 26.84 		-18.782 		1.707
v 12.8 		3.9537 		1.75
v 12.871 		3.983 		1.75
v 12.9687 		3.9959 		1.75
v 13.0913 		3.988 		1.75
v 13.25 		3.933 		1.75
v 13.129 		3.983 		1.75
v 12.735 		3.765 		1.75
v 12.675 		3.688 		1.75
v 12.638 		3.597 		1.75
v 12.6363 		3.584 		1.75
v 12.5111 		3.584 		1.75
v 12.5124 		3.5937 		1.75
v 26.032 		-18.271 		1.766
v 12.75 		3.933 		1.75
v 12.646 		3.854 		1.75
v 12.567 		3.75 		1.75
v 12.517 		3.629 		1.75
v 25.924 		-18.3 		1.766
v 12.8 		3.185 		1.75
v 12.813 		3.175 		1.75
v 12.903 		3.138 		1.75
v 13 		3.125 		1.75
v 13.097 		3.138 		1.75
v 13.188 		3.175 		1.75
v 13.265 		3.235 		1.75
v 13.2566 		3.072 		1.75
v 12.625 		3.5 		1.75
v 12.638 		3.403 		1.75
v 12.675 		3.313 		1.75
v 12.735 		3.235 		1.75
v 12.7434 		3.072 		1.75
v 12.6754 		3.1236 		1.75
v 12.646 		3.146 		1.75
v 12.5878 		3.2226 		1.75
v 12.517 		3.371 		1.75
v 12.567 		3.25 		1.75
v 13.129 		3.017 		1.75
v 13 		3 		1.75
v 26.021 		-18.208 		1.707
v 27.14 		-18.904 		1.087
v 13.25 		3.067 		1.75
v 12.75 		3.067 		1.75
v 12.871 		3.017 		1.75
v 26.958 		-18.608 		1.5
v 13.375 		2.5 		1.75
v 13.362 		2.597 		1.75
v 13.325 		2.688 		1.75
v 13.312 		2.7047 		1.75
v 13.312 		2.2961 		1.75
v 13.325 		2.313 		1.75
v 13.362 		2.403 		1.75
v 13.312 		2.8859 		1.75
v 13.3246 		2.8764 		1.75
v 13.354 		2.854 		1.75
v 13.4122 		2.7774 		1.75
v 26.894 		-18.471 		1.5
v 13.433 		2.75 		1.75
v 13.4689 		2.6631 		1.75
v 13.483 		2.629 		1.75
v 26.996 		-18.594 		1.423
v 13.354 		2.146 		1.75
v 13.312 		2.1141 		1.75
v 13.3642 		2.048 		1.75
v 13.433 		2.25 		1.75
v 13.483 		2.371 		1.75
v 26.929 		-18.451 		1.423
v 13.188 		2.825 		1.75
v 13.097 		2.862 		1.75
v 13 		2.875 		1.75
v 12.903 		2.862 		1.75
v 12.813 		2.825 		1.75
v 12.8 		2.815 		1.75
v 13.265 		2.765 		1.75
v 12.8 		2.9537 		1.75
v 12.871 		2.983 		1.75
v 12.9687 		2.9959 		1.75
v 25.994 		-18.052 		1.5
v 13.0913 		2.988 		1.75
v 13.25 		2.933 		1.75
v 13.129 		2.983 		1.75
v 27.027 		-18.583 		1.342
v 12.735 		2.765 		1.75
v 12.675 		2.688 		1.75
v 12.638 		2.597 		1.75
v 12.633 		2.56 		1.75
v 25.987 		-18.012 		1.423
v 12.5079 		2.56 		1.75
v 12.5124 		2.5937 		1.75
v 26.958 		-18.435 		1.342
v 12.75 		2.933 		1.75
v 12.646 		2.854 		1.75
v 12.567 		2.75 		1.75
v 12.517 		2.629 		1.75
v 12.8 		2.185 		1.75
v 12.813 		2.175 		1.75
v 12.903 		2.138 		1.75
v 13 		2.125 		1.75
v 13.097 		2.138 		1.75
v 13.188 		2.175 		1.75
v 13.265 		2.235 		1.75
v 13.25 		2.067 		1.75
v 13.204 		2.048 		1.75
v 12.625 		2.5 		1.75
v 12.638 		2.403 		1.75
v 12.675 		2.313 		1.75
v 25.981 		-17.979 		1.342
v 12.735 		2.235 		1.75
v 12.796 		2.048 		1.75
v 12.7815 		2.054 		1.75
v 12.75 		2.067 		1.75
v 12.6754 		2.1236 		1.75
v 12.646 		2.146 		1.75
v 12.5878 		2.2226 		1.75
v 12.517 		2.371 		1.75
v 12.567 		2.25 		1.75
v 27.01 		-18.904 		1.5
v 13.129 		2.017 		1.75
v 13 		2 		1.75
v 12.871 		2.017 		1.75
v 26.997 		-18.754 		1.5
v 13.375 		1.5 		1.75
v 13.362 		1.597 		1.75
v 13.325 		1.688 		1.75
v 13.312 		1.7047 		1.75
v 13.312 		1.2961 		1.75
v 13.325 		1.313 		1.75
v 13.362 		1.403 		1.75
v 13.312 		1.8859 		1.75
v 13.3246 		1.8764 		1.75
v 13.354 		1.854 		1.75
v 13.4122 		1.7774 		1.75
v 13.433 		1.75 		1.75
v 13.4689 		1.6631 		1.75
v 28.203 		-18.741 		1.985
v 28.174 		-18.733 		1.985
v 28.315 		-18.935 		1.985
v 28.318 		-18.904 		1.985
v 28.315 		-18.874 		1.985
v 28.307 		-18.845 		1.985
v 28.294 		-18.818 		1.985
v 28.403 		-18.904 		1.966
v 28.399 		-18.859 		1.966
v 28.226 		-18.875 		1.996
v 13.483 		1.629 		1.75
v 28.219 		-18.861 		1.996
v 13.354 		1.146 		1.75
v 13.312 		1.1141 		1.75
v 13.433 		1.25 		1.75
v 28.211 		-18.848 		1.996
v 13.483 		1.371 		1.75
v 28.2 		-18.838 		1.996
v 13.188 		1.825 		1.75
v 13.097 		1.862 		1.75
v 13 		1.875 		1.75
v 28.188 		-18.829 		1.996
v 12.903 		1.862 		1.75
v 12.813 		1.825 		1.75
v 12.8 		1.815 		1.75
v 13.265 		1.765 		1.75
v 12.8 		1.9537 		1.75
v 12.8355 		1.9683 		1.75
v 28.174 		-18.822 		1.996
v 12.871 		1.983 		1.75
v 12.9687 		1.9959 		1.75
v 13.0913 		1.988 		1.75
v 13.25 		1.933 		1.75
v 13.129 		1.983 		1.75
v 25.359 		-19.358 		1.423
v 12.735 		1.765 		1.75
v 12.675 		1.688 		1.75
v 12.638 		1.597 		1.75
v 12.6298 		1.536 		1.75
v 12.5047 		1.536 		1.75
v 12.5124 		1.5937 		1.75
v 12.75 		1.933 		1.75
v 12.646 		1.854 		1.75
v 12.567 		1.75 		1.75
v 12.517 		1.629 		1.75
v 25.261 		-19.226 		1.342
v 25.33 		-19.374 		1.342
v 25.193 		-19.072 		1.259
v 28.226 		-18.934 		1.996
v 28.23 		-18.92 		1.996
v 25.236 		-19.235 		1.259
v 28.231 		-18.904 		1.996
v 28.23 		-18.889 		1.996
v 25.308 		-19.387 		1.259
v 25.976 		-17.953 		1.259
v 25.174 		-19.075 		1.174
v 25.973 		-17.935 		1.174
v 25.219 		-19.241 		1.174
v 25.971 		-17.923 		1.087
v 25.291 		-19.397 		1.174
v 25.97 		-17.92 		1
v 28.144 		-18.482 		1.906
v 25.163 		-19.077 		1.087
v 26.394 		-18.471 		1.866
v 28.071 		-18.488 		1.906
v 25.208 		-19.245 		1.087
v 27.999 		-18.507 		1.906
v 25.281 		-19.402 		1.087
v 26.406 		-18.685 		1.94
v 27.933 		-18.538 		1.906
v 25.159 		-19.078 		1
v 25.2033 		-19.2433 		1
v 25.204 		-19.246 		1
v 27.973 		-18.435 		1.866
v 25.278 		-19.404 		1
v 25.3144 		-19.456 		1
v 26.416 		-18.581 		1.906
v 25.481 		-19.461 		1.5
v 25.587 		-19.568 		1.5
v 25.45 		-19.487 		1.423
v 25.561 		-19.599 		1.423
v 26.355 		-18.538 		1.906
v 26.289 		-18.507 		1.906
v 26.217 		-18.488 		1.906
v 26.144 		-18.482 		1.906
v 25.424 		-19.508 		1.342
v 25.54 		-19.624 		1.342
v 26.315 		-18.435 		1.866
v 12.8 		1.185 		1.75
v 12.813 		1.175 		1.75
v 12.903 		1.138 		1.75
v 13 		1.125 		1.75
v 13.097 		1.138 		1.75
v 13.188 		1.175 		1.75
v 13.265 		1.235 		1.75
v 13.25 		1.067 		1.75
v 13.1459 		1.024 		1.75
v 12.8541 		1.024 		1.75
v 12.8 		1.0463 		1.75
v 25.404 		-19.525 		1.259
v 12.625 		1.5 		1.75
v 12.638 		1.403 		1.75
v 12.675 		1.313 		1.75
v 12.735 		1.235 		1.75
v 12.7815 		1.054 		1.75
v 25.523 		-19.644 		1.259
v 12.75 		1.067 		1.75
v 12.6754 		1.1236 		1.75
v 12.646 		1.146 		1.75
v 12.5878 		1.2226 		1.75
v 25.39 		-19.537 		1.174
v 12.517 		1.371 		1.75
v 12.567 		1.25 		1.75
v 25.511 		-19.659 		1.174
v 26.273 		-18.68 		1.966
v 13.129 		1.017 		1.75
v 13 		1 		1.75
v 12.871 		1.017 		1.75
v 26.364 		-18.642 		1.94
v 13.3734 		0.512 		1.75
v 13.362 		0.597 		1.75
v 13.325 		0.688 		1.75
v 13.312 		0.7047 		1.75
v 13.312 		0.8859 		1.75
v 13.3246 		0.8764 		1.75
v 13.483 		0.629 		1.75
v 13.4984 		0.512 		1.75
v 13.433 		0.75 		1.75
v 25.381 		-19.545 		1.087
v 13.354 		0.854 		1.75
v 26.315 		-18.608 		1.94
v 13.188 		0.825 		1.75
v 13.097 		0.862 		1.75
v 13 		0.875 		1.75
v 12.903 		0.862 		1.75
v 12.813 		0.825 		1.75
v 12.8 		0.815 		1.75
v 13.265 		0.765 		1.75
v 12.8 		0.9537 		1.75
v 12.8355 		0.9683 		1.75
v 25.504 		-19.668 		1.087
v 26.261 		-18.583 		1.94
v 10.5 		3 		2
v 10.5 		2 		2
v 9 		4 		2
v 9 		3 		2
v 10 		2 		2
v 10 		3 		2
v 25.378 		-19.547 		1
v 25.501 		-19.67 		1
v 24.922 		-16.549 		2
v 24.922 		-16.549 		1
v 25.922 		-16.549 		1
v 25.922 		-16.549 		2
v 25.922 		16.451 		2
v 25.922 		16.451 		1
v 24.922 		16.451 		1
v 12.871 		0.983 		1.75
v 24.922 		16.451 		2
v 12.9687 		0.9959 		1.75
v 23.422 		16.451 		1
v 23.422 		16.451 		2
v 23.422 		-16.549 		2
v 23.422 		-16.549 		1
v 13.0913 		0.988 		1.75
v 13.25 		0.933 		1.75
v 26.233 		-18.661 		1.966
v 13.129 		0.983 		1.75
v 12.735 		0.765 		1.75
v 12.675 		0.688 		1.75
v 12.638 		0.597 		1.75
v 12.6266 		0.512 		1.75
v 22.422 		16.451 		2
v 22.422 		16.451 		1
v 22.422 		-16.549 		1
v 22.422 		-16.549 		2
v 12.5016 		0.512 		1.75
v 12.5124 		0.5937 		1.75
v 12.75 		0.933 		1.75
v 28.144 		-18.646 		1.966
v 12.646 		0.854 		1.75
v 12.567 		0.75 		1.75
v 22.614 		-35.31 		1
v 22.614 		-35.31 		1.5
v 22.614 		-34.31 		1.5
v 22.614 		-34.31 		1
v 12.517 		0.629 		1.75
v 28.099 		-18.649 		1.966
v 28.055 		-18.661 		1.966
v 13.312 		0.2961 		1.75
v 13.325 		0.313 		1.75
v 13.362 		0.403 		1.75
v 13.375 		0.5 		1.75
v 13.354 		0.146 		1.75
v 13.312 		0.1141 		1.75
v 13.433 		0.25 		1.75
v 13.483 		0.371 		1.75
v 21.922 		16.451 		1
v 21.922 		16.451 		2
v 21.922 		-16.549 		2
v 21.922 		-16.549 		1
v 12.8 		0.185 		1.75
v 28.015 		-18.68 		1.966
v 12.813 		0.175 		1.75
v 12.903 		0.138 		1.75
v 13 		0.125 		1.75
v 13.097 		0.138 		1.75
v 20.922 		16.451 		2
v 13.188 		0.175 		1.75
v 13.265 		0.235 		1.75
v 13.129 		0.017 		1.75
v 13 		0 		1.75
v 13.25 		0.067 		1.75
v 12.871 		0.017 		1.75
v 12.8 		0.0463 		1.75
v 12.625 		0.5 		1.75
v 12.638 		0.403 		1.75
v 12.675 		0.313 		1.75
v 12.735 		0.235 		1.75
v 28.144 		-18.562 		1.94
v 12.7815 		0.054 		1.75
v 12.75 		0.067 		1.75
v 12.6754 		0.1236 		1.75
v 12.646 		0.146 		1.75
v 12.5878 		0.2226 		1.75
v 12.517 		0.371 		1.75
v 28.085 		-18.568 		1.94
v 12.567 		0.25 		1.75
v 20.922 		-16.549 		2
v 20.922 		16.451 		1
v 20.922 		-16.549 		1
v 21 		-21 		3
v 21 		-27 		3
v 13.375 		-0.5 		1.75
v 13.362 		-0.403 		1.75
v 13.325 		-0.313 		1.75
v 13.312 		-0.2961 		1.75
v 13.3734 		-0.512 		1.75
v 13.312 		-0.1141 		1.75
v 13.3246 		-0.1236 		1.75
v 13.354 		-0.146 		1.75
v 13.4122 		-0.2226 		1.75
v 13.4984 		-0.512 		1.75
v 13.483 		-0.371 		1.75
v 13.433 		-0.25 		1.75
v 28.027 		-18.583 		1.94
v 21 		-27 		1
v 21 		-21 		1
v 21.614 		-35.31 		1.5
v 21.614 		-35.31 		1
v 21.614 		-34.31 		1
v 21.614 		-34.31 		1.5
v 13.188 		-0.175 		1.75
v 13.097 		-0.138 		1.75
v 13 		-0.125 		1.75
v 12.903 		-0.138 		1.75
v 12.813 		-0.175 		1.75
v 27.973 		-18.608 		1.94
v 12.8 		-0.185 		1.75
v 13.265 		-0.235 		1.75
v 12.8 		-0.0463 		1.75
v 12.8355 		-0.0317 		1.75
v 12.871 		-0.017 		1.75
v 12.9687 		-0.0041 		1.75
v 27.924 		-18.642 		1.94
v 13.0937 		-0.0124 		1.75
v 13.25 		-0.067 		1.75
v 19.422 		-16.549 		2
v 19.422 		16.451 		2
v 13.129 		-0.017 		1.75
v 19.422 		-16.549 		1
v 19.422 		16.451 		1
v 18.422 		16.451 		2
v 18.422 		16.451 		1
v 18.422 		-16.549 		1
v 18.422 		-16.549 		2
v 19 		-35.31 		1
v 19 		-35.31 		1.5
v 19 		-34.31 		1.5
v 19 		-34.31 		1
v 12.735 		-0.235 		1.75
v 12.675 		-0.313 		1.75
v 12.638 		-0.403 		1.75
v 12.625 		-0.5 		1.75
v 12.6266 		-0.512 		1.75
v 12.5124 		-0.4063 		1.75
v 12.5016 		-0.512 		1.75
v 12.75 		-0.067 		1.75
v 12.646 		-0.146 		1.75
v 12.567 		-0.25 		1.75
v 12.517 		-0.371 		1.75
v 13.312 		-0.7047 		1.75
v 13.325 		-0.688 		1.75
v 13.362 		-0.597 		1.75
v 13.354 		-0.854 		1.75
v 13.312 		-0.8859 		1.75
v 13.433 		-0.75 		1.75
v 13.483 		-0.629 		1.75
v 12.8 		-0.815 		1.75
v 12.813 		-0.825 		1.75
v 12.903 		-0.862 		1.75
v 13 		-0.875 		1.75
v 13.097 		-0.862 		1.75
v 13.188 		-0.825 		1.75
v 13.265 		-0.765 		1.75
v 13.129 		-0.983 		1.75
v 13 		-1 		1.75
v 13.25 		-0.933 		1.75
v 12.871 		-0.983 		1.75
v 12.8 		-0.9537 		1.75
v 12.638 		-0.597 		1.75
v 12.675 		-0.688 		1.75
v 12.735 		-0.765 		1.75
v 12.7796 		-0.9452 		1.75
v 12.75 		-0.933 		1.75
v 12.6754 		-0.8764 		1.75
v 12.517 		-0.629 		1.75
v 12.567 		-0.75 		1.75
v 12.646 		-0.854 		1.75
v 13.129 		-1.017 		1.75
v 13.1459 		-1.024 		1.75
v 12.871 		-1.017 		1.75
v 12.8541 		-1.024 		1.75
v 13.375 		-1.5 		1.75
v 13.362 		-1.403 		1.75
v 13.325 		-1.313 		1.75
v 13.312 		-1.2961 		1.75
v 13.312 		-1.7047 		1.75
v 13.325 		-1.688 		1.75
v 13.362 		-1.597 		1.75
v 13.312 		-1.1141 		1.75
v 13.3246 		-1.1236 		1.75
v 13.354 		-1.146 		1.75
v 13.4122 		-1.2226 		1.75
v 13.433 		-1.25 		1.75
v 13.4683 		-1.3355 		1.75
v 13.483 		-1.371 		1.75
v 13.354 		-1.854 		1.75
v 13.312 		-1.8859 		1.75
v 13.433 		-1.75 		1.75
v 13.483 		-1.629 		1.75
v 17.922 		-16.549 		2
v 17.922 		-16.549 		1
v 17.922 		16.451 		1
v 17.922 		16.451 		2
v 13.097 		-1.138 		1.75
v 13 		-1.125 		1.75
v 12.903 		-1.138 		1.75
v 16.625 		-28.025 		2.25
v 12.813 		-1.175 		1.75
v 16.625 		-28.025 		1
v 16.625 		-25.275 		1
v 12.8 		-1.185 		1.75
v 16.625 		-25.275 		2.25
v 13.265 		-1.235 		1.75
v 13.188 		-1.175 		1.75
v 15.375 		-26.982 		2
v 15.25 		-26.982 		2
v 15.25 		-27.482 		2
v 15.375 		-27.482 		2
v 15.375 		-25.732 		2
v 15.25 		-25.732 		2
v 15.25 		-26.232 		2
v 12.8 		-1.0463 		1.75
v 15.375 		-26.232 		2
v 12.8355 		-1.0317 		1.75
v 15.375 		-27.482 		1
v 15.375 		-26.982 		1
v 13.25 		-1.067 		1.75
v 15.375 		-26.232 		1
v 15.375 		-25.732 		1
v 15.375 		-25.275 		2.25
v 15.375 		-28.025 		2.25
v 12.735 		-1.235 		1.75
v 12.675 		-1.313 		1.75
v 12.638 		-1.403 		1.75
v 12.625 		-1.5 		1.75
v 15.375 		-28.025 		1
v 12.6298 		-1.536 		1.75
v 12.5047 		-1.536 		1.75
v 12.5046 		-1.5346 		1.75
v 15.375 		-25.275 		1
v 12.5124 		-1.4063 		1.75
v 12.75 		-1.067 		1.75
v 15.25 		-6.525 		3
v 15.25 		-6.525 		2
v 15.25 		-5 		2
v 15.25 		-5 		3
v 12.646 		-1.146 		1.75
v 12.567 		-1.25 		1.75
v 27.05 		-18.904 		1.423
v 12.517 		-1.371 		1.75
v 12.8 		-1.815 		1.75
v 12.813 		-1.825 		1.75
v 12.903 		-1.862 		1.75
v 13 		-1.875 		1.75
v 13.097 		-1.862 		1.75
v 13.188 		-1.825 		1.75
v 13.265 		-1.765 		1.75
v 27.037 		-18.747 		1.423
v 15 		-5.525 		2
v 15 		-5 		2
v 13.129 		-1.983 		1.75
v 13 		-2 		1.75
v 13.25 		-1.933 		1.75
v 15 		-5 		2.5
v 15 		9.475 		2
v 15 		9.475 		2.5
v 12.871 		-1.983 		1.75
v 12.8 		-1.9537 		1.75
v 14.5 		-5 		2.5
v 14.5 		9.475 		2.5
v 12.638 		-1.597 		1.75
v 12.675 		-1.688 		1.75
v 12.735 		-1.765 		1.75
v 14.5 		-27.482 		2
v 12.7796 		-1.9452 		1.75
v 14.5 		-26.982 		2
v 14.5 		-26.232 		2
v 12.75 		-1.933 		1.75
v 12.6754 		-1.8764 		1.75
v 14.5 		-25.732 		2
v 14.5 		16.3999 		2
v 12.517 		-1.629 		1.75
v 14.58 		15.55 		2
v 14.5 		15.5091 		2
v 12.567 		-1.75 		1.75
v 14.691 		15.661 		2
v 12.646 		-1.854 		1.75
v 14.762 		15.8 		2
v 27.084 		-18.904 		1.342
v 14.786 		15.954 		2
v 13.129 		-2.017 		1.75
v 13.204 		-2.048 		1.75
v 14.762 		16.109 		2
v 14.691 		16.248 		2
v 12.871 		-2.017 		1.75
v 14.58 		16.359 		2
v 12.796 		-2.048 		1.75
v 14.5311 		16.384 		1
v 14.5 		16.3999 		1
v 13.312 		-2.7047 		1.75
v 13.325 		-2.688 		1.75
v 13.362 		-2.597 		1.75
v 13.375 		-2.5 		1.75
v 13.362 		-2.403 		1.75
v 13.325 		-2.313 		1.75
v 27.069 		-18.741 		1.342
v 13.312 		-2.2961 		1.75
v 14.5 		15.5091 		1
v 14.58 		15.55 		1
v 13.312 		-2.1141 		1.75
v 13.3246 		-2.1236 		1.75
v 14.691 		15.661 		1
v 13.354 		-2.146 		1.75
v 13.4122 		-2.2226 		1.75
v 14.762 		15.8 		1
v 14.786 		15.954 		1
v 13.433 		-2.25 		1.75
v 13.4683 		-2.3355 		1.75
v 14.762 		16.109 		1
v 14.691 		16.248 		1
v 13.483 		-2.371 		1.75
v 14.58 		16.359 		1
v 13.354 		-2.854 		1.75
v 13.312 		-2.8859 		1.75
v 13.433 		-2.75 		1.75
v 13.483 		-2.629 		1.75
v 14.5 		-6.525 		2
v 14.5 		-5.525 		2
v 13.097 		-2.138 		1.75
v 13 		-2.125 		1.75
v 12.903 		-2.138 		1.75
v 12.813 		-2.175 		1.75
v 12.8 		-2.185 		1.75
v 13.265 		-2.235 		1.75
v 13.188 		-2.175 		1.75
v 13.25 		-2.067 		1.75
v 14.5 		-5 		2
v 14.5 		-4 		2
v 14.5 		9.475 		2
v 12.675 		-2.313 		1.75
v 12.638 		-2.403 		1.75
v 12.625 		-2.5 		1.75
v 12.633 		-2.56 		1.75
v 16.922 		16.451 		2
v 16.922 		16.451 		1
v 16.922 		-16.549 		1
v 16.922 		-16.549 		2
v 12.735 		-2.235 		1.75
v 12.5079 		-2.56 		1.75
v 12.5046 		-2.5346 		1.75
v 12.5124 		-2.4063 		1.75
v 14.5 		10 		1
v 14.5 		10 		2
v 14.5 		-4 		1
v 12.75 		-2.067 		1.75
v 14 		-5 		3
v 14 		-6.525 		3
v 27.11 		-18.904 		1.259
v 12.646 		-2.146 		1.75
v 14 		-6.525 		2
v 12.567 		-2.25 		1.75
v 14 		-5 		2
v 12.517 		-2.371 		1.75
v 12.8 		-2.815 		1.75
v 12.813 		-2.825 		1.75
v 12.903 		-2.862 		1.75
v 13 		-2.875 		1.75
v 13.097 		-2.862 		1.75
v 13.188 		-2.825 		1.75
v 27.095 		-18.737 		1.259
v 13.265 		-2.765 		1.75
v 14.441 		16.43 		2
v 14.286 		16.454 		2
v 14.132 		16.43 		2
v 13.129 		-2.983 		1.75
v 13.25 		-2.933 		1.75
v 14.441 		15.479 		2
v 14.132 		15.479 		2
v 14.286 		15.454 		2
v 12.871 		-2.983 		1.75
v 27.052 		-18.574 		1.259
v 12.8 		-2.9537 		1.75
v 12.638 		-2.597 		1.75
v 12.675 		-2.688 		1.75
v 12.735 		-2.765 		1.75
v 12.7796 		-2.9452 		1.75
v 12.75 		-2.933 		1.75
v 12.6754 		-2.8764 		1.75
v 12.517 		-2.629 		1.75
v 12.567 		-2.75 		1.75
v 12.646 		-2.854 		1.75
v 27.129 		-18.904 		1.174
v 11.688 		8.825 		1.75
v 11.597 		8.862 		1.75
v 11.5 		8.875 		1.75
v 11.403 		8.862 		1.75
v 11.313 		8.825 		1.75
v 11.8125 		8.704 		1.75
v 11.765 		8.765 		1.75
v 27.114 		-18.733 		1.174
v 11.3355 		8.9683 		1.75
v 14.441 		16.43 		1
v 14.286 		16.454 		1
v 14.132 		16.43 		1
v 26.189 		-18.649 		1.966
v 14.0413 		16.384 		1
v 14.336 		15.4621 		1
v 14.441 		15.479 		1
v 27.069 		-18.568 		1.174
v 14.286 		15.454 		1
v 14 		16.3631 		1
v 14.132 		15.479 		1
v 14 		15.5459 		1
v 26.144 		-18.646 		1.966
v 14 		-21.025 		2.25
v 14 		-18.275 		2.25
v 14 		-18.275 		1
v 14 		-21.025 		1
v 0 		-5 		6
v 0 		11.7273 		6
v 0.25 		-28.025 		2.25
v 27.894 		-18.471 		1.866
v 0.25 		-27.482 		2
v 0.25 		-26.982 		2
v 0.25 		-26.232 		2
v 0.25 		-25.732 		2
v 0.25 		-25.275 		2.25
v 26.203 		-18.568 		1.94
v 27.823 		-18.521 		1.866
v 26.144 		-18.562 		1.94
v 0.25 		-28.025 		1
v 0.25 		-27.482 		1
v 0.25 		-26.982 		1
v 0.25 		-26.232 		1
v 27.775 		-18.465 		1.819
v 0.25 		-25.732 		1
v 0.25 		-25.275 		1
v 27.705 		-18.536 		1.819
v 0 		-5 		1
v 0 		11.7273 		1
v -7.714 		-33.546 		2
v -7.868 		-33.57 		2
v -8.008 		-33.641 		2
v -8.118 		-33.752 		2
v -7.309 		-33.752 		2
v -7.42 		-33.641 		2
v -7.559 		-33.57 		2
v 26.387 		-18.816 		1.966
v 26.368 		-18.775 		1.966
v -7.214 		-34.046 		2
v -7.238 		-33.891 		2
v -8.189 		-33.891 		2
v -8.214 		-34.046 		2
v -8.189 		-34.2 		2
v -8.118 		-34.339 		2
v -8.008 		-34.45 		2
v -7.868 		-34.521 		2
v -7.714 		-34.546 		2
v -7.559 		-34.521 		2
v -7.42 		-34.45 		2
v -7.309 		-34.339 		2
v -7.238 		-34.2 		2
v 8.5 		3 		2
v 8.5 		4 		2
v 27.125 		-18.731 		1.087
v 27.08 		-18.564 		1.087
v 26.403 		-18.904 		1.966
v 26.399 		-18.859 		1.966
v 27.882 		-18.685 		1.94
v 27.872 		-18.581 		1.906
v 27.82 		-18.633 		1.906
v 26.277 		-18.793 		1.985
v 26.256 		-18.771 		1.985
v 27.761 		-18.583 		1.866
v 27.711 		-18.654 		1.866
v 26.342 		-18.738 		1.966
v 26.31 		-18.706 		1.966
v 27.652 		-18.491 		1.766
v 12.75 		-20.482 		2
v 12.75 		-19.232 		2
v 12.75 		-19.982 		2
v 28.144 		-18.731 		1.985
v 12.75 		-18.732 		2
v 28.114 		-18.733 		1.985
v 13.325 		8.688 		2
v 13.362 		8.597 		2
v 26.231 		-18.754 		1.985
v 13.375 		8.5 		2
v 28.085 		-18.741 		1.985
v 13.354 		8.854 		2
v 13.362 		8.403 		2
v 13.433 		8.75 		2
v 26.203 		-18.741 		1.985
v 28.057 		-18.754 		1.985
v 13.325 		8.313 		2
v 13.483 		8.629 		2
v 28.032 		-18.771 		1.985
v 26.174 		-18.733 		1.985
v 13.433 		8.25 		2
v 13.483 		8.371 		2
v 12.813 		8.825 		2
v 12.903 		8.862 		2
v 26.144 		-18.731 		1.985
v 13 		8.875 		2
v 13.097 		8.862 		2
v 13.188 		8.825 		2
v 26.114 		-18.733 		1.985
v 12.871 		8.983 		2
v 13.265 		8.765 		2
v 13.25 		8.933 		2
v 13.129 		8.983 		2
v 13.265 		8.235 		2
v 12.735 		8.765 		2
v 12.75 		8.933 		2
v 12.646 		8.854 		2
v 12.567 		8.75 		2
v 12.735 		8.235 		2
v 12.675 		8.313 		2
v 12.638 		8.403 		2
v 12.625 		8.5 		2
v 12.638 		8.597 		2
v 12.567 		8.25 		2
v 12.675 		8.688 		2
v 12.517 		8.371 		2
v 27.1406 		-18.944 		1
v 26.315 		-18.935 		1.985
v 27.129 		-18.731 		1
v 12.517 		8.629 		2
v 12.5 		8.5 		2
v 27.084 		-18.562 		1
v 26.318 		-18.904 		1.985
v 27.0854 		-18.5671 		1
v 12.903 		8.138 		2
v 13 		8.125 		2
v 12.813 		8.175 		2
v 12.646 		8.146 		2
v 26.315 		-18.874 		1.985
v 26.898 		-19.037 		1.643
v 13.188 		8.175 		2
v 13.097 		8.138 		2
v 26.307 		-18.845 		1.985
v 13 		8 		2
v 13.129 		8.017 		2
v 13.25 		8.067 		2
v 26.914 		-19.185 		1.574
v 13.354 		8.146 		2
v 26.294 		-18.818 		1.985
v 26.951 		-19.047 		1.574
v 12.75 		8.067 		2
v 12.871 		8.017 		2
v 13.325 		7.688 		2
v 13.362 		7.597 		2
v 13.375 		7.5 		2
v 13.354 		7.854 		2
v 26.636 		-18.991 		1.866
v 26.641 		-19.191 		1.819
v 26.683 		-19.101 		1.819
v 26.226 		-18.875 		1.996
v 26.219 		-18.861 		1.996
v 26.709 		-19.004 		1.819
v 26.211 		-18.848 		1.996
v 26.2 		-18.838 		1.996
v 26.188 		-18.829 		1.996
v 26.748 		-19.124 		1.766
v 26.777 		-19.016 		1.766
v 26.174 		-18.822 		1.996
v 26.159 		-18.819 		1.996
v 26.144 		-18.817 		1.996
v 26.129 		-18.819 		1.996
v 26.114 		-18.822 		1.996
v 26.808 		-19.146 		1.707
v 26.84 		-19.027 		1.707
v 26.864 		-19.166 		1.643
v 13.362 		7.403 		2
v 13.433 		7.75 		2
v -7.2886 		-33.792 		1
v -7.309 		-33.752 		1
v -7.42 		-33.641 		1
v 28.011 		-18.793 		1.985
v 13.325 		7.313 		2
v -7.559 		-33.57 		1
v 13.483 		7.629 		2
v -7.714 		-33.546 		1
v -7.868 		-33.57 		1
v -8.008 		-33.641 		1
v -8.118 		-33.752 		1
v 13.433 		7.25 		2
v -8.1384 		-33.792 		1
v 13.483 		7.371 		2
v -7.714 		-34.546 		1
v -7.559 		-34.521 		1
v 26.226 		-18.934 		1.996
v -7.42 		-34.45 		1
v -7.309 		-34.339 		1
v 26.23 		-18.92 		1.996
v 12.813 		7.825 		2
v -7.238 		-34.2 		1
v 12.903 		7.862 		2
v 26.231 		-18.904 		1.996
v -7.214 		-34.046 		1
v 13 		7.875 		2
v -7.238 		-33.891 		1
v 27.978 		-18.706 		1.966
v 26.23 		-18.889 		1.996
v 13.097 		7.862 		2
v -8.189 		-33.891 		1
v 13.188 		7.825 		2
v -8.214 		-34.046 		1
v 27.946 		-18.738 		1.966
v 12.871 		7.983 		2
v -8.189 		-34.2 		1
v -8.118 		-34.339 		1
v 13.265 		7.765 		2
v 27.92 		-18.775 		1.966
v -8.008 		-34.45 		1
v -7.868 		-34.521 		1
v 13.25 		7.933 		2
v 13.129 		7.983 		2
v 11.371 		8.983 		1.75
v 11.5913 		8.988 		1.75
v 12.675 		7.688 		2
v 12.735 		7.765 		2
v 11.933 		8.75 		1.75
v 11.952 		8.704 		1.75
v 11.854 		8.854 		1.75
v 11.75 		8.933 		1.75
v 12.75 		7.933 		2
v 11.629 		8.983 		1.75
v 12.646 		7.854 		2
v 12.567 		7.75 		2
v 11.862 		8.403 		1.75
v 11.875 		8.5 		1.75
v 11.862 		8.597 		1.75
v 12.813 		7.175 		2
v 11.825 		8.688 		1.75
v 12.735 		7.235 		2
v 12.675 		7.313 		2
v 12.638 		7.403 		2
v 28.159 		-18.819 		1.996
v 12.625 		7.5 		2
v 28.144 		-18.817 		1.996
v 12.638 		7.597 		2
v 28.129 		-18.819 		1.996
v 12.567 		7.25 		2
v 28.114 		-18.822 		1.996
v 28.1 		-18.829 		1.996
v 12.517 		7.629 		2
v 12.5 		7.5 		2
v 12.517 		7.371 		2
v 13.265 		7.235 		2
v 13.188 		7.175 		2
v 12.903 		7.138 		2
v 13 		7.125 		2
v 12.646 		7.146 		2
v 13.097 		7.138 		2
v 13 		7 		2
v 13.129 		7.017 		2
v 13.25 		7.067 		2
v 13.354 		7.146 		2
v 12.75 		7.067 		2
v 12.871 		7.017 		2
v 13.325 		6.688 		2
v 13.362 		6.597 		2
v 13.375 		6.5 		2
v 13.354 		6.854 		2
v 28.088 		-18.838 		1.996
v 13.362 		6.403 		2
v 28.077 		-18.848 		1.996
v 13.433 		6.75 		2
v 28.069 		-18.861 		1.996
v 13.325 		6.313 		2
v 28.062 		-18.875 		1.996
v 13.483 		6.629 		2
v 13.354 		6.146 		2
v 13.433 		6.25 		2
v 13.483 		6.371 		2
v 12.813 		6.825 		2
v 12.903 		6.862 		2
v 13 		6.875 		2
v 13.097 		6.862 		2
v 13.188 		6.825 		2
v 12.871 		6.983 		2
v 13.265 		6.765 		2
v 13.25 		6.933 		2
v 28.144 		-18.904 		2
v 13.129 		6.983 		2
v 12.675 		6.688 		2
v 12.735 		6.765 		2
v 12.75 		6.933 		2
v 12.646 		6.854 		2
v 12.567 		6.75 		2
v 12.813 		6.175 		2
v 13.265 		6.235 		2
v 13.188 		6.175 		2
v 12.735 		6.235 		2
v 12.675 		6.313 		2
v 12.638 		6.403 		2
v 12.625 		6.5 		2
v 12.646 		6.146 		2
v 12.638 		6.597 		2
v 12.567 		6.25 		2
v 12.517 		6.629 		2
v 12.5 		6.5 		2
v 12.517 		6.371 		2
v 26.636 		-19.318 		1.766
v 12.903 		6.138 		2
v 13 		6.125 		2
v 13.097 		6.138 		2
v 26.701 		-19.226 		1.766
v 13 		6 		2
v 13.129 		6.017 		2
v 13.25 		6.067 		2
v 12.75 		6.067 		2
v 12.871 		6.017 		2
v 13.325 		5.688 		2
v 26.686 		-19.359 		1.707
v 13.362 		5.597 		2
v 13.375 		5.5 		2
v 26.756 		-19.258 		1.707
v 13.354 		5.854 		2
v 12.75 		-20.482 		1
v 12.75 		-21.025 		1
v 13.362 		5.403 		2
v 13.433 		5.75 		2
v 13.325 		5.313 		2
v 13.483 		5.629 		2
v 12.75 		-19.232 		1
v 12.75 		-19.982 		1
v 12.75 		-18.275 		1
v 12.75 		-18.732 		1
v 26.731 		-19.397 		1.643
v 13.354 		5.146 		2
v 13.433 		5.25 		2
v 13.483 		5.371 		2
v 12.813 		5.825 		2
v 12.903 		5.862 		2
v 26.807 		-19.287 		1.643
v 13 		5.875 		2
v 13.097 		5.862 		2
v -7 		-21.025 		1
v -7 		-21.025 		2.25
v -7 		-18.275 		2.25
v -7 		-18.275 		1
v 13.188 		5.825 		2
v -6.214 		-33.546 		2
v -6.368 		-33.57 		2
v -6.508 		-33.641 		2
v -6.618 		-33.752 		2
v 12.871 		5.983 		2
v -6.689 		-33.891 		2
v 13.265 		5.765 		2
v -6.714 		-34.046 		2
v -6.689 		-34.2 		2
v -6.618 		-34.339 		2
v -6.508 		-34.45 		2
v -6.368 		-34.521 		2
v -6.214 		-34.546 		2
v 26.772 		-19.431 		1.574
v 26.853 		-19.314 		1.574
v 13.25 		5.933 		2
v 13.129 		5.983 		2
v 12.675 		5.688 		2
v 12.735 		5.765 		2
v 12.75 		5.933 		2
v 12.646 		5.854 		2
v 12.567 		5.75 		2
v -6.119 		-33.5607 		1
v -6.214 		-33.546 		1
v -6.368 		-33.57 		1
v -6.508 		-33.641 		1
v 12.903 		5.138 		2
v 13 		5.125 		2
v -6.618 		-33.752 		1
v 12.813 		5.175 		2
v -6.6384 		-33.792 		1
v -6.214 		-34.546 		1
v -6.119 		-34.5307 		1
v 13.265 		5.235 		2
v -6.689 		-33.891 		1
v 13.188 		5.175 		2
v -6.714 		-34.046 		1
v 13.097 		5.138 		2
v -6.689 		-34.2 		1
v -6.618 		-34.339 		1
v -6.508 		-34.45 		1
v 12.735 		5.235 		2
v -6.368 		-34.521 		1
v 12.675 		5.313 		2
v 12.638 		5.403 		2
v 12.625 		5.5 		2
v -1 		-28.025 		2.25
v -1 		-25.275 		2.25
v 12.646 		5.146 		2
v -5.375 		-21.025 		2.25
v -5.375 		-20.482 		2
v -5.375 		-19.982 		2
v 12.638 		5.597 		2
v -5.375 		-19.232 		2
v -5.375 		-18.732 		2
v -5.375 		-18.275 		2.25
v 12.567 		5.25 		2
v -5.008 		-33.641 		2
v -5.118 		-33.752 		2
v -4.309 		-33.752 		2
v -4.42 		-33.641 		2
v -4.559 		-33.57 		2
v -4.714 		-33.546 		2
v -4.868 		-33.57 		2
v 12.517 		5.629 		2
v 12.5 		5.5 		2
v 12.517 		5.371 		2
v -5.214 		-34.046 		2
v -5.189 		-34.2 		2
v -5.118 		-34.339 		2
v -5.008 		-34.45 		2
v -4.868 		-34.521 		2
v -4.714 		-34.546 		2
v -4.559 		-34.521 		2
v -4.42 		-34.45 		2
v -4.309 		-34.339 		2
v -4.238 		-34.2 		2
v -4.214 		-34.046 		2
v -4.238 		-33.891 		2
v 13 		5 		2
v -5.189 		-33.891 		2
v 13.129 		5.017 		2
v 13.25 		5.067 		2
v -5.809 		-33.752 		2
v -5.92 		-33.641 		2
v -6.059 		-33.57 		2
v 12.75 		5.067 		2
v -6.059 		-34.521 		2
v -5.92 		-34.45 		2
v -5.809 		-34.339 		2
v -5.738 		-34.2 		2
v -5.714 		-34.046 		2
v -5.738 		-33.891 		2
v 12.871 		5.017 		2
v 13.325 		4.688 		2
v 13.362 		4.597 		2
v 13.375 		4.5 		2
v 13.354 		4.854 		2
v 13.362 		4.403 		2
v 13.433 		4.75 		2
v 13.325 		4.313 		2
v 13.483 		4.629 		2
v 13.354 		4.146 		2
v 13.433 		4.25 		2
v 13.483 		4.371 		2
v 26.997 		-19.055 		1.5
v 12.813 		4.825 		2
v 12.903 		4.862 		2
v 13 		4.875 		2
v 13.097 		4.862 		2
v 13.188 		4.825 		2
v 12.871 		4.983 		2
v 27.037 		-19.062 		1.423
v 13.265 		4.765 		2
v 13.25 		4.933 		2
v 13.129 		4.983 		2
v 12.675 		4.688 		2
v 12.735 		4.765 		2
v 27.069 		-19.068 		1.342
v 12.75 		4.933 		2
v 12.646 		4.854 		2
v 12.567 		4.75 		2
v 12.517 		4.629 		2
v 12.903 		4.138 		2
v 13 		4.125 		2
v 12.813 		4.175 		2
v 13.265 		4.235 		2
v 13.188 		4.175 		2
v 13.097 		4.138 		2
v 26.894 		-19.337 		1.5
v 12.735 		4.235 		2
v 12.675 		4.313 		2
v 12.638 		4.403 		2
v 12.625 		4.5 		2
v 26.958 		-19.201 		1.5
v 12.646 		4.146 		2
v 12.638 		4.597 		2
v 12.567 		4.25 		2
v 12.5 		4.5 		2
v 26.929 		-19.358 		1.423
v 12.517 		4.371 		2
v -1 		-28.025 		1
v -1 		-25.275 		1
v 13 		4 		2
v 13.129 		4.017 		2
v 13.25 		4.067 		2
v 26.996 		-19.214 		1.423
v 26.958 		-19.374 		1.342
v 27.027 		-19.226 		1.342
v -4.2886 		-33.792 		1
v -4.309 		-33.752 		1
v -4.42 		-33.641 		1
v -4.559 		-33.57 		1
v -4.714 		-33.546 		1
v -4.868 		-33.57 		1
v -5.008 		-33.641 		1
v -5.118 		-33.752 		1
v -5.1384 		-33.792 		1
v -4.714 		-34.546 		1
v -4.559 		-34.521 		1
v -4.42 		-34.45 		1
v -4.309 		-34.339 		1
v -4.238 		-34.2 		1
v -4.214 		-34.046 		1
v -4.238 		-33.891 		1
v -5.189 		-33.891 		1
v 27.095 		-19.072 		1.259
v -5.214 		-34.046 		1
v -5.189 		-34.2 		1
v -5.118 		-34.339 		1
v -5.008 		-34.45 		1
v -4.868 		-34.521 		1
v -5.375 		-21.025 		1
v -5.375 		-20.482 		1
v 27.114 		-19.075 		1.174
v 27.125 		-19.077 		1.087
v 28.057 		-18.904 		1.996
v 28.058 		-18.92 		1.996
v 28.062 		-18.934 		1.996
v 28.058 		-18.889 		1.996
v 26.981 		-19.387 		1.259
v 27.052 		-19.235 		1.259
v 26.997 		-19.397 		1.174
v 27.069 		-19.241 		1.174
v 27.97 		-18.904 		1.985
v 27.973 		-18.935 		1.985
v 27.007 		-19.402 		1.087
v 27.08 		-19.245 		1.087
v 27.994 		-18.818 		1.985
v 27.981 		-18.845 		1.985
v 27.973 		-18.874 		1.985
v 26.9736 		-19.456 		1
v 27.01 		-19.404 		1
v 27.084 		-19.246 		1
v 12.75 		4.067 		2
v 12.871 		4.017 		2
v 13.325 		3.688 		2
v 13.362 		3.597 		2
v 13.375 		3.5 		2
v 13.354 		3.854 		2
v 13.362 		3.403 		2
v 13.433 		3.75 		2
v 13.0311 		16.384 		1
v 12.941 		16.43 		1
v 12.786 		16.454 		1
v 12.632 		16.43 		1
v 13.325 		3.313 		2
v 12.5413 		16.384 		1
v 13.483 		3.629 		2
v 13.354 		3.146 		2
v 13.433 		3.25 		2
v 13.483 		3.371 		2
v 12.813 		3.825 		2
v 12.903 		3.862 		2
v 13 		3.875 		2
v 13.097 		3.862 		2
v 13.188 		3.825 		2
v 12.871 		3.983 		2
v 13.265 		3.765 		2
v 13.25 		3.933 		2
v 13.129 		3.983 		2
v 12.638 		3.597 		2
v 12.675 		3.688 		2
v 12.735 		3.765 		2
v 27.901 		-18.816 		1.966
v 12.75 		3.933 		2
v 12.646 		3.854 		2
v 12.567 		3.75 		2
v 12.517 		3.629 		2
v 27.848 		-18.733 		1.94
v 12.903 		3.138 		2
v 13 		3.125 		2
v 12.813 		3.175 		2
v 13.265 		3.235 		2
v 13.188 		3.175 		2
v 27.823 		-18.787 		1.94
v 13.097 		3.138 		2
v 12.735 		3.235 		2
v 12.675 		3.313 		2
v 12.638 		3.403 		2
v 26.144 		-18.904 		2
v 12.625 		3.5 		2
v 27.778 		-18.693 		1.906
v 12.646 		3.146 		2
v 12.5 		3.5 		2
v 12.517 		3.371 		2
v 12.567 		3.25 		2
v 27.747 		-18.76 		1.906
v 13 		3 		2
v 13.129 		3.017 		2
v 13.25 		3.067 		2
v 12.75 		3.067 		2
v 12.871 		3.017 		2
v 13.325 		2.688 		2
v 13.362 		2.597 		2
v 13.375 		2.5 		2
v 13.354 		2.854 		2
v 13.362 		2.403 		2
v 13.433 		2.75 		2
v 27.674 		-18.733 		1.866
v 13.325 		2.313 		2
v 13.483 		2.629 		2
v 13.354 		2.146 		2
v 13.433 		2.25 		2
v 13.483 		2.371 		2
v 12.813 		2.825 		2
v 12.903 		2.862 		2
v 13 		2.875 		2
v 13.097 		2.862 		2
v 13.188 		2.825 		2
v 12.871 		2.983 		2
v 13.265 		2.765 		2
v 27.885 		-18.904 		1.966
v 13.25 		2.933 		2
v 13.129 		2.983 		2
v 12.638 		2.597 		2
v 12.675 		2.688 		2
v 27.889 		-18.859 		1.966
v 12.735 		2.765 		2
v 12.75 		2.933 		2
v 12.646 		2.854 		2
v 12.567 		2.75 		2
v 12.517 		2.629 		2
v 12.903 		2.138 		2
v 13 		2.125 		2
v 27.802 		-18.904 		1.94
v 27.807 		-18.845 		1.94
v -5.7886 		-33.792 		1
v -5.809 		-33.752 		1
v -5.92 		-33.641 		1
v -6.059 		-33.57 		1
v -6.059 		-34.521 		1
v -5.92 		-34.45 		1
v -5.809 		-34.339 		1
v -5.738 		-34.2 		1
v -5.714 		-34.046 		1
v -5.738 		-33.891 		1
v 27.721 		-18.904 		1.906
v 26.071 		-18.488 		1.906
v -5.375 		-19.982 		1
v -5.375 		-19.232 		1
v -5.375 		-18.732 		1
v -5.375 		-18.275 		1
v 25.999 		-18.507 		1.906
v 27.728 		-18.831 		1.906
v 25.933 		-18.538 		1.906
v 4 		-4 		1
v 4 		-4 		2
v 4 		10 		2
v 4 		10 		1
v 27.652 		-18.818 		1.866
v 12.813 		2.175 		2
v 13.265 		2.235 		2
v 13.188 		2.175 		2
v 25.973 		-18.435 		1.866
v 13.097 		2.138 		2
v 13.25 		2.067 		2
v 12.735 		2.235 		2
v 12.675 		2.313 		2
v 12.638 		2.403 		2
v 12.75 		2.067 		2
v 12.625 		2.5 		2
v 12.646 		2.146 		2
v 26.099 		-18.649 		1.966
v 26.055 		-18.661 		1.966
v 12.5 		2.5 		2
v 12.517 		2.371 		2
v 12.567 		2.25 		2
v 13 		2 		2
v 13.129 		2.017 		2
v 26.015 		-18.68 		1.966
v 12.871 		2.017 		2
v 13.325 		1.688 		2
v 13.362 		1.597 		2
v 13.375 		1.5 		2
v 26.085 		-18.568 		1.94
v 13.354 		1.854 		2
v 13.362 		1.403 		2
v 13.433 		1.75 		2
v 26.027 		-18.583 		1.94
v 13.325 		1.313 		2
v 13.483 		1.629 		2
v 13.354 		1.146 		2
v 13.433 		1.25 		2
v 27.1289 		-19.0785 		1
v 27.129 		-19.078 		1
v 13.483 		1.371 		2
v 12.813 		1.825 		2
v 12.903 		1.862 		2
v 26.636 		-19.491 		1.643
v 13 		1.875 		2
v 13.097 		1.862 		2
v 13.188 		1.825 		2
v 26.671 		-19.532 		1.574
v 25.973 		-18.608 		1.94
v 12.871 		1.983 		2
v 13.265 		1.765 		2
v 25.924 		-18.642 		1.94
v 13.25 		1.933 		2
v 13.129 		1.983 		2
v 12.638 		1.597 		2
v 12.675 		1.688 		2
v 12.735 		1.765 		2
v 12.75 		1.933 		2
v 12.646 		1.854 		2
v 12.567 		1.75 		2
v 26.701 		-19.568 		1.5
v 12.517 		1.629 		2
v 12.903 		1.138 		2
v 13 		1.125 		2
v 26.085 		-18.741 		1.985
v 12.813 		1.175 		2
v 26.807 		-19.461 		1.5
v 13.265 		1.235 		2
v 13.188 		1.175 		2
v 26.057 		-18.754 		1.985
v 13.097 		1.138 		2
v 13.25 		1.067 		2
v 26.032 		-18.771 		1.985
v 26.727 		-19.599 		1.423
v 12.735 		1.235 		2
v 12.675 		1.313 		2
v 26.838 		-19.487 		1.423
v 26.011 		-18.793 		1.985
v 12.638 		1.403 		2
v 12.75 		1.067 		2
v 12.625 		1.5 		2
v 12.646 		1.146 		2
v 26.748 		-19.624 		1.342
v 12.5 		1.5 		2
v 12.517 		1.371 		2
v 12.567 		1.25 		2
v 26.864 		-19.508 		1.342
v 13 		1 		2
v 13.129 		1.017 		2
v 12.871 		1.017 		2
v 13.325 		0.688 		2
v 13.362 		0.597 		2
v 25.978 		-18.706 		1.966
v 13.483 		0.629 		2
v 13.433 		0.75 		2
v 13.354 		0.854 		2
v 25.946 		-18.738 		1.966
v 12.813 		0.825 		2
v 12.903 		0.862 		2
v 13 		0.875 		2
v 13.097 		0.862 		2
v 13.188 		0.825 		2
v 12.871 		0.983 		2
v 26.627 		-19.741 		1.259
v 13.265 		0.765 		2
v 12.8 		15.4563 		1
v 12.941 		15.479 		1
v 26.765 		-19.644 		1.259
v 13.08 		15.55 		1
v 13.191 		15.661 		1
v 13.262 		15.8 		1
v 13.286 		15.954 		1
v 13.262 		16.109 		1
v 26.1 		-18.829 		1.996
v 26.884 		-19.525 		1.259
v 13.191 		16.248 		1
v 13.08 		16.359 		1
v 26.088 		-18.838 		1.996
v 26.077 		-18.848 		1.996
v 26.636 		-19.757 		1.174
v 12.786 		15.454 		1
v 12.492 		16.359 		1
v 26.069 		-18.861 		1.996
v 12.382 		16.248 		1
v 12.311 		16.109 		1
v 26.062 		-18.875 		1.996
v 12.288 		15.9664 		1
v 12.288 		15.9417 		1
v 12.311 		15.8 		1
v 12.382 		15.661 		1
v 12.492 		15.55 		1
v 12.632 		15.479 		1
v 12.286 		15.954 		1
v 13.992 		16.359 		1
v 13.882 		16.248 		1
v 13.811 		16.109 		1
v 13.786 		15.954 		1
v 13.811 		15.8 		1
v 13.882 		15.661 		1
v 13.992 		15.55 		1
v 12 		21 		1
v 12 		21 		6
v 12.75 		-21.025 		2.25
v 12.75 		-18.275 		2.25
v 26.777 		-19.659 		1.174
v 26.898 		-19.537 		1.174
v 26.642 		-19.767 		1.087
v 26.784 		-19.668 		1.087
v 26.907 		-19.545 		1.087
v 26.624 		-19.7794 		1
v 26.644 		-19.77 		1
v 26.787 		-19.67 		1
v 26.91 		-19.547 		1
v 26.465 		-18.521 		1.866
v 10.5 		2 		2.1
v 10.5 		3 		2.1
v 10 		2 		2.1
v 10 		3 		2.1
v 9 		3 		2.1
v 9 		4 		2.1
v 8.5 		3 		2.1
v 8.5 		4 		2.1
v 28.465 		-19.021 		1.94
v 28.481 		-18.964 		1.94
v 28.541 		-19.049 		1.906
v 28.56 		-18.978 		1.906
v 28.636 		-18.991 		1.866
v 28.44 		-19.075 		1.94
v 28.468 		-19.176 		1.906
v 28.51 		-19.116 		1.906
v 26.583 		-18.536 		1.819
v 28.577 		-19.154 		1.866
v 26.513 		-18.465 		1.819
v 28.614 		-19.075 		1.866
v 28.641 		-19.191 		1.819
v 26.486 		-19.844 		1
v 26.4833 		-19.8447 		1
v 26.468 		-18.633 		1.906
v 26.577 		-18.654 		1.866
v 28.294 		-18.991 		1.985
v 26.527 		-18.583 		1.866
v 28.307 		-18.964 		1.985
v 28.342 		-19.071 		1.966
v 28.368 		-19.034 		1.966
v 28.387 		-18.993 		1.966
v 28.399 		-18.949 		1.966
v 26.465 		-18.787 		1.94
v 26.44 		-18.733 		1.94
v 25.994 		-18.818 		1.985
v 26.541 		-18.76 		1.906
v 26.51 		-18.693 		1.906
v 28.174 		-18.986 		1.996
v 28.188 		-18.98 		1.996
v 26.614 		-18.733 		1.866
v 28.2 		-18.971 		1.996
v 28.211 		-18.96 		1.996
v 28.219 		-18.948 		1.996
v 26.057 		-18.904 		1.996
v 26.058 		-18.92 		1.996
v 26.062 		-18.934 		1.996
v 28.203 		-19.068 		1.985
v 28.231 		-19.055 		1.985
v 26.486 		-18.904 		1.94
v 26.058 		-18.889 		1.996
v 26.481 		-18.845 		1.94
v 28.256 		-19.037 		1.985
v 28.277 		-19.016 		1.985
v 26.567 		-18.904 		1.906
v 13.25 		0.933 		2
v 26.56 		-18.831 		1.906
v 13.129 		0.983 		2
v 12.638 		0.597 		2
v 12.675 		0.688 		2
v 16.922 		-36 		1
v 12.735 		0.765 		2
v 12.75 		0.933 		2
v 12.646 		0.854 		2
v 12.567 		0.75 		2
v 12.517 		0.629 		2
v 13.375 		0.5 		2
v 13.362 		0.403 		2
v 13.325 		0.313 		2
v 13.354 		0.146 		2
v 13.433 		0.25 		2
v 13.483 		0.371 		2
v 12.903 		0.138 		2
v 13 		0.125 		2
v 12.813 		0.175 		2
v 26.465 		-19.021 		1.94
v 13.265 		0.235 		2
v 13.188 		0.175 		2
v 13.097 		0.138 		2
v 26.481 		-18.964 		1.94
v 13.129 		0.017 		2
v 13 		0 		2
v 13.25 		0.067 		2
v 12.871 		0.017 		2
v 12.735 		0.235 		2
v 12.675 		0.313 		2
v 12.638 		0.403 		2
v 12.75 		0.067 		2
v 26.541 		-19.049 		1.906
v 12.625 		0.5 		2
v 12.646 		0.146 		2
v 12.5 		0.5 		2
v 12.517 		0.371 		2
v 12.567 		0.25 		2
v 13.325 		-0.313 		2
v 13.362 		-0.403 		2
v 13.375 		-0.5 		2
v 13.354 		-0.146 		2
v 13.483 		-0.371 		2
v 13.433 		-0.25 		2
v 12.813 		-0.175 		2
v 12.903 		-0.138 		2
v 13 		-0.125 		2
v 13.097 		-0.138 		2
v 13.188 		-0.175 		2
v 12.871 		-0.017 		2
v 13.265 		-0.235 		2
v 28.174 		-19.075 		1.985
v 13.25 		-0.067 		2
v 13.129 		-0.017 		2
v 28.189 		-19.159 		1.966
v 12.625 		-0.5 		2
v 12.638 		-0.403 		2
v 12.675 		-0.313 		2
v 12.735 		-0.235 		2
v 12.5 		-0.5 		2
v 28.233 		-19.148 		1.966
v 12.75 		-0.067 		2
v 12.646 		-0.146 		2
v 12.567 		-0.25 		2
v -5.214 		-36 		1
v 12.517 		-0.371 		2
v 13.362 		-0.597 		2
v 13.325 		-0.688 		2
v 28.273 		-19.129 		1.966
v 13.354 		-0.854 		2
v 13.433 		-0.75 		2
v 13.483 		-0.629 		2
v 12.903 		-0.862 		2
v 13 		-0.875 		2
v 12.813 		-0.825 		2
v 28.31 		-19.103 		1.966
v 13.265 		-0.765 		2
v 13.188 		-0.825 		2
v 13.097 		-0.862 		2
v 13.129 		-0.983 		2
v 13 		-1 		2
v 13.25 		-0.933 		2
v 12.871 		-0.983 		2
v 12.735 		-0.765 		2
v 12.675 		-0.688 		2
v 12.638 		-0.597 		2
v 12.75 		-0.933 		2
v 12.517 		-0.629 		2
v 12.567 		-0.75 		2
v 12.646 		-0.854 		2
v 13.129 		-1.017 		2
v 12.871 		-1.017 		2
v 28.364 		-19.166 		1.94
v 13.325 		-1.313 		2
v 13.362 		-1.403 		2
v 13.375 		-1.5 		2
v 28.406 		-19.124 		1.94
v 13.354 		-1.146 		2
v 13.362 		-1.597 		2
v 13.433 		-1.25 		2
v 13.325 		-1.688 		2
v 13.483 		-1.371 		2
v 13.354 		-1.854 		2
v 13.433 		-1.75 		2
v 13.483 		-1.629 		2
v 12.813 		-1.175 		2
v 12.903 		-1.138 		2
v 13 		-1.125 		2
v 13.097 		-1.138 		2
v 13.188 		-1.175 		2
v 28.416 		-19.228 		1.906
v 13.265 		-1.235 		2
v 28.465 		-19.287 		1.866
v 13.25 		-1.067 		2
v 12.625 		-1.5 		2
v 28.527 		-19.226 		1.866
v 12.638 		-1.403 		2
v 12.675 		-1.313 		2
v 12.735 		-1.235 		2
v 28.431 		-19.401 		1.819
v 12.5 		-1.5 		2
v 28.513 		-19.344 		1.819
v 12.75 		-1.067 		2
v 12.646 		-1.146 		2
v 12.567 		-1.25 		2
v 12.517 		-1.371 		2
v 12.903 		-1.862 		2
v 13 		-1.875 		2
v 28.583 		-19.273 		1.819
v 12.813 		-1.825 		2
v 13.265 		-1.765 		2
v 13.188 		-1.825 		2
v 13.097 		-1.862 		2
v 13.129 		-1.983 		2
v 13 		-2 		2
v 13.25 		-1.933 		2
v 12.871 		-1.983 		2
v 12.735 		-1.765 		2
v 12.675 		-1.688 		2
v 12.638 		-1.597 		2
v 12.75 		-1.933 		2
v 12.517 		-1.629 		2
v 12.567 		-1.75 		2
v 12.646 		-1.854 		2
v 13.129 		-2.017 		2
v 12.871 		-2.017 		2
v 13.325 		-2.313 		2
v 13.362 		-2.403 		2
v 13.375 		-2.5 		2
v 13.354 		-2.146 		2
v 13.362 		-2.597 		2
v 28.557 		-19.397 		1.766
v 13.433 		-2.25 		2
v 13.325 		-2.688 		2
v 13.483 		-2.371 		2
v 28.636 		-19.318 		1.766
v 13.354 		-2.854 		2
v 13.433 		-2.75 		2
v 13.483 		-2.629 		2
v 12.813 		-2.175 		2
v 12.903 		-2.138 		2
v 13 		-2.125 		2
v 13.097 		-2.138 		2
v 13.188 		-2.175 		2
v 13.265 		-2.235 		2
v 13.25 		-2.067 		2
v 28.599 		-19.446 		1.707
v 12.625 		-2.5 		2
v 12.638 		-2.403 		2
v 12.675 		-2.313 		2
v 12.735 		-2.235 		2
v 12.5 		-2.5 		2
v 12.75 		-2.067 		2
v 12.646 		-2.146 		2
v 12.567 		-2.25 		2
v 12.517 		-2.371 		2
v 12.903 		-2.862 		2
v 13 		-2.875 		2
v 12.813 		-2.825 		2
v 13.265 		-2.765 		2
v 13.188 		-2.825 		2
v 28.203 		-19.241 		1.94
v 13.097 		-2.862 		2
v 25.97 		-18.904 		1.985
v 25.973 		-18.935 		1.985
v 13.129 		-2.983 		2
v 13.25 		-2.933 		2
v 12.871 		-2.983 		2
v 28.261 		-19.226 		1.94
v 25.981 		-18.845 		1.985
v 28.315 		-19.201 		1.94
v 25.973 		-18.874 		1.985
v 28.217 		-19.321 		1.906
v 28.289 		-19.302 		1.906
v 28.355 		-19.27 		1.906
v 26.368 		-19.034 		1.966
v 26.387 		-18.993 		1.966
v 26.399 		-18.949 		1.966
v 28.231 		-19.397 		1.866
v 26.406 		-19.124 		1.94
v 28.315 		-19.374 		1.866
v 28.394 		-19.337 		1.866
v 26.256 		-19.037 		1.985
v 28.34 		-19.443 		1.819
v 26.277 		-19.016 		1.985
v 26.294 		-18.991 		1.985
v 26.307 		-18.964 		1.985
v 28.069 		-18.948 		1.996
v 28.077 		-18.96 		1.996
v 28.088 		-18.971 		1.996
v 26.342 		-19.071 		1.966
v 28.1 		-18.98 		1.996
v 28.114 		-18.986 		1.996
v 28.129 		-18.99 		1.996
v 28.144 		-18.992 		1.996
v 28.159 		-18.99 		1.996
v 26.56 		-18.978 		1.906
v 26.188 		-18.98 		1.996
v 26.2 		-18.971 		1.996
v 26.211 		-18.96 		1.996
v 26.219 		-18.948 		1.996
v 12.735 		-2.765 		2
v 12.675 		-2.688 		2
v 12.638 		-2.597 		2
v 12.75 		-2.933 		2
v 12.517 		-2.629 		2
v 12.567 		-2.75 		2
v 26.114 		-18.986 		1.996
v 12.646 		-2.854 		2
v 26.129 		-18.99 		1.996
v 11.313 		8.825 		2
v 11.403 		8.862 		2
v 26.144 		-18.992 		1.996
v 11.5 		8.875 		2
v 11.597 		8.862 		2
v 26.159 		-18.99 		1.996
v 26.174 		-18.986 		1.996
v 11.688 		8.825 		2
v 11.371 		8.983 		2
v 11.765 		8.765 		2
v 26.44 		-19.075 		1.94
v 11.933 		8.75 		2
v 11.854 		8.854 		2
v 11.75 		8.933 		2
v 11.629 		8.983 		2
v 26.468 		-19.176 		1.906
v 26.51 		-19.116 		1.906
v 11.825 		8.688 		2
v 11.862 		8.597 		2
v 11.875 		8.5 		2
v 11.862 		8.403 		2
v 26.577 		-19.154 		1.866
v 26.614 		-19.075 		1.866
v 28.032 		-19.037 		1.985
v 26.203 		-19.068 		1.985
v 28.057 		-19.055 		1.985
v 28.085 		-19.068 		1.985
v 26.231 		-19.055 		1.985
v 26.465 		-19.287 		1.866
v 26.527 		-19.226 		1.866
v 26.431 		-19.401 		1.819
v 26.513 		-19.344 		1.819
v 26.273 		-19.129 		1.966
v 26.31 		-19.103 		1.966
v 26.583 		-19.273 		1.819
v 27.981 		-18.964 		1.985
v 27.994 		-18.991 		1.985
v 28.011 		-19.016 		1.985
v 27.92 		-19.034 		1.966
v 26.557 		-19.397 		1.766
v 27.946 		-19.071 		1.966
v 26.599 		-19.446 		1.707
v 26.465 		-19.461 		1.766
v 26.498 		-19.517 		1.707
v 28.114 		-19.075 		1.985
v 28.144 		-19.078 		1.985
v 26.527 		-19.568 		1.643
v 28.055 		-19.148 		1.966
v 28.099 		-19.159 		1.966
v 26.424 		-19.674 		1.574
v 28.144 		-19.163 		1.966
v 26.554 		-19.614 		1.574
v 26.44 		-19.718 		1.5
v 26.577 		-19.654 		1.5
v 26.454 		-19.756 		1.423
v 26.597 		-19.689 		1.423
v 26.465 		-19.787 		1.342
v 26.614 		-19.718 		1.342
v 26.474 		-19.812 		1.259
v 26.481 		-19.83 		1.174
v 26.485 		-19.84 		1.087
v 25.864 		-18.135 		1.574
v 25.857 		-18.408 		1.819
v 25.902 		-18.24 		1.707
v 25.882 		-18.185 		1.643
v 25.823 		-18.348 		1.766
v 25.731 		-18.412 		1.766
v 25.79 		-18.292 		1.707
v 25.689 		-18.363 		1.707
v 25.761 		-18.241 		1.643
v 25.652 		-18.318 		1.643
v 25.734 		-18.195 		1.574
v 25.617 		-18.277 		1.574
# 9214 vertices

g group_0_2829873

usemtl color_2829873
s 0

f 1 	2 	3
f 1 	3 	4
f 10 	5 	9
f 11 	5 	10
f 8 	9 	5
f 13 	1 	14
f 4 	14 	1
f 4 	21 	20
f 20 	54 	14
f 4 	20 	14
f 73 	35 	69
f 35 	6575 	54
f 35 	33 	69
f 33 	21 	4
f 53 	14 	54
f 20 	35 	54
f 3898 	3891 	3730
f 3886 	5631 	3730
f 4637 	5641 	4636
f 6947 	4636 	5641
f 5641 	5640 	6946
f 4 	6946 	5640
f 330 	73 	333
f 333 	73 	2203
f 2203 	73 	2198
f 2208 	2198 	5641
f 4637 	2218 	5641
f 2208 	5641 	2214
f 2214 	5641 	2218
f 6946 	6947 	5641
f 4636 	6947 	4638
f 4638 	6947 	4639
f 6947 	3734 	4801
f 4639 	6947 	4801
f 4796 	4801 	3734
f 2517 	54 	6706
f 6706 	54 	6707
f 2513 	3898 	54
f 2514 	54 	2515
f 2512 	54 	2514
f 2516 	2515 	54
f 54 	2517 	2516
f 3730 	3890 	3877
f 8854 	8853 	5631
f 3890 	3730 	3891
f 3730 	54 	3898
f 2512 	2513 	54
f 8853 	3730 	5631
f 5625 	6275 	8854
f 5626 	8854 	5631
f 6571 	54 	6572
f 6941 	54 	6571
f 6939 	6938 	54
f 6940 	6939 	54
f 5641 	2198 	73
f 35 	73 	5713
f 328 	5713 	73
f 330 	328 	73
f 6575 	35 	6579
f 6572 	54 	6575
f 5713 	5712 	35
f 6579 	35 	6578
f 6578 	35 	5712
f 6940 	54 	6941
f 6708 	54 	6937
f 6708 	6707 	54
f 6938 	6937 	54
f 5640 	69 	4
f 69 	33 	4
f 2821 	2820 	3730
f 3730 	3722 	3726
f 2827 	2824 	3730
f 7312 	3734 	7663
f 7666 	7663 	3734
f 3734 	3732 	7666
f 3734 	7310 	6960
f 7312 	7310 	3734
f 7316 	7312 	7663
f 7316 	7663 	7571
f 7571 	7663 	1204
f 3723 	3730 	2820
f 2824 	2821 	3730
f 3723 	3722 	3730
f 7693 	1 	13
f 14 	53 	7696
f 8852 	3730 	8853
f 8852 	8878 	3730
f 5476 	8177 	5477
f 4508 	6736 	5486
f 5483 	8179 	5493
f 5477 	8742 	6243
f 6244 	8590 	6245
f 8742 	8741 	6243
f 6246 	8588 	6249
f 5626 	5625 	8854
f 8854 	6275 	8855
f 6249 	8855 	6275
f 4805 	4796 	3734
f 4805 	3734 	4505
f 6736 	4508 	6737
f 4507 	4506 	6738
f 6738 	6737 	4507
f 4508 	4507 	6737
f 6740 	4506 	3734
f 6738 	4506 	6740
f 4505 	3734 	4506
f 6741 	6740 	3734
f 6742 	6741 	3734
f 6958 	6742 	3734
f 6960 	6958 	3734
f 5476 	5493 	8179
f 5483 	5486 	8182
f 8184 	5483 	8182
f 8182 	5486 	6736
f 8179 	5483 	8184
f 8590 	8589 	6246
f 8741 	8590 	6244
f 6246 	6245 	8590
f 6244 	6243 	8741
f 8177 	8742 	5477
f 3877 	3886 	3730
f 8589 	8588 	6246
f 8855 	6249 	8588
f 2827 	3730 	8879
f 8878 	8879 	3730
f 4 	3732 	6946
f 7671 	7674 	7662
f 7662 	7667 	7671
f 53 	7757 	7696
f 6900 	7758 	6896
f 7674 	7758 	6900
f 5840 	5835 	3730
f 7758 	3730 	5835
f 3726 	5840 	3730
f 7674 	1894 	7662
f 1205 	1204 	7663
f 7663 	7662 	1205
f 1209 	7662 	1213
f 1213 	7662 	1894
f 1209 	1205 	7662
f 1894 	7674 	1895
f 1895 	7674 	1897
f 1898 	1897 	7674
f 7660 	7758 	5838
f 6896 	7758 	6897
f 6898 	6899 	7674
f 6900 	6898 	7674
f 1898 	7674 	6899
f 6897 	7758 	7581
f 7758 	7583 	7582
f 7581 	7758 	7582
f 7583 	7758 	7585
f 7585 	7758 	7586
f 7659 	7586 	7758
f 7660 	7659 	7758
f 5835 	5838 	7758
f 7667 	7666 	4
f 7666 	3732 	4
f 7761 	7760 	7693
f 7711 	7685 	7708
f 7758 	7685 	7711
f 7685 	7684 	7708
f 7696 	7761 	7693
f 7757 	7761 	7696
f 7674 	7685 	7758
f 4 	8843 	7671
f 7671 	7667 	4
f 7787 	8916 	7760
f 7781 	7741 	7782
f 7853 	7862 	7785
f 7741 	7740 	7782
f 7741 	7781 	7758
f 7781 	7785 	7758
f 7760 	8916 	7693
f 7711 	7741 	7758
f 7708 	7684 	8843
f 7684 	7671 	8843
f 7853 	7785 	7854
f 7862 	7861 	7757
f 7785 	7784 	7854
f 7784 	7782 	8843
f 7790 	8916 	7787
f 7757 	7758 	7862
f 7758 	7785 	7862
f 7761 	7757 	7790
f 7782 	7740 	8843
f 7740 	7708 	8843
f 7997 	8843 	7974
f 8916 	7790 	7861
f 7790 	7757 	7861
f 7861 	7888 	8916
f 7998 	7997 	8006
f 8069 	8070 	7998
f 7862 	7998 	8070
f 8006 	8703 	7998
f 7892 	7862 	8070
f 7968 	7967 	7997
f 7950 	8843 	7951
f 7974 	8843 	7950
f 7972 	7997 	7974
f 7960 	8004 	7961
f 8006 	7997 	8004
f 7961 	8004 	7964
f 8004 	7997 	7964
f 7967 	7964 	7997
f 7968 	7997 	7971
f 7971 	7997 	7972
f 7998 	7862 	7853
f 1 	7693 	8916
f 7997 	7854 	8843
f 7854 	7784 	8843
f 8070 	8374 	7892
f 8062 	8064 	8004
f 8004 	8064 	8065
f 8054 	8843 	8055
f 7951 	8843 	8054
f 8055 	8843 	8056
f 8059 	8004 	8060
f 7960 	8060 	8004
f 8004 	8059 	8062
f 8058 	8056 	8843
f 8088 	7881 	8089
f 8703 	8706 	8091
f 8698 	8381 	8699
f 8699 	8381 	8091
f 8092 	8091 	8706
f 8264 	8263 	11
f 11 	8260 	8258
f 8240 	8392 	8258
f 8238 	8392 	8240
f 8258 	8392 	11
f 8268 	11 	8242
f 8976 	8242 	11
f 8252 	8433 	8254
f 5 	11 	8392
f 5 	8392 	8395
f 8233 	8392 	8235
f 8431 	8427 	8228
f 8237 	8392 	8238
f 8254 	8431 	8228
f 8229 	8392 	8230
f 8230 	8392 	8233
f 8235 	8392 	8236
f 8236 	8392 	8237
f 8242 	8976 	8243
f 8243 	8976 	8245
f 8976 	8439 	8245
f 8249 	8246 	8436
f 8246 	8245 	8437
f 8249 	8433 	8252
f 8264 	11 	8267
f 8260 	11 	8263
f 8267 	11 	8268
f 8431 	8254 	8433
f 8229 	8228 	8427
f 8439 	8976 	8428
f 8421 	8420 	8392
f 8687 	8569 	8419
f 8569 	8392 	8420
f 8421 	8392 	8422
f 8427 	8425 	8229
f 8422 	8392 	8425
f 8392 	8229 	8425
f 8433 	8249 	8435
f 8435 	8249 	8436
f 8436 	8246 	8437
f 8437 	8245 	8439
f 8569 	8686 	8552
f 8916 	8557 	8976
f 8560 	8916 	8561
f 8569 	8550 	8538
f 8538 	8539 	8569
f 8570 	8569 	8539
f 8538 	8547 	8083
f 8570 	8539 	8089
f 8549 	8538 	8550
f 8916 	8083 	8561
f 8561 	8083 	8546
f 8546 	8083 	8547
f 8547 	8538 	8548
f 8548 	8538 	8549
f 8550 	8569 	8551
f 8552 	8685 	8553
f 8551 	8569 	8552
f 8553 	8684 	8554
f 8555 	8976 	8556
f 8556 	8976 	8557
f 8557 	8916 	8558
f 8558 	8916 	8559
f 8560 	8559 	8916
f 8554 	8693 	8562
f 8690 	8565 	8691
f 8564 	8691 	8565
f 8565 	8690 	8566
f 8566 	8976 	8567
f 8567 	8976 	8568
f 8555 	8568 	8976
f 8566 	8690 	8976
f 8569 	8687 	8686
f 8685 	8552 	8686
f 8420 	8419 	8569
f 8688 	8976 	8689
f 8688 	8429 	8976
f 8428 	8976 	8429
f 8689 	8976 	8690
f 8562 	8693 	8564
f 8691 	8564 	8692
f 8692 	8564 	8693
f 8684 	8553 	8685
f 8693 	8554 	8684
f 8697 	8696 	8379
f 8091 	5 	8699
f 8395 	8699 	5
f 8916 	7888 	8083
f 7880 	8086 	8085
f 7881 	7892 	8089
f 8696 	8380 	8379
f 8703 	8091 	8381
f 8382 	8381 	8698
f 8004 	8834 	8706
f 8069 	7998 	8703
f 8084 	8083 	7877
f 8085 	7878 	7880
f 8374 	8373 	8089
f 8570 	8089 	8373
f 7877 	8083 	7888
f 8374 	8089 	7892
f 8069 	8703 	8381
f 8824 	8604 	8843
f 8832 	8831 	8706
f 8833 	8832 	8706
f 8004 	8823 	8834
f 8833 	8706 	8834
f 8814 	8839 	8815
f 8839 	8813 	8840
f 8812 	8811 	8004
f 8065 	8842 	8004
f 8818 	8815 	8838
f 8600 	8843 	8601
f 8599 	8843 	8600
f 8601 	8843 	8602
f 8808 	8004 	8809
f 8809 	8004 	8811
f 8812 	8840 	8813
f 8814 	8813 	8839
f 8839 	8838 	8815
f 8818 	8837 	8819
f 8819 	8843 	8599
f 8808 	8823 	8004
f 8604 	8602 	8843
f 8843 	8092 	8826
f 8827 	8826 	8092
f 8830 	8835 	8706
f 8831 	8830 	8706
f 8829 	8827 	8092
f 8824 	8843 	8826
f 8092 	8706 	8835
f 8835 	8829 	8092
f 8812 	8004 	8842
f 8841 	8812 	8842
f 8836 	8063 	8843
f 8843 	8837 	8836
f 8063 	8058 	8843
f 8843 	8819 	8837
f 8838 	8837 	8818
f 8840 	8812 	8841
f 2 	10 	9
f 2 	9 	3
f 1 	8916 	2
f 10 	2 	8916
f 8916 	8976 	10
f 11 	10 	8976
f 8 	8843 	9
f 3 	9 	8843
f 8843 	4 	3
# 375 faces

g group_0_6383466

usemtl color_6383466
s 0

f 5 	6 	8
f 7 	8 	6
f 21 	18 	20
f 17 	20 	18
f 31 	33 	35
f 31 	35 	36
f 18 	31 	17
f 31 	36 	17
f 20 	17 	35
f 36 	35 	17
f 21 	33 	18
f 33 	31 	18
f 69 	70 	72
f 69 	72 	73
f 3731 	3732 	3734
f 3731 	3734 	3735
f 3739 	3731 	3735
f 3739 	3735 	3741
f 5639 	5640 	5641
f 5639 	5641 	5642
f 70 	5639 	5642
f 70 	5642 	72
f 6190 	6189 	6188
f 6187 	6188 	6189
f 6192 	6189 	6190
f 6198 	6197 	6192
f 6193 	6197 	6198
f 6189 	6192 	6197
f 6212 	6211 	6193
f 6216 	6211 	6212
f 6197 	6193 	6211
f 6229 	6228 	6216
f 6232 	6228 	6229
f 6211 	6216 	6228
f 6241 	6240 	6232
f 6242 	6240 	6241
f 6228 	6232 	6240
f 6248 	6247 	6242
f 6251 	6247 	6250
f 6240 	6242 	6247
f 6248 	6250 	6247
f 6250 	6252 	6251
f 6258 	6251 	6254
f 6252 	6254 	6251
f 6259 	6258 	6254
f 6262 	6258 	6256
f 6259 	6256 	6258
f 6256 	6263 	6262
f 6264 	6262 	6261
f 6263 	6261 	6262
f 6265 	6268 	6264
f 6264 	6261 	6265
f 6270 	6264 	6268
f 6268 	6271 	6270
f 6276 	6270 	6269
f 6271 	6269 	6270
f 6269 	6277 	6276
f 6277 	6273 	6274
f 6276 	6277 	6274
f 6280 	6281 	6273
f 6274 	6273 	6281
f 376 	6281 	6280
f 397 	1818 	376
f 6281 	376 	1818
f 6720 	1818 	397
f 4919 	450 	707
f 4919 	6715 	4531
f 450 	4919 	4533
f 4533 	4919 	4531
f 707 	450 	6711
f 708 	707 	6711
f 6714 	6721 	708
f 707 	708 	6721
f 2472 	6715 	4919
f 1572 	6718 	2472
f 1818 	6720 	1572
f 1574 	1572 	6720
f 6718 	1572 	1574
f 2473 	2472 	6718
f 6715 	2472 	2473
f 6729 	6730 	6187
f 6188 	6187 	6730
f 6730 	6729 	6726
f 6734 	6726 	6733
f 6729 	6733 	6726
f 6733 	6747 	6734
f 4974 	488 	1868
f 577 	1868 	621
f 488 	621 	1868
f 4589 	4577 	6745
f 4974 	4577 	488
f 4974 	6745 	4577
f 6733 	2593 	6747
f 6747 	2593 	2592
f 2592 	2593 	6746
f 2593 	5514 	6746
f 5513 	6746 	5514
f 1868 	577 	5514
f 5513 	5514 	577
f 8706 	8705 	8004
f 5642 	73 	72
f 5642 	5641 	73
f 70 	69 	5640
f 70 	5640 	5639
f 6946 	3739 	3741
f 6946 	3741 	6947
f 7663 	7664 	7662
f 7661 	7662 	7664
f 7665 	7666 	7667
f 7665 	7667 	7669
f 7671 	7672 	7673
f 7671 	7673 	7674
f 7683 	7684 	7685
f 7683 	7685 	7686
f 7672 	7683 	7686
f 7672 	7686 	7673
f 7686 	7685 	7674
f 7686 	7674 	7673
f 7672 	7671 	7684
f 7672 	7684 	7683
f 7708 	7709 	7710
f 7708 	7710 	7711
f 7741 	7739 	7740
f 7718 	7740 	7739
f 7709 	7718 	7739
f 7709 	7739 	7710
f 7759 	7760 	7761
f 7759 	7761 	7762
f 7788 	7759 	7762
f 7788 	7760 	7759
f 7741 	7711 	7739
f 7711 	7710 	7739
f 7740 	7718 	7708
f 7718 	7709 	7708
f 7782 	7779 	7781
f 7778 	7781 	7779
f 7783 	7784 	7785
f 7783 	7785 	7786
f 7779 	7783 	7786
f 7779 	7786 	7778
f 7787 	7788 	7789
f 7787 	7789 	7790
f 7762 	7789 	7788
f 7787 	7760 	7788
f 7789 	7762 	7790
f 7761 	7790 	7762
f 7785 	7781 	7786
f 7778 	7786 	7781
f 7782 	7784 	7779
f 7784 	7783 	7779
f 7852 	7853 	7854
f 7852 	7854 	7855
f 7859 	7861 	7862
f 7859 	7862 	7864
f 7882 	7871 	7875
f 7882 	7875 	7867
f 7870 	7883 	7867
f 7882 	7867 	7883
f 7870 	7877 	7888
f 7870 	7888 	7883
f 7875 	7880 	7878
f 7875 	7878 	7867
f 7881 	7871 	7892
f 7882 	7892 	7871
f 7864 	7882 	7883
f 7864 	7883 	7859
f 7888 	7861 	7883
f 7883 	7861 	7859
f 7892 	7882 	7862
f 7864 	7862 	7882
f 7895 	7896 	7897
f 7895 	7897 	7898
f 7912 	7897 	7911
f 7896 	7911 	7897
f 7912 	7916 	7897
f 7898 	7897 	7916
f 7898 	8008 	8009
f 7898 	8009 	7895
f 7898 	7916 	7921
f 7898 	7921 	8008
f 7980 	7911 	7979
f 7896 	7979 	7911
f 7896 	7895 	7979
f 8009 	7979 	7895
f 7996 	7997 	7998
f 7996 	7998 	7999
f 7855 	7996 	7999
f 7855 	7999 	7852
f 7999 	7998 	7853
f 7999 	7853 	7852
f 7855 	7854 	7997
f 7855 	7997 	7996
f 8004 	8005 	7991
f 7990 	8006 	7991
f 8004 	7991 	8006
f 7979 	8009 	8012
f 7921 	7989 	8014
f 8008 	7921 	8014
f 7979 	8012 	7980
f 8012 	8014 	7980
f 7989 	7980 	8014
f 6187 	7991 	8005
f 6187 	6211 	7991
f 7991 	6251 	7990
f 8009 	8008 	8014
f 8009 	8014 	8012
f 8069 	8068 	8067
f 8069 	8067 	8070
f 8071 	8072 	6
f 6 	8072 	7
f 8073 	8075 	8076
f 8077 	8079 	8076
f 8078 	8079 	8077
f 8073 	8076 	8079
f 8084 	8075 	8083
f 8073 	8083 	8075
f 8076 	8085 	8086
f 8076 	8086 	8077
f 8078 	8088 	8089
f 8078 	8089 	8079
f 8071 	8092 	8072
f 8071 	8091 	8092
f 6187 	6189 	6197
f 6187 	6197 	6211
f 6228 	7991 	6211
f 6240 	7991 	6228
f 6247 	7991 	6240
f 6251 	7991 	6247
f 6258 	7990 	6251
f 6262 	7990 	6258
f 6264 	7990 	6262
f 6270 	7990 	6264
f 6276 	7990 	6270
f 6276 	6274 	7990
f 1818 	7990 	6281
f 7990 	1818 	1572
f 6281 	7990 	6274
f 2472 	7990 	1572
f 4919 	8704 	2472
f 7990 	2472 	8704
f 707 	8704 	4919
f 6721 	8704 	707
f 6733 	6729 	8005
f 6729 	6187 	8005
f 2593 	6733 	8005
f 6745 	4974 	8705
f 8705 	4974 	1868
f 8705 	1868 	5514
f 8005 	8705 	2593
f 5514 	2593 	8705
f 8704 	8703 	7990
f 8703 	8006 	7990
f 8131 	8373 	8374
f 8067 	8374 	8070
f 8380 	8133 	8379
f 8132 	8379 	8133
f 8382 	8135 	8381
f 8846 	8381 	8135
f 8381 	8846 	8069
f 8068 	8069 	8846
f 8392 	8393 	8394
f 8392 	8394 	8395
f 8443 	8444 	8539
f 8079 	8444 	8073
f 8443 	8073 	8444
f 8538 	8073 	8443
f 8089 	8539 	8444
f 8079 	8089 	8444
f 8446 	8447 	8448
f 8450 	8452 	8448
f 8451 	8452 	8450
f 8446 	8448 	8452
f 8393 	8446 	8394
f 8452 	8394 	8446
f 8393 	8392 	8446
f 8395 	8394 	8452
f 8538 	8443 	8539
f 8073 	8538 	8083
f 8570 	8447 	8569
f 8446 	8569 	8447
f 8392 	8569 	8446
f 8448 	8696 	8697
f 8448 	8697 	8450
f 8451 	8698 	8699
f 8451 	8699 	8452
f 8395 	8452 	8699
f 6 	5 	8071
f 8091 	8071 	5
f 8703 	8704 	8705
f 8703 	8705 	8706
f 6721 	720 	8704
f 720 	6629 	8704
f 6629 	6556 	8704
f 6556 	6530 	8704
f 6530 	6450 	8704
f 6450 	6393 	8704
f 8705 	8704 	6393
f 8705 	6393 	6338
f 8705 	6338 	6044
f 8705 	6044 	5336
f 8705 	5336 	5224
f 8705 	5224 	5108
f 8705 	5108 	5003
f 8705 	5003 	6745
f 4589 	6745 	5003
f 4589 	5003 	4592
f 5108 	4610 	5003
f 4592 	5003 	4610
f 4610 	5108 	4717
f 5224 	4748 	5108
f 4717 	5108 	4748
f 4748 	5224 	4876
f 5336 	4902 	5224
f 4876 	5224 	4902
f 4902 	5336 	5014
f 6044 	5031 	5336
f 5014 	5336 	5031
f 5031 	6044 	5140
f 6338 	5156 	6044
f 5140 	6044 	5156
f 5156 	6338 	5264
f 5279 	5264 	6338
f 5279 	6338 	6393
f 5279 	6393 	5394
f 6450 	5405 	6393
f 5394 	6393 	5405
f 5405 	6450 	5714
f 5719 	5714 	6450
f 5719 	6450 	6530
f 8005 	8004 	8705
f 5719 	6530 	5791
f 5792 	5791 	6530
f 5792 	6530 	6556
f 5792 	6556 	6204
f 6629 	6477 	6556
f 6204 	6556 	6477
f 6477 	6629 	6695
f 720 	6701 	6629
f 6695 	6629 	6701
f 6701 	720 	719
f 6714 	719 	720
f 6714 	720 	6721
f 8135 	8132 	8846
f 8132 	8133 	8846
f 8845 	8846 	8133
f 8133 	8131 	8845
f 8374 	8845 	8131
f 8068 	8846 	8845
f 8068 	8845 	8067
f 8845 	8374 	8067
f 8092 	8843 	8844
f 8072 	8092 	8844
f 8 	8844 	8843
f 7 	8072 	8844
f 8844 	8 	7
f 3735 	6947 	3741
f 3735 	3734 	6947
f 3739 	6946 	3732
f 3739 	3732 	3731
f 7666 	7665 	7664
f 7666 	7664 	7663
f 7669 	7667 	7662
f 7669 	7662 	7661
f 7665 	7669 	7661
f 7665 	7661 	7664
# 365 faces

g group_0_10988977

usemtl color_10988977
s 0

f 53 	38 	37
f 53 	54 	38
f 3730 	38 	54
f 7742 	7758 	7743
f 7758 	7757 	7743
f 7867 	7868 	7869
f 7867 	7869 	7870
f 7871 	7872 	7873
f 7871 	7873 	7875
f 7869 	7877 	7870
f 7867 	7878 	7868
f 7873 	7880 	7875
f 7871 	7881 	7872
f 7868 	7878 	7928
f 7928 	7869 	7868
f 7926 	7877 	7869
f 7929 	7880 	7873
f 7872 	7881 	7932
f 7869 	7928 	7926
f 7873 	7872 	7932
f 7873 	7932 	7929
f 8075 	8084 	7926
f 8076 	7928 	8085
f 8078 	7932 	8088
f 7878 	8085 	7928
f 7881 	8088 	7932
f 7929 	8078 	8077
f 7877 	7926 	8084
f 8077 	8086 	7929
f 7880 	7929 	8086
f 7928 	8076 	7926
f 7932 	8078 	7929
f 7926 	8076 	8075
f 7743 	37 	7742
f 38 	3730 	7742
f 7758 	7742 	3730
f 38 	7742 	37
f 7743 	7757 	37
f 37 	7757 	53
# 39 faces

g group_0_11107152

usemtl color_11107152
s 0

f 16 	9182 	42
f 603 	42 	586
f 5211 	120 	103
f 104 	114 	92
f 92 	114 	96
f 123 	103 	120
f 120 	129 	136
f 8682 	132 	104
f 104 	139 	114
f 164 	176 	129
f 104 	132 	139
f 120 	136 	123
f 176 	136 	129
f 851 	821 	136
f 136 	176 	851
f 164 	224 	176
f 164 	215 	224
f 224 	215 	252
f 241 	252 	215
f 286 	301 	252
f 286 	252 	241
f 286 	328 	330
f 286 	333 	301
f 286 	330 	333
f 2203 	301 	333
f 515 	581 	563
f 114 	583 	96
f 579 	581 	515
f 114 	596 	583
f 139 	596 	114
f 596 	603 	583
f 612 	581 	579
f 583 	603 	586
f 602 	612 	579
f 612 	758 	581
f 132 	620 	139
f 170 	620 	132
f 620 	629 	139
f 633 	602 	82
f 82 	103 	633
f 633 	637 	602
f 596 	139 	629
f 123 	633 	103
f 637 	612 	602
f 637 	370 	612
f 637 	809 	370
f 692 	19 	16
f 16 	42 	692
f 692 	698 	19
f 692 	734 	698
f 6876 	453 	704
f 726 	727 	729
f 711 	735 	740
f 726 	729 	728
f 711 	740 	725
f 730 	728 	729
f 704 	453 	739
f 733 	732 	730
f 563 	739 	453
f 692 	42 	731
f 728 	730 	732
f 736 	732 	733
f 734 	692 	731
f 741 	716 	704
f 735 	711 	698
f 738 	737 	736
f 698 	734 	735
f 732 	736 	737
f 743 	737 	742
f 738 	742 	737
f 739 	741 	704
f 742 	744 	743
f 716 	741 	2458
f 581 	751 	563
f 731 	774 	734
f 563 	751 	739
f 739 	757 	741
f 751 	757 	739
f 759 	743 	744
f 743 	759 	760
f 581 	758 	751
f 352 	757 	751
f 352 	751 	758
f 734 	784 	735
f 612 	370 	758
f 7454 	781 	764
f 370 	388 	758
f 781 	790 	764
f 758 	388 	352
f 734 	774 	784
f 735 	784 	796
f 764 	790 	772
f 735 	796 	740
f 809 	637 	805
f 774 	807 	2518
f 805 	828 	809
f 821 	828 	805
f 821 	857 	828
f 851 	857 	821
f 1982 	851 	176
f 809 	929 	370
f 370 	929 	388
f 809 	945 	929
f 774 	2518 	784
f 784 	2525 	796
f 828 	945 	809
f 2557 	2567 	807
f 857 	982 	828
f 603 	985 	42
f 42 	985 	731
f 982 	945 	828
f 982 	3701 	945
f 989 	603 	596
f 596 	629 	989
f 989 	1017 	603
f 989 	1381 	1017
f 7463 	804 	781
f 7463 	7483 	804
f 804 	1041 	781
f 781 	1041 	790
f 790 	1261 	772
f 804 	1134 	1041
f 1126 	1134 	804
f 182 	1141 	1122
f 1139 	1146 	1126
f 1122 	1145 	1133
f 1122 	1141 	1145
f 1133 	1145 	1154
f 1126 	1146 	1134
f 7567 	1164 	1139
f 1164 	1172 	1139
f 1139 	1172 	1146
f 1172 	1885 	1146
f 1274 	1154 	1145
f 1164 	1204 	1205
f 1164 	1209 	1172
f 1205 	1209 	1164
f 1202 	9173 	9170
f 1195 	9170 	9171
f 9172 	1202 	1395
f 9172 	9173 	1202
f 772 	1261 	1242
f 1226 	6333 	5929
f 1247 	6333 	1226
f 1141 	1260 	1145
f 1242 	1264 	1247
f 1260 	1141 	1253
f 1261 	1264 	1242
f 1145 	1260 	1274
f 790 	1041 	1289
f 790 	1289 	1261
f 1298 	1264 	1261
f 1289 	1298 	1261
f 1303 	1260 	1253
f 1298 	6367 	1264
f 1294 	1303 	1253
f 1260 	1303 	1313
f 1260 	1313 	1274
f 1274 	1313 	1326
f 1274 	1326 	1286
f 1874 	1876 	1298
f 1286 	1326 	1195
f 1041 	1347 	1289
f 1347 	1041 	1134
f 1017 	985 	603
f 1395 	1313 	1303
f 985 	1361 	731
f 985 	1017 	1361
f 1361 	774 	731
f 1313 	1202 	1326
f 1313 	1395 	1202
f 1326 	9170 	1195
f 989 	629 	1370
f 1381 	989 	1370
f 1294 	1384 	1303
f 1017 	1381 	1388
f 1458 	1381 	1370
f 1384 	1294 	1379
f 1303 	1384 	1395
f 1017 	1388 	1361
f 1361 	1388 	807
f 1361 	807 	774
f 1379 	1884 	1384
f 1384 	1420 	1395
f 1384 	1884 	1420
f 1370 	1442 	1458
f 1420 	9172 	1395
f 1381 	2743 	1388
f 1381 	1458 	2743
f 1465 	1476 	1437
f 1458 	1442 	1482
f 4626 	1482 	1442
f 1437 	1476 	1441
f 1476 	1489 	1443
f 1443 	1441 	1476
f 1443 	1489 	1494
f 1443 	1494 	1448
f 1448 	1494 	1510
f 1489 	1668 	1494
f 1583 	2535 	1465
f 1625 	1465 	2535
f 1465 	1625 	1476
f 182 	9139 	1510
f 1476 	1625 	1489
f 1657 	1489 	1625
f 1657 	1668 	1489
f 1494 	1680 	1510
f 1668 	1680 	1494
f 1510 	1693 	182
f 1510 	1680 	1693
f 1141 	182 	1693
f 1709 	1657 	1625
f 1750 	1657 	1709
f 1668 	1757 	1680
f 1693 	1253 	1141
f 1750 	1668 	1657
f 1755 	1725 	1745
f 1750 	1757 	1668
f 1693 	1680 	1764
f 1680 	1757 	1764
f 1693 	1764 	1253
f 1771 	1745 	1872
f 1872 	1767 	1771
f 1709 	1774 	1750
f 1745 	1779 	1755
f 1750 	1782 	1757
f 1750 	1774 	1782
f 1745 	1771 	1779
f 1757 	1786 	1764
f 1757 	1782 	1786
f 1764 	1786 	1294
f 1764 	1294 	1253
f 1774 	1825 	1782
f 1379 	1294 	1786
f 1782 	1833 	1786
f 1814 	1823 	1830
f 1782 	1825 	1833
f 1379 	1786 	1833
f 1379 	1833 	1882
f 1823 	1841 	1848
f 1825 	1849 	2831
f 1823 	1848 	1830
f 1830 	1725 	1503
f 1830 	1848 	1725
f 1825 	2831 	1833
f 1833 	2831 	1882
f 1841 	1861 	1872
f 3037 	3053 	1849
f 1347 	1874 	1289
f 1861 	1767 	1872
f 1879 	1880 	1347
f 1841 	1872 	1848
f 1848 	1745 	1725
f 1874 	1298 	1289
f 1848 	1872 	1745
f 1874 	1881 	1876
f 1879 	1347 	1134
f 1134 	1146 	1879
f 1767 	1861 	1877
f 1874 	1347 	1880
f 1880 	1881 	1874
f 1881 	6886 	1876
f 1884 	1379 	1882
f 1883 	1877 	1907
f 1146 	1885 	1879
f 1767 	1883 	1887
f 1885 	1886 	1880
f 1885 	1880 	1879
f 1880 	1888 	1881
f 1886 	1888 	1880
f 1882 	1891 	1884
f 1883 	1892 	1887
f 1767 	1887 	1771
f 1209 	1213 	1172
f 1172 	1894 	1885
f 1885 	1895 	1886
f 1907 	1889 	1883
f 1891 	1882 	1890
f 1892 	1883 	1889
f 1884 	1893 	1420
f 1894 	1172 	1213
f 1884 	1891 	1893
f 9184 	1420 	1893
f 1894 	1895 	1885
f 1895 	1897 	1888
f 1895 	1888 	1886
f 6644 	1887 	1892
f 1890 	1900 	1891
f 1890 	1896 	1900
f 1889 	1902 	1892
f 1891 	1900 	1875
f 1889 	1899 	1902
f 1892 	1902 	6646
f 1878 	1875 	1900
f 1891 	1875 	1893
f 1893 	9185 	9184
f 1875 	9185 	1893
f 1892 	6646 	6644
f 1899 	1920 	1921
f 1896 	1904 	1906
f 1899 	1921 	1902
f 1896 	1906 	1900
f 1900 	1906 	1878
f 1910 	1906 	1904
f 1883 	1767 	1877
f 1903 	1908 	2341
f 1907 	1909 	1889
f 1904 	1915 	1910
f 1913 	1914 	1908
f 1909 	1899 	1889
f 1905 	8702 	1911
f 1908 	1905 	1913
f 1911 	1913 	1905
f 2341 	1908 	1914
f 1899 	1909 	1912
f 1912 	1920 	1899
f 1901 	1916 	1911
f 1916 	1917 	1911
f 1910 	1923 	9194
f 1920 	1912 	1918
f 1911 	1917 	1913
f 1913 	1919 	1914
f 1917 	1919 	1913
f 1923 	1910 	1915
f 1915 	1922 	1923
f 1920 	1918 	1926
f 1924 	1926 	1918
f 1922 	1925 	1927
f 1920 	1926 	1928
f 1926 	2477 	1928
f 1917 	1916 	1929
f 1926 	2467 	2477
f 1922 	1927 	1923
f 1920 	1928 	1921
f 1929 	1916 	9208
f 2315 	1927 	1925
f 633 	805 	637
f 805 	633 	123
f 123 	136 	821
f 821 	805 	123
f 1982 	176 	224
f 1982 	1997 	851
f 1982 	2034 	1997
f 2022 	2034 	1982
f 851 	1997 	857
f 2115 	857 	1997
f 224 	252 	2022
f 2022 	1982 	224
f 2066 	2022 	252
f 252 	301 	2066
f 2022 	2076 	2034
f 2066 	2076 	2022
f 2066 	2208 	2076
f 857 	2115 	982
f 2115 	4126 	982
f 2034 	2137 	1997
f 1997 	2137 	2115
f 9208 	9210 	1929
f 2163 	2137 	2034
f 5873 	1929 	2158
f 2076 	2163 	2034
f 2163 	2076 	2214
f 301 	2198 	2066
f 2203 	2198 	301
f 2198 	2208 	2066
f 2208 	2214 	2076
f 2214 	2218 	2163
f 2323 	2189 	2180
f 352 	2221 	757
f 2253 	2442 	2231
f 352 	2303 	2221
f 2303 	2308 	2221
f 2221 	2308 	2286
f 2448 	2253 	2189
f 352 	388 	2303
f 2311 	2180 	8799
f 8799 	1903 	2311
f 2311 	2323 	2180
f 2308 	2325 	2286
f 388 	3667 	2303
f 2308 	3728 	2325
f 1903 	2341 	2311
f 2341 	2352 	2311
f 3728 	3736 	2325
f 2311 	2352 	2323
f 2385 	2352 	2341
f 691 	716 	2387
f 2387 	2363 	691
f 2341 	1914 	2385
f 2363 	2396 	2373
f 2387 	2396 	2363
f 2396 	2402 	2373
f 1914 	1919 	2412
f 2412 	2385 	1914
f 2458 	2387 	716
f 2387 	2849 	2396
f 2458 	2849 	2387
f 2858 	2402 	2396
f 2448 	2189 	2323
f 2448 	2442 	2253
f 1924 	1930 	2467
f 1924 	2467 	1926
f 2489 	2503 	2474
f 1928 	2477 	6692
f 2323 	2352 	2489
f 2448 	2323 	2489
f 2448 	2474 	2442
f 2489 	2474 	2448
f 2503 	3476 	2474
f 2352 	2385 	2508
f 2512 	2514 	1930
f 2508 	2489 	2352
f 2508 	2503 	2489
f 830 	2510 	2511
f 2467 	2516 	2477
f 2516 	2517 	2477
f 2510 	830 	829
f 2477 	6706 	6692
f 2509 	829 	830
f 2514 	2515 	2467
f 1950 	2509 	1951
f 2467 	1930 	2514
f 2516 	2467 	2515
f 1951 	760 	1950
f 830 	1951 	2509
f 6706 	2477 	2517
f 2508 	5963 	2503
f 759 	1950 	760
f 2525 	784 	2518
f 2528 	2535 	1583
f 2573 	1625 	2535
f 2581 	2525 	2518
f 2525 	1823 	1814
f 2525 	2581 	1823
f 2557 	807 	1388
f 1388 	2743 	2557
f 2557 	2597 	2567
f 2518 	807 	2567
f 2573 	1709 	1625
f 2518 	2567 	2581
f 2567 	2597 	2612
f 2567 	2612 	2581
f 2519 	2231 	2591
f 2231 	2442 	2591
f 2591 	2603 	2519
f 2591 	2630 	2603
f 2519 	2603 	2528
f 2535 	2528 	3597
f 2597 	2631 	2612
f 2528 	2603 	3597
f 2581 	1841 	1823
f 2442 	2474 	2621
f 2581 	2612 	1841
f 2442 	2621 	2591
f 2631 	2597 	2627
f 2612 	2631 	1861
f 1877 	1861 	2631
f 2612 	1861 	1841
f 2792 	2673 	2627
f 2631 	2627 	2725
f 2627 	2673 	2725
f 1925 	1931 	2315
f 1877 	2631 	2725
f 1931 	2765 	2315
f 2725 	2673 	3329
f 1931 	2761 	2765
f 2725 	1907 	1877
f 2725 	3329 	1907
f 2749 	2743 	1458
f 2749 	1458 	1482
f 2743 	2749 	2763
f 2763 	2557 	2743
f 2763 	2597 	2557
f 2761 	2769 	2773
f 2761 	2773 	2765
f 1482 	2784 	2749
f 1482 	2771 	2784
f 2749 	2784 	2792
f 2769 	2790 	2796
f 2749 	2792 	2763
f 2763 	2627 	2597
f 2790 	2821 	2824
f 2763 	2792 	2627
f 2769 	2796 	2773
f 2824 	2796 	2790
f 3713 	2821 	2790
f 2807 	2784 	2771
f 2784 	2807 	2818
f 2796 	2824 	2827
f 2396 	2849 	2858
f 2876 	2458 	741
f 741 	757 	2876
f 2876 	2895 	2458
f 2895 	2849 	2458
f 2895 	3573 	2849
f 2849 	3573 	2858
f 757 	2221 	2876
f 2221 	2286 	2876
f 2286 	2895 	2876
f 2286 	3617 	2895
f 3617 	2286 	2325
f 2784 	2818 	2792
f 1890 	1882 	2831
f 4538 	3037 	4579
f 3037 	3090 	3053
f 3037 	4538 	3090
f 2831 	1849 	3053
f 2831 	3053 	1890
f 3053 	3090 	1896
f 3090 	1904 	1896
f 3053 	1896 	1890
f 1904 	3090 	3124
f 1915 	1904 	3124
f 3124 	3145 	1915
f 3188 	1922 	3145
f 1915 	3145 	1922
f 3188 	1925 	1922
f 3188 	3212 	1925
f 5530 	3229 	3212
f 1931 	3212 	3229
f 1931 	1925 	3212
f 2673 	2792 	2818
f 2818 	3319 	2673
f 2673 	3319 	3329
f 3319 	3351 	3329
f 3319 	3346 	3351
f 3329 	3351 	1909
f 3329 	1909 	1907
f 3464 	3380 	3346
f 3346 	3380 	3390
f 3346 	3390 	3351
f 3351 	1912 	1909
f 3390 	1912 	3351
f 3380 	3503 	3513
f 3390 	3380 	3513
f 3390 	1918 	1912
f 1918 	3390 	3513
f 4643 	3438 	2807
f 2807 	3445 	2818
f 2807 	3438 	3445
f 2818 	3445 	3319
f 3438 	3464 	3445
f 3438 	3456 	3464
f 3445 	3346 	3319
f 2621 	2630 	2591
f 3445 	3464 	3346
f 2474 	3476 	2621
f 3456 	3472 	3479
f 3456 	3479 	3464
f 3380 	3464 	3479
f 3472 	3827 	3479
f 3824 	3827 	3472
f 3380 	3479 	3503
f 3542 	2402 	2858
f 3542 	2992 	2402
f 3542 	3553 	2992
f 3582 	3542 	2858
f 3573 	3582 	2858
f 3582 	3594 	3542
f 3476 	6901 	3644
f 3542 	3594 	3553
f 2535 	3597 	2573
f 2895 	3617 	3573
f 2603 	3602 	3597
f 2630 	3602 	2603
f 3622 	3582 	3573
f 3602 	3609 	3597
f 3597 	3609 	2573
f 1709 	2573 	3609
f 2621 	3618 	2630
f 3476 	3618 	2621
f 3618 	3625 	2630
f 3573 	3617 	3622
f 3582 	3622 	3630
f 3625 	3602 	2630
f 3582 	3630 	3594
f 3630 	4640 	3594
f 3617 	3640 	3622
f 3640 	3617 	2325
f 3630 	3622 	4641
f 4641 	3622 	3640
f 3644 	3618 	3476
f 3618 	3647 	3625
f 3644 	3647 	3618
f 2137 	2163 	3655
f 4636 	3655 	2163
f 388 	929 	3667
f 3667 	3674 	2303
f 3667 	3687 	3674
f 1709 	3609 	3677
f 2303 	3674 	2308
f 1774 	1709 	3677
f 3674 	3728 	2308
f 929 	945 	3682
f 3682 	3667 	929
f 3229 	2761 	1931
f 3682 	3687 	3667
f 2761 	3229 	3691
f 3682 	945 	3701
f 3702 	3691 	5610
f 3682 	3708 	3687
f 2769 	2761 	3691
f 3701 	3708 	3682
f 3691 	3702 	2769
f 2790 	2769 	3702
f 3702 	3713 	2790
f 4126 	4147 	3701
f 3722 	3713 	3726
f 3701 	4147 	3708
f 3722 	3723 	3713
f 3713 	3723 	2820
f 3713 	2820 	2821
f 3640 	2325 	3736
f 3687 	3743 	3674
f 3674 	3743 	3728
f 3743 	3750 	3728
f 3743 	3768 	3750
f 3728 	3750 	3736
f 3764 	3743 	3687
f 3708 	3764 	3687
f 3764 	3768 	3743
f 3503 	3537 	3513
f 3503 	3529 	3537
f 3513 	3537 	1924
f 4690 	3792 	3778
f 3513 	1924 	1918
f 3778 	3794 	3783
f 3792 	3794 	3778
f 3794 	5384 	3783
f 3800 	3537 	3529
f 3797 	3800 	3529
f 3537 	3800 	1930
f 2512 	1930 	3800
f 3792 	3809 	3794
f 3807 	3809 	3792
f 2512 	3800 	2513
f 3537 	1930 	1924
f 3797 	3898 	3800
f 3898 	2513 	3800
f 3827 	3503 	3479
f 3824 	3839 	3827
f 3824 	3834 	3839
f 3827 	3839 	3529
f 3827 	3529 	3503
f 3834 	5601 	3858
f 3834 	3858 	3839
f 3839 	3797 	3529
f 3839 	3858 	3797
f 3890 	3891 	3797
f 3797 	3858 	3890
f 3877 	3890 	3858
f 3898 	3797 	3891
f 3907 	4424 	8127
f 3708 	4620 	3764
f 3768 	3764 	4621
f 4126 	3701 	982
f 2115 	2137 	3659
f 2115 	3659 	4126
f 4126 	4183 	4147
f 3659 	4183 	4126
f 4183 	4623 	4147
f 8090 	4208 	3907
f 4208 	4216 	3907
f 4208 	4352 	4216
f 4338 	8130 	3594
f 4338 	4363 	4341
f 4341 	4352 	4208
f 4341 	4368 	4352
f 3677 	3609 	4447
f 4363 	4368 	4341
f 3677 	4390 	1774
f 4447 	4390 	3677
f 4390 	1825 	1774
f 4390 	4404 	1849
f 4390 	1849 	1825
f 3037 	4404 	4579
f 4439 	3609 	3602
f 4439 	3602 	3625
f 4439 	4447 	3609
f 4439 	4465 	4447
f 4216 	4424 	3907
f 3625 	3647 	4454
f 4454 	4439 	3625
f 4430 	4471 	4423
f 4465 	4439 	4454
f 4447 	4465 	4404
f 4509 	4465 	4454
f 4430 	4424 	4475
f 4216 	4475 	4424
f 4447 	4404 	4390
f 4471 	4430 	4475
f 4454 	3647 	4504
f 4579 	4404 	4465
f 3807 	4718 	4506
f 4506 	3809 	3807
f 4503 	4475 	4216
f 4216 	4352 	4503
f 4475 	4497 	4471
f 4503 	4497 	4475
f 3809 	4506 	4507
f 4508 	3809 	4507
f 6921 	4504 	3647
f 4454 	4504 	4509
f 4619 	4368 	4363
f 4510 	4511 	4504
f 4628 	4497 	4503
f 4619 	4363 	4389
f 4509 	4504 	4511
f 170 	4410 	4512
f 4423 	4512 	4410
f 4512 	4517 	170
f 6927 	4607 	4510
f 4510 	4607 	4511
f 4512 	4562 	4517
f 4517 	620 	170
f 620 	4529 	629
f 620 	4517 	4529
f 3037 	1849 	4404
f 1370 	629 	4529
f 4423 	4556 	4512
f 4556 	4562 	4512
f 4622 	4529 	4517
f 4538 	3124 	3090
f 1442 	1370 	4529
f 4538 	4546 	3124
f 4423 	4471 	4556
f 4546 	4557 	3145
f 4576 	4587 	4556
f 4556 	4587 	4562
f 4546 	3145 	3124
f 4562 	4622 	4517
f 4471 	4497 	4576
f 3188 	4557 	5512
f 4557 	3188 	3145
f 4471 	4576 	4556
f 4465 	4509 	4579
f 4509 	4591 	4579
f 4511 	4591 	4509
f 4579 	4591 	4538
f 4609 	4587 	4576
f 4591 	4546 	4538
f 2137 	3655 	3659
f 3659 	4614 	4183
f 5524 	4609 	4576
f 3659 	3655 	4614
f 4587 	4609 	4627
f 5524 	5544 	4609
f 3655 	4638 	4614
f 4620 	3708 	4147
f 4147 	4623 	4620
f 4619 	4389 	4983
f 4620 	4621 	3764
f 4622 	1442 	4529
f 4587 	4624 	4562
f 4587 	4627 	4624
f 4562 	4624 	4622
f 4623 	4625 	4620
f 4622 	4626 	1442
f 4622 	4624 	4626
f 4620 	4625 	4621
f 4368 	4629 	4352
f 4614 	4631 	4183
f 4624 	4630 	4626
f 4352 	4629 	4503
f 4627 	4630 	4624
f 4628 	4503 	4629
f 4631 	4623 	4183
f 4632 	5532 	4628
f 4631 	4701 	4623
f 4629 	4368 	4633
f 4368 	4619 	4633
f 4623 	4701 	4625
f 4633 	4632 	4629
f 4701 	4718 	4625
f 4627 	4609 	4634
f 4629 	4632 	4628
f 4634 	4635 	4627
f 4638 	4631 	4614
f 4627 	4635 	4630
f 2163 	4637 	4636
f 2218 	4637 	2163
f 4636 	4638 	3655
f 4631 	4638 	4639
f 3594 	4640 	4338
f 4640 	4363 	4338
f 4634 	4646 	4635
f 3630 	4641 	4642
f 4641 	4645 	4642
f 3630 	4642 	4640
f 4640 	4389 	4363
f 4626 	4630 	2771
f 4642 	4389 	4640
f 2771 	1482 	4626
f 4643 	2771 	4630
f 4630 	4635 	4643
f 2807 	2771 	4643
f 4635 	4646 	4647
f 3640 	3736 	4644
f 4635 	4647 	4643
f 4644 	4641 	3640
f 4644 	4645 	4641
f 4644 	3736 	4648
f 3736 	3750 	4648
f 4644 	4649 	4645
f 4643 	4647 	3438
f 4648 	4649 	4644
f 4650 	4651 	4646
f 3750 	3768 	4652
f 3750 	4652 	4648
f 4658 	4649 	4648
f 4652 	4658 	4648
f 3391 	4661 	4662
f 140 	3391 	4662
f 140 	4673 	3391
f 3778 	3783 	4658
f 140 	1085 	4673
f 3526 	4673 	1085
f 1085 	4685 	3526
f 4658 	4652 	3778
f 3768 	4690 	4652
f 4690 	3768 	4621
f 1085 	1159 	4685
f 3645 	4685 	1159
f 4690 	4621 	4694
f 1159 	4696 	3645
f 4621 	4625 	4694
f 4718 	4694 	4625
f 4796 	4701 	4631
f 4805 	4718 	4701
f 3778 	4652 	4690
f 4690 	4694 	3792
f 4718 	3807 	3792
f 4718 	3792 	4694
f 4805 	4505 	4718
f 4796 	4631 	4801
f 4639 	4801 	4631
f 4796 	4805 	4701
f 4506 	4718 	4505
f 4859 	4873 	4838
f 4838 	4873 	4847
f 4873 	4890 	4847
f 4890 	4873 	82
f 82 	602 	4890
f 4633 	5098 	4632
f 4971 	4389 	4642
f 4971 	4642 	4645
f 4971 	4983 	4389
f 4645 	4649 	5002
f 4971 	4645 	5002
f 4971 	5013 	4983
f 5002 	5013 	4971
f 4983 	5128 	5102
f 5013 	5128 	4983
f 4649 	4658 	5022
f 5002 	4649 	5022
f 5022 	5036 	5002
f 5002 	5036 	5013
f 5022 	4658 	3783
f 4619 	4983 	5102
f 5102 	4633 	4619
f 5098 	4633 	5102
f 5128 	5124 	5102
f 5102 	5124 	5098
f 5155 	4859 	4945
f 4945 	5211 	5155
f 4873 	4859 	5155
f 4873 	5155 	82
f 5198 	4945 	5941
f 5211 	4945 	5198
f 5155 	103 	82
f 5155 	5211 	103
f 5974 	5211 	5198
f 5013 	5036 	5269
f 5269 	5128 	5013
f 5128 	5152 	5124
f 5269 	5152 	5128
f 5320 	5152 	5269
f 5325 	5036 	5022
f 5022 	3783 	5325
f 5335 	5036 	5325
f 3783 	5384 	5325
f 5325 	5399 	5335
f 5036 	5335 	5269
f 5335 	5320 	5269
f 4591 	4511 	4612
f 5384 	5399 	5325
f 5399 	5380 	5335
f 4511 	4607 	4612
f 4546 	4591 	4612
f 5335 	5380 	5320
f 3794 	5422 	5384
f 4607 	6927 	5421
f 5422 	3794 	3809
f 4607 	5421 	5431
f 5422 	5432 	5384
f 5421 	7589 	5509
f 5483 	5493 	5422
f 5422 	5493 	5432
f 4607 	5431 	4612
f 5384 	5432 	5399
f 4612 	5431 	4557
f 5432 	5420 	5399
f 5399 	5420 	5380
f 4612 	4557 	4546
f 3809 	5483 	5422
f 5431 	5421 	5509
f 4508 	5486 	3809
f 5431 	5512 	4557
f 5431 	5509 	5512
f 5432 	5493 	5420
f 5476 	5420 	5493
f 5476 	5477 	5420
f 5512 	3212 	3188
f 5483 	3809 	5486
f 5551 	3691 	3229
f 5524 	4576 	4497
f 4646 	4651 	4647
f 4647 	4651 	3456
f 3456 	4651 	3472
f 4647 	3456 	3438
f 5524 	4497 	4628
f 4628 	5532 	5524
f 5509 	5530 	5512
f 5509 	5521 	5530
f 5512 	5530 	3212
f 5525 	5538 	4650
f 5532 	5544 	5524
f 5588 	5657 	5532
f 4651 	4650 	5538
f 5521 	5537 	5551
f 3472 	4651 	5538
f 5538 	5525 	5565
f 5521 	5551 	5530
f 5588 	5532 	4632
f 3824 	3472 	5538
f 3229 	5530 	5551
f 5538 	5565 	3824
f 5544 	4634 	4609
f 5551 	5610 	3691
f 5565 	5570 	3834
f 5588 	4632 	5098
f 5565 	3834 	3824
f 5630 	3713 	3702
f 5544 	5532 	5657
f 3713 	5630 	5661
f 3713 	5661 	3726
f 5840 	3726 	5661
f 5570 	5601 	3834
f 5570 	5593 	5601
f 5604 	5588 	5098
f 5537 	5610 	5551
f 5098 	5124 	5604
f 5604 	5677 	5588
f 5593 	5631 	5601
f 5537 	5605 	5610
f 3877 	3858 	5601
f 5601 	5631 	3886
f 5601 	3886 	3877
f 5588 	5677 	5657
f 5124 	5152 	5627
f 5626 	5593 	5625
f 5631 	5593 	5626
f 5605 	5630 	5610
f 5627 	5604 	5124
f 5605 	5619 	5630
f 3702 	5610 	5630
f 5736 	5627 	5152
f 5619 	5654 	5661
f 5660 	4634 	5544
f 5811 	215 	164
f 5657 	5660 	5544
f 5660 	4646 	4634
f 1159 	1516 	4696
f 3729 	4696 	1516
f 1516 	2510 	3729
f 2511 	2510 	1516
f 5667 	241 	215
f 5667 	5681 	241
f 5657 	5680 	5660
f 5677 	5680 	5657
f 5680 	4650 	5660
f 6507 	5691 	5681
f 5660 	4650 	4646
f 5681 	5691 	286
f 5604 	5698 	5677
f 5681 	286 	241
f 5627 	5698 	5604
f 5698 	5708 	5677
f 5713 	328 	5691
f 286 	5691 	328
f 5677 	5708 	5680
f 5525 	4650 	5680
f 5698 	5750 	5755
f 5698 	5755 	5708
f 5974 	5198 	5772
f 5736 	5152 	5320
f 5627 	5750 	5698
f 5734 	5843 	5854
f 5750 	5627 	5736
f 5734 	5854 	5744
f 5744 	5772 	5198
f 5773 	5750 	5736
f 5744 	5854 	5772
f 5750 	5787 	5755
f 5773 	5787 	5750
f 5736 	5320 	5767
f 5380 	5767 	5320
f 5767 	5773 	5736
f 5854 	5784 	5772
f 5772 	5784 	5790
f 5784 	5811 	5790
f 5784 	5807 	5811
f 5619 	5661 	5630
f 5811 	5807 	5667
f 7651 	5835 	5654
f 5811 	5667 	215
f 5838 	5835 	7651
f 5654 	5840 	5661
f 5654 	5835 	5840
f 1917 	1929 	5849
f 4847 	5815 	4838
f 1917 	5849 	1919
f 5843 	6406 	5854
f 5849 	5858 	1919
f 5843 	6400 	6406
f 5849 	5886 	5858
f 5799 	5862 	5808
f 5855 	5862 	5799
f 5862 	4838 	5808
f 5808 	4838 	5815
f 5849 	1929 	5873
f 5873 	5886 	5849
f 5887 	5900 	5855
f 2158 	5901 	5873
f 5901 	2158 	1216
f 5873 	5907 	5886
f 5855 	5900 	5862
f 5901 	5907 	5873
f 5900 	4859 	5862
f 5941 	5900 	5887
f 5862 	4859 	4838
f 5929 	5901 	1216
f 6094 	5927 	5887
f 1216 	1226 	5929
f 5901 	5937 	5907
f 5929 	5937 	5901
f 5887 	5927 	5941
f 4945 	4859 	5900
f 5900 	5941 	4945
f 5941 	5927 	5744
f 5744 	5927 	5734
f 2385 	5966 	2508
f 5744 	5198 	5941
f 5966 	2385 	2412
f 5966 	5963 	2508
f 5211 	5974 	120
f 5772 	5790 	5974
f 129 	120 	5974
f 129 	5974 	5790
f 164 	129 	5790
f 5790 	5811 	164
f 1919 	5858 	2412
f 8876 	5993 	6000
f 2412 	6255 	5966
f 5855 	5799 	6000
f 5993 	6064 	6000
f 6056 	6064 	5993
f 6064 	5855 	6000
f 6056 	6094 	6064
f 6088 	6094 	6056
f 6064 	5887 	5855
f 6094 	5887 	6064
f 6088 	6101 	6113
f 6088 	6113 	6094
f 6094 	6113 	5927
f 6168 	5767 	5380
f 5380 	5420 	6168
f 5767 	6175 	5773
f 6168 	6175 	5767
f 6175 	6184 	5773
f 6177 	6186 	6191
f 5463 	5462 	4661
f 4662 	4661 	5462
f 6177 	6191 	6183
f 6175 	6246 	6184
f 6185 	5462 	5463
f 6161 	6088 	6056
f 6172 	6171 	6185
f 5462 	6185 	6171
f 5773 	6184 	5787
f 6161 	6183 	6088
f 726 	6171 	727
f 6172 	727 	6171
f 6243 	6168 	5420
f 6244 	6175 	6168
f 6175 	6245 	6246
f 6183 	6101 	6088
f 6191 	6101 	6183
f 6186 	1755 	6196
f 6186 	6201 	6191
f 6186 	6196 	6201
f 6191 	6126 	6101
f 6191 	6201 	6126
f 6233 	6201 	6196
f 6196 	6643 	6233
f 6246 	6249 	6184
f 5477 	6243 	5420
f 6244 	6245 	6175
f 6243 	6244 	6168
f 6717 	6233 	6643
f 5858 	6255 	2412
f 5525 	5680 	5708
f 5966 	6253 	5963
f 6257 	5565 	5525
f 5708 	6257 	5525
f 6257 	5708 	5755
f 5966 	6255 	6253
f 5755 	5787 	6260
f 6255 	6266 	6253
f 6260 	6257 	5755
f 6257 	5570 	5565
f 6260 	5570 	6257
f 6267 	6260 	5787
f 5787 	6184 	6267
f 6267 	5593 	6260
f 6275 	5625 	6267
f 6260 	5593 	5570
f 6272 	6255 	5858
f 6184 	6249 	6267
f 6275 	6267 	6249
f 5858 	5886 	6272
f 5593 	6267 	5625
f 6272 	6266 	6255
f 6279 	6292 	6282
f 6286 	6292 	6279
f 5886 	5907 	6283
f 6283 	6272 	5886
f 6278 	6266 	6272
f 6283 	6278 	6272
f 6297 	6916 	6278
f 6299 	6283 	5907
f 5907 	5937 	6299
f 6299 	6297 	6283
f 6286 	6324 	6292
f 6283 	6297 	6278
f 6324 	6286 	6317
f 6299 	6868 	6297
f 6317 	6330 	6336
f 6333 	6337 	5929
f 6360 	6369 	6330
f 6333 	6359 	6337
f 6317 	6336 	6324
f 5929 	6337 	5937
f 6336 	6944 	6324
f 6369 	6336 	6330
f 1247 	1264 	6353
f 6353 	6333 	1247
f 6353 	6359 	6333
f 7443 	6360 	6330
f 6367 	6353 	1264
f 6367 	6375 	6353
f 6369 	6948 	6336
f 6353 	6375 	6359
f 6367 	1298 	1876
f 6403 	6412 	6369
f 6369 	6360 	6403
f 5854 	6406 	5784
f 6422 	6428 	6403
f 6403 	6428 	6412
f 5807 	5784 	6406
f 6403 	6725 	6422
f 6400 	6424 	6433
f 6400 	6433 	6406
f 6406 	6433 	5807
f 6422 	6445 	6428
f 6443 	6445 	6422
f 6433 	6470 	5807
f 6470 	6433 	6468
f 6443 	6741 	6445
f 6740 	6741 	6443
f 6424 	6468 	6433
f 6424 	6459 	6468
f 5807 	6470 	5667
f 6459 	6489 	6468
f 6459 	6476 	6489
f 6468 	6489 	6507
f 6489 	6533 	6507
f 6468 	6507 	6470
f 6470 	5681 	5667
f 5681 	6470 	6507
f 6476 	6525 	6489
f 6476 	6523 	6525
f 6533 	6489 	6525
f 6507 	6533 	5691
f 6578 	6533 	6525
f 5713 	5691 	6533
f 6572 	6575 	6523
f 6525 	6523 	6575
f 6525 	6575 	6579
f 6525 	6579 	6578
f 6533 	6578 	5712
f 6533 	5712 	5713
f 6113 	6590 	5734
f 6590 	5843 	5734
f 6101 	6590 	6113
f 6101 	6126 	6590
f 5734 	5927 	6113
f 6639 	6590 	6126
f 6126 	6716 	6639
f 5843 	6590 	6639
f 6639 	6640 	6400
f 6400 	6640 	6424
f 6639 	6400 	5843
f 6641 	6640 	6719
f 6196 	1755 	1779
f 6642 	1779 	1771
f 1771 	1887 	6642
f 1779 	6642 	6643
f 6644 	6642 	1887
f 1779 	6643 	6196
f 6642 	6645 	6643
f 6642 	6644 	6645
f 6644 	6647 	6645
f 6646 	6647 	6644
f 6723 	6645 	6647
f 6646 	6663 	6647
f 6663 	1902 	1921
f 1921 	6673 	6663
f 1902 	6663 	6646
f 6663 	6669 	6647
f 6673 	1921 	1928
f 6663 	6673 	6683
f 6673 	6697 	6683
f 6663 	6683 	6669
f 6673 	1928 	6692
f 6692 	6697 	6673
f 6706 	6707 	6697
f 6706 	6697 	6692
f 6697 	6707 	6708
f 6754 	6762 	6712
f 6424 	6640 	6641
f 6641 	6735 	6459
f 6459 	6424 	6641
f 6201 	6233 	6716
f 6201 	6716 	6126
f 6643 	6645 	6717
f 6233 	6717 	6719
f 6716 	6233 	6719
f 6716 	6640 	6639
f 6716 	6719 	6640
f 6717 	6645 	6723
f 6724 	6719 	6717
f 7466 	6722 	6725
f 6722 	6728 	6725
f 6723 	6724 	6717
f 6641 	6719 	6724
f 6725 	6403 	6360
f 6641 	6724 	6735
f 8033 	6727 	6722
f 6787 	6723 	6647
f 6728 	6722 	6727
f 6422 	6725 	6728
f 6788 	6724 	6723
f 6723 	6787 	6788
f 6727 	6731 	6732
f 6727 	6732 	6728
f 6728 	6732 	6422
f 6443 	6422 	6732
f 6732 	6731 	6738
f 6737 	6738 	6731
f 6732 	6740 	6443
f 6735 	6739 	6476
f 6732 	6738 	6740
f 6735 	6476 	6459
f 6958 	6445 	6742
f 6476 	6739 	6523
f 6744 	6739 	6813
f 6523 	6739 	6744
f 6936 	6940 	6744
f 6572 	6523 	6744
f 6712 	6762 	6713
f 6713 	6749 	6710
f 6713 	6710 	6709
f 6753 	6766 	6757
f 6764 	6766 	6753
f 6713 	6768 	6749
f 6766 	6957 	6757
f 6762 	6768 	6713
f 6768 	453 	6749
f 7147 	6282 	6764
f 6768 	563 	453
f 6776 	6766 	6764
f 6282 	6776 	6764
f 4847 	6754 	5815
f 6776 	6959 	6766
f 6783 	6762 	6754
f 4847 	6783 	6754
f 6282 	6292 	6786
f 6783 	515 	6762
f 4890 	579 	6783
f 6788 	6735 	6724
f 6669 	6800 	6787
f 6787 	6800 	6813
f 6787 	6813 	6788
f 6788 	6739 	6735
f 6788 	6813 	6739
f 6762 	515 	6768
f 563 	6768 	515
f 4847 	4890 	6783
f 5937 	6337 	6869
f 6869 	6299 	5937
f 515 	6783 	579
f 4890 	602 	579
f 6868 	6299 	6869
f 6873 	6869 	6337
f 6337 	6359 	6873
f 6873 	6871 	6869
f 6869 	6871 	6868
f 6874 	2363 	7572
f 6749 	6876 	6710
f 6749 	453 	6876
f 6359 	6375 	6877
f 6710 	6876 	6870
f 6877 	6873 	6359
f 6876 	6878 	6870
f 6873 	6875 	6871
f 6877 	6875 	6873
f 6870 	6878 	6872
f 691 	6874 	6872
f 6878 	691 	6872
f 691 	2363 	6874
f 6877 	6879 	6875
f 6876 	704 	6878
f 6880 	6375 	6367
f 704 	716 	6878
f 6367 	1876 	6880
f 6878 	716 	691
f 6880 	6881 	6375
f 6375 	6881 	6877
f 6881 	6879 	6877
f 6883 	6870 	6884
f 1876 	6886 	6880
f 6709 	6710 	6882
f 6882 	6710 	6883
f 6887 	6881 	6880
f 6710 	6870 	6883
f 6886 	6887 	6880
f 6887 	6885 	6881
f 6884 	6872 	6894
f 6870 	6872 	6884
f 6881 	6885 	6879
f 1881 	6891 	6886
f 6891 	1881 	1888
f 6891 	6893 	6886
f 6898 	6900 	6891
f 6900 	6893 	6891
f 6886 	6893 	6887
f 6893 	6889 	6887
f 6887 	6889 	6885
f 6884 	6894 	6888
f 6890 	6888 	6894
f 6894 	6895 	6890
f 6894 	6874 	6895
f 1897 	1898 	1888
f 6890 	6895 	6892
f 6896 	6889 	6900
f 6893 	6900 	6889
f 6896 	6897 	6889
f 6898 	6891 	1888
f 1888 	6899 	6898
f 6899 	1888 	1898
f 6894 	6872 	6874
f 6874 	7572 	6895
f 6901 	3476 	2503
f 2503 	5963 	6901
f 3644 	6901 	6908
f 6914 	6904 	6902
f 6921 	3647 	3644
f 6902 	6905 	6903
f 6904 	6905 	6902
f 6906 	6901 	5963
f 6903 	6709 	6882
f 6905 	6709 	6903
f 6906 	5963 	6253
f 6906 	6908 	6901
f 6909 	6910 	6906
f 6906 	6910 	6908
f 6907 	6712 	6904
f 6921 	3644 	6908
f 6907 	6754 	6712
f 6253 	6266 	6909
f 6905 	6904 	6712
f 6906 	6253 	6909
f 6712 	6713 	6905
f 6905 	6713 	6709
f 5815 	6920 	5808
f 5815 	6907 	6920
f 6910 	6913 	6926
f 6907 	5815 	6754
f 6266 	6278 	6911
f 6909 	6266 	6911
f 6913 	6910 	6909
f 6911 	6913 	6909
f 6915 	6917 	6912
f 6916 	6911 	6278
f 6912 	6917 	6914
f 6916 	6918 	6911
f 6917 	6904 	6914
f 6911 	6918 	6913
f 8868 	6919 	6915
f 6915 	6920 	6917
f 6919 	6920 	6915
f 6917 	6907 	6904
f 6920 	6907 	6917
f 6297 	6931 	6916
f 6918 	6916 	7248
f 6919 	5808 	6920
f 5799 	5808 	6919
f 6910 	6923 	6908
f 6921 	6908 	6923
f 6921 	4510 	4504
f 6921 	6923 	4510
f 6910 	6926 	6923
f 6923 	6927 	4510
f 6923 	6926 	6927
f 6922 	6882 	6925
f 6918 	6929 	6913
f 6926 	6913 	6929
f 6929 	6930 	6926
f 6903 	6922 	6924
f 6926 	6930 	6927
f 6902 	6903 	6924
f 6903 	6882 	6922
f 6928 	6925 	6883
f 6882 	6883 	6925
f 6883 	6884 	6928
f 6884 	6888 	6928
f 6931 	6297 	6868
f 6934 	6931 	6868
f 6868 	6871 	6934
f 6933 	6935 	7528
f 6800 	6936 	6813
f 6800 	6867 	6936
f 6786 	6776 	6282
f 6744 	6813 	6936
f 6786 	6743 	6776
f 6786 	6943 	6743
f 6743 	6959 	6776
f 6867 	6939 	6936
f 6867 	6938 	6939
f 6942 	6943 	6786
f 6941 	6744 	6940
f 6939 	6940 	6936
f 6744 	6941 	6571
f 6744 	6571 	6572
f 6942 	6786 	6292
f 6324 	6942 	6292
f 6787 	6647 	6669
f 6669 	6683 	6800
f 6683 	6697 	6867
f 6708 	6937 	6697
f 6697 	6937 	6867
f 6867 	6800 	6683
f 6938 	6867 	6937
f 6324 	6944 	6942
f 6942 	6945 	6943
f 6944 	6945 	6942
f 6945 	7005 	6943
f 6948 	6944 	6336
f 6949 	6945 	6944
f 6948 	6949 	6944
f 6959 	6743 	6952
f 6412 	6954 	6948
f 6948 	6954 	6949
f 6950 	6953 	6951
f 6952 	6953 	6950
f 6953 	7328 	6951
f 6948 	6369 	6412
f 6951 	7328 	7318
f 6995 	6952 	6743
f 6952 	7000 	6953
f 6995 	7000 	6952
f 6412 	6955 	6954
f 6955 	6412 	6428
f 6955 	7070 	6954
f 6954 	7070 	7055
f 6955 	6428 	6956
f 6428 	6445 	6956
f 6741 	6742 	6445
f 6445 	6958 	6956
f 6757 	6957 	6969
f 6958 	6960 	6956
f 6959 	6957 	6766
f 6950 	6957 	6959
f 6959 	6952 	6950
f 6965 	6967 	7598
f 6967 	6968 	6962
f 6962 	6968 	6964
f 6968 	7349 	6964
f 6748 	6969 	6965
f 6970 	6967 	6965
f 6965 	6969 	6970
f 6967 	6971 	6968
f 6757 	6969 	6748
f 6970 	6971 	6967
f 6969 	6972 	6970
f 6957 	6972 	6969
f 6970 	6973 	6971
f 6972 	6973 	6970
f 6950 	6972 	6957
f 6951 	6973 	6972
f 6950 	6951 	6972
f 6995 	6943 	7005
f 6945 	6949 	7022
f 6954 	7055 	6949
f 6943 	6995 	6743
f 7005 	7014 	6995
f 6995 	7014 	7000
f 6945 	7022 	7005
f 7022 	7029 	7005
f 7022 	7058 	7029
f 7005 	7029 	7014
f 7055 	7022 	6949
f 7022 	7055 	7058
f 7070 	6975 	7055
f 7055 	6975 	7058
f 7120 	7123 	6963
f 7129 	7140 	6966
f 6966 	7140 	7120
f 7120 	7147 	7123
f 7140 	7147 	7120
f 6753 	7123 	6764
f 7147 	7140 	6279
f 6279 	6282 	7147
f 7129 	7179 	7186
f 7210 	7186 	7179
f 7140 	7129 	7186
f 7140 	7186 	6279
f 6279 	7186 	6286
f 7186 	7210 	6286
f 7179 	6961 	7210
f 7210 	6317 	6286
f 6871 	6875 	7228
f 7228 	6934 	6871
f 7228 	7556 	6934
f 6875 	7558 	7228
f 6931 	7248 	6916
f 7226 	7249 	7232
f 6918 	7255 	6929
f 7226 	7240 	7249
f 6961 	7232 	7249
f 7248 	7255 	6918
f 7421 	6961 	7249
f 7588 	6929 	7255
f 7240 	7493 	7497
f 6929 	7588 	6930
f 7240 	7497 	7249
f 6934 	7269 	6931
f 6931 	7269 	7248
f 6975 	7567 	7058
f 7070 	6955 	7282
f 6955 	6956 	7282
f 7070 	7282 	6974
f 7279 	7293 	7284
f 7070 	6974 	6975
f 7291 	7293 	7279
f 7293 	7304 	7284
f 6960 	7310 	7282
f 6956 	6960 	7282
f 7282 	7312 	6974
f 7310 	7312 	7282
f 7304 	7120 	6963
f 7120 	7304 	6966
f 6964 	7349 	7344
f 7291 	7346 	7293
f 7340 	7346 	7291
f 7346 	6966 	7293
f 7377 	7129 	7346
f 7349 	7358 	7344
f 7346 	7129 	6966
f 7293 	6966 	7304
f 7368 	7377 	7340
f 7390 	7395 	7349
f 7368 	7232 	7377
f 7349 	7395 	7358
f 7340 	7377 	7346
f 6968 	7390 	7349
f 7377 	7179 	7129
f 7377 	7232 	7179
f 6971 	7390 	6968
f 7232 	7368 	7226
f 7232 	6961 	7179
f 6971 	6973 	7416
f 6971 	7416 	7390
f 7433 	7210 	6961
f 6961 	7421 	7433
f 7210 	7433 	6317
f 6973 	6951 	7318
f 7416 	6973 	7318
f 7497 	7437 	7421
f 7416 	7318 	9206
f 7421 	7437 	7443
f 7312 	7316 	6974
f 7437 	7466 	7443
f 7437 	7458 	7466
f 7571 	7569 	6974
f 7421 	7443 	7433
f 6953 	7000 	7454
f 7433 	6330 	6317
f 6953 	7454 	7328
f 7443 	6330 	7433
f 7454 	764 	7328
f 7454 	7000 	7463
f 7463 	7000 	7014
f 7463 	781 	7454
f 7443 	7466 	6360
f 7466 	6725 	6360
f 6888 	6935 	6933
f 6925 	6928 	6932
f 6932 	6928 	6933
f 6888 	6933 	6928
f 6935 	6890 	7511
f 6888 	6890 	6935
f 6890 	6892 	7511
f 7511 	6892 	7512
f 6892 	7690 	7512
f 7514 	7519 	7515
f 7514 	7513 	7518
f 7519 	7514 	7518
f 7515 	7519 	6924
f 7519 	6902 	6924
f 7515 	6924 	7516
f 7517 	7516 	6922
f 6924 	6922 	7516
f 6922 	6925 	7517
f 7517 	6925 	6932
f 7518 	6914 	7519
f 7518 	6912 	6914
f 7519 	6914 	6902
f 7255 	7248 	7545
f 7563 	7515 	7516
f 7269 	7545 	7248
f 7520 	7517 	7522
f 7520 	7516 	7517
f 7517 	6932 	7522
f 7522 	6932 	7526
f 7556 	7269 	6934
f 7526 	6933 	7528
f 6932 	6933 	7526
f 7556 	7557 	7269
f 7532 	7528 	6935
f 6935 	7511 	7532
f 7269 	7557 	7545
f 7532 	7511 	7539
f 8291 	7539 	7512
f 7596 	7545 	7557
f 7511 	7512 	7539
f 7483 	7463 	7014
f 7014 	7029 	7483
f 6875 	6879 	7558
f 7029 	7058 	7565
f 7561 	7556 	7228
f 7228 	7558 	7561
f 7565 	7483 	7029
f 7565 	1126 	7483
f 804 	7483 	1126
f 7556 	7561 	7564
f 7561 	7570 	7564
f 7058 	7567 	7565
f 7556 	7564 	7557
f 7558 	6879 	7566
f 6885 	7566 	6879
f 7566 	7568 	7558
f 7565 	1139 	1126
f 7567 	1139 	7565
f 7566 	7576 	7568
f 7559 	7513 	7560
f 7567 	6975 	7569
f 7558 	7568 	7561
f 7560 	7514 	7562
f 6975 	6974 	7569
f 7560 	7513 	7514
f 7569 	1164 	7567
f 7562 	7514 	7515
f 7568 	7570 	7561
f 7562 	7515 	7563
f 7563 	7516 	7520
f 7571 	1204 	7569
f 7571 	6974 	7316
f 1164 	7569 	1204
f 7573 	7566 	6885
f 6885 	6889 	7573
f 7576 	7566 	7573
f 7576 	7578 	7568
f 6748 	6965 	7574
f 7575 	7584 	7577
f 7568 	7578 	7570
f 7577 	8074 	7580
f 7581 	7573 	6889
f 7583 	7585 	7576
f 2363 	2373 	7572
f 7578 	7576 	7585
f 7585 	7586 	7578
f 7575 	7572 	2373
f 6897 	7581 	6889
f 7576 	7582 	7583
f 7584 	7575 	2373
f 7576 	7573 	7582
f 7581 	7582 	7573
f 8074 	7577 	7584
f 6927 	6930 	5421
f 7588 	7589 	6930
f 7255 	7590 	7588
f 7589 	5421 	6930
f 7255 	7545 	7590
f 7590 	7591 	7588
f 7587 	7574 	7592
f 7588 	7591 	7589
f 7589 	7591 	5521
f 7589 	5521 	5509
f 7596 	7590 	7545
f 7596 	7597 	7590
f 8695 	8082 	7595
f 7610 	7616 	7596
f 7590 	7597 	7591
f 7591 	5537 	5521
f 7592 	7574 	7598
f 7591 	7597 	5537
f 7592 	7598 	7593
f 7596 	7557 	7610
f 7593 	6962 	7594
f 7593 	7598 	6962
f 7597 	7596 	7616
f 5605 	5537 	7597
f 7594 	6964 	7595
f 7616 	5605 	7597
f 6962 	6964 	7594
f 7610 	7557 	7564
f 6964 	7344 	7595
f 7564 	7570 	7621
f 7574 	6965 	7598
f 7610 	7564 	7621
f 7598 	6967 	6962
f 7610 	7624 	7616
f 7621 	7624 	7610
f 7616 	7624 	5619
f 7616 	5619 	5605
f 7639 	7621 	7570
f 7570 	7578 	7639
f 7639 	7651 	7621
f 7659 	7660 	7639
f 7641 	7652 	7625
f 7621 	7651 	7624
f 7624 	5654 	5619
f 7624 	7651 	5654
f 7659 	7639 	7586
f 7578 	7586 	7639
f 1159 	1085 	7653
f 5462 	7653 	1085
f 140 	5462 	1085
f 4662 	5462 	140
f 7653 	7654 	1159
f 1516 	1159 	7654
f 7654 	830 	1516
f 7579 	7587 	7629
f 7655 	7658 	5462
f 7656 	7658 	7655
f 7656 	1951 	7657
f 7657 	7658 	7656
f 7641 	7629 	7592
f 7654 	7657 	830
f 2511 	1516 	830
f 5462 	7658 	7653
f 7651 	7639 	7660
f 7587 	7592 	7629
f 5838 	7651 	7660
f 7641 	7593 	7652
f 7592 	7593 	7641
f 8074 	8081 	7580
f 7593 	7594 	7652
f 2373 	2402 	7584
f 2402 	2992 	7584
f 7730 	7690 	6892
f 6892 	6895 	7730
f 7730 	7737 	7690
f 6895 	7572 	7730
f 7730 	7575 	7737
f 7572 	7575 	7730
f 7690 	7737 	7698
f 7698 	7756 	7699
f 7737 	7756 	7698
f 7699 	7768 	7713
f 7756 	7768 	7699
f 7768 	7775 	7713
f 7575 	7577 	7737
f 7737 	7577 	7756
f 7577 	7580 	7756
f 7756 	7580 	7768
f 7580 	8122 	7768
f 8122 	7775 	7768
f 7421 	7249 	7497
f 7493 	7910 	7497
f 7493 	7901 	7910
f 7497 	7910 	7437
f 7901 	7941 	7958
f 7901 	7958 	7910
f 7910 	7458 	7437
f 7910 	7958 	7458
f 8022 	7958 	7941
f 7941 	8010 	8022
f 7958 	8033 	7458
f 7958 	8022 	8033
f 7458 	6722 	7466
f 7458 	8033 	6722
f 8010 	8052 	8022
f 8010 	8044 	8052
f 8022 	8052 	8061
f 8022 	8061 	8033
f 6727 	8033 	8061
f 7652 	7677 	7625
f 7677 	7652 	8080
f 7652 	7594 	8080
f 7677 	8080 	8057
f 8122 	7580 	8081
f 8082 	8066 	8057
f 8080 	8082 	8057
f 7584 	2992 	8074
f 8082 	8732 	8066
f 8074 	8087 	8081
f 8082 	8695 	8732
f 8074 	2992 	8087
f 8087 	8090 	8081
f 7594 	7595 	8080
f 8080 	7595 	8082
f 8081 	8090 	8126
f 2992 	3553 	8087
f 8890 	8101 	8100
f 732 	8116 	728
f 726 	728 	6171
f 737 	8115 	732
f 760 	1951 	743
f 743 	8115 	737
f 8115 	743 	1951
f 8116 	732 	8115
f 6171 	728 	8116
f 8087 	8130 	8090
f 7656 	8115 	1951
f 830 	7657 	1951
f 8087 	3553 	8130
f 7579 	8101 	8890
f 8116 	7655 	6171
f 5462 	6171 	7655
f 8044 	8117 	8052
f 7417 	8117 	8044
f 8052 	8118 	8061
f 8123 	8121 	7775
f 8119 	8907 	8120
f 8122 	8123 	7775
f 8119 	8905 	8907
f 8123 	8639 	8121
f 8120 	8889 	8100
f 8123 	8122 	8126
f 8081 	8126 	8122
f 8126 	8127 	8123
f 3907 	8127 	8126
f 8101 	7579 	8128
f 8126 	8090 	3907
f 8128 	8129 	8124
f 8124 	8129 	8125
f 7625 	8139 	8125
f 4208 	8090 	8130
f 7625 	8125 	8129
f 3553 	3594 	8130
f 7625 	7677 	8139
f 4338 	4341 	8130
f 8128 	7629 	8129
f 4341 	4208 	8130
f 7579 	7629 	8128
f 7512 	8134 	8291
f 7629 	7641 	8129
f 8129 	7641 	7625
f 8213 	8125 	8214
f 8213 	8124 	8125
f 8125 	8139 	8214
f 8134 	7512 	7690
f 8134 	7690 	8136
f 7698 	8136 	7690
f 8136 	7699 	8141
f 8136 	7698 	7699
f 7699 	7713 	8141
f 7713 	8146 	8141
f 8145 	8139 	7677
f 8117 	8118 	8052
f 8061 	8118 	6731
f 7677 	8057 	8145
f 8145 	8057 	8150
f 8061 	6731 	6727
f 8155 	8150 	8066
f 8057 	8066 	8150
f 8155 	8066 	8159
f 8720 	8159 	8066
f 8182 	8118 	8117
f 8179 	8117 	7417
f 5476 	8179 	7417
f 8117 	8179 	8184
f 8117 	8184 	8182
f 8118 	8182 	6736
f 8118 	6736 	6737
f 8183 	8247 	8178
f 6737 	6731 	8118
f 8183 	8120 	8189
f 8190 	8200 	7240
f 8193 	8101 	8199
f 8101 	8128 	8199
f 8199 	8128 	8124
f 8190 	7240 	7226
f 8197 	8502 	8200
f 8178 	9109 	8119
f 8200 	7493 	7240
f 8200 	8502 	7493
f 8183 	8178 	8119
f 8120 	8183 	8119
f 8189 	8120 	8100
f 8189 	8100 	8193
f 8193 	8100 	8101
f 8212 	7291 	8207
f 8211 	8210 	8199
f 8210 	8193 	8199
f 8207 	7291 	7279
f 8199 	8124 	8211
f 8211 	8124 	8213
f 8209 	8208 	8216
f 8215 	8214 	8139
f 8209 	8217 	8212
f 8209 	8216 	8217
f 8139 	8145 	8215
f 7340 	7291 	8212
f 8217 	7340 	8212
f 8216 	8224 	8217
f 8223 	8224 	8216
f 8217 	7368 	7340
f 8224 	7368 	8217
f 8145 	8218 	8215
f 8218 	8150 	8219
f 8145 	8150 	8218
f 8190 	8223 	8225
f 8150 	8155 	8219
f 8219 	8155 	8220
f 8220 	8159 	8221
f 8190 	8224 	8223
f 8155 	8159 	8220
f 7226 	7368 	8224
f 8224 	8190 	7226
f 8197 	8225 	8389
f 7713 	8255 	8146
f 7713 	7775 	8255
f 8149 	8146 	8255
f 8149 	8261 	8231
f 8255 	8261 	8149
f 8261 	8266 	8231
f 8244 	9118 	8178
f 8244 	8178 	8247
f 7775 	8121 	8255
f 8255 	8121 	8261
f 8291 	8134 	8293
f 8293 	8136 	8295
f 8134 	8136 	8293
f 8136 	8141 	8295
f 8295 	8141 	8297
f 8297 	8146 	8298
f 8141 	8146 	8297
f 8149 	8318 	8298
f 8146 	8149 	8298
f 8149 	8231 	8318
f 8318 	8231 	8320
f 9123 	9124 	8337
f 9124 	9125 	8337
f 9125 	9126 	8337
f 8895 	8897 	8337
f 8225 	8200 	8190
f 8225 	8197 	8200
f 9176 	8357 	8361
f 9176 	8361 	8208
f 8208 	8361 	8216
f 8357 	8368 	8371
f 8357 	8371 	8361
f 8361 	8223 	8216
f 8361 	8371 	8223
f 8368 	8383 	8389
f 8383 	8411 	8389
f 8368 	8389 	8371
f 8371 	8225 	8223
f 8225 	8371 	8389
f 8746 	8410 	8383
f 8411 	8383 	8410
f 8899 	7559 	8337
f 7559 	7560 	8337
f 7560 	7562 	8337
f 7562 	7563 	8337
f 7563 	7520 	8337
f 7520 	7522 	8337
f 7522 	7526 	8337
f 7526 	7528 	8337
f 7528 	7532 	8337
f 7532 	7539 	8337
f 7539 	8291 	8337
f 8291 	8293 	8337
f 8293 	8295 	8337
f 8295 	8297 	8337
f 8297 	8298 	8337
f 8298 	8318 	8337
f 8318 	8320 	8337
f 8320 	8322 	8337
f 8197 	8389 	8411
f 8197 	8531 	8502
f 8502 	8509 	7901
f 7901 	8509 	7941
f 8502 	7901 	7493
f 8515 	8509 	8543
f 7941 	8509 	8515
f 8515 	8563 	8010
f 8010 	7941 	8515
f 8526 	8411 	8410
f 8410 	8769 	8526
f 8411 	8526 	8531
f 8536 	8526 	8769
f 8411 	8531 	8197
f 8526 	8536 	8543
f 8526 	8543 	8531
f 8531 	8509 	8502
f 8531 	8543 	8509
f 8779 	8544 	8536
f 8536 	8545 	8543
f 8536 	8544 	8545
f 8515 	8543 	8545
f 8515 	8545 	8563
f 8544 	8578 	8545
f 8544 	8577 	8578
f 8571 	8563 	8578
f 8563 	8571 	8044
f 8563 	8044 	8010
f 8571 	8578 	8580
f 7417 	8044 	8571
f 8337 	8573 	8574
f 8572 	8571 	8580
f 8337 	8574 	8575
f 8572 	7417 	8571
f 8575 	9119 	8337
f 9119 	9120 	8337
f 8322 	8324 	8337
f 5476 	7417 	8572
f 8324 	8576 	8337
f 8337 	8576 	8573
f 8741 	8572 	8584
f 8582 	8574 	8573
f 8563 	8545 	8578
f 8817 	8579 	8577
f 8577 	8579 	8580
f 8573 	8581 	8582
f 8577 	8580 	8578
f 8582 	9177 	8574
f 8585 	8322 	8320
f 8579 	8584 	8580
f 8231 	8585 	8320
f 8579 	8583 	8584
f 8572 	8580 	8584
f 8585 	8586 	8322
f 8231 	8266 	8585
f 8588 	8589 	8583
f 8590 	8584 	8583
f 8583 	8589 	8590
f 8322 	8586 	8324
f 8586 	8587 	8324
f 8324 	8587 	8576
f 8576 	8581 	8573
f 8581 	8576 	8587
f 8266 	8621 	8585
f 8586 	8585 	8621
f 8674 	8587 	8586
f 8669 	8581 	8587
f 8261 	8626 	8266
f 8183 	8251 	8247
f 8121 	8626 	8261
f 8251 	8183 	8189
f 8632 	8266 	8626
f 8251 	8189 	8256
f 8210 	8256 	8193
f 8256 	8189 	8193
f 8266 	8632 	8621
f 8123 	8127 	8639
f 8121 	8639 	8626
f 8639 	8644 	8626
f 8644 	8632 	8626
f 9139 	9141 	8637
f 9141 	9144 	8637
f 9144 	9147 	8637
f 9147 	9148 	8637
f 9130 	9131 	8637
f 8644 	8639 	8656
f 9131 	9132 	8637
f 9132 	8244 	8637
f 8244 	8247 	8637
f 8127 	8656 	8639
f 8251 	8637 	8247
f 8256 	8637 	8251
f 8210 	8637 	8256
f 8211 	8637 	8210
f 8637 	8211 	8213
f 8656 	8127 	4424
f 8213 	8214 	8637
f 8214 	8215 	8637
f 4424 	4430 	8656
f 8215 	8218 	8637
f 8218 	8219 	8637
f 8669 	92 	8581
f 8219 	8220 	8637
f 8220 	8221 	8637
f 8221 	8222 	8637
f 8222 	8816 	8637
f 8586 	8621 	8674
f 8674 	8669 	8587
f 8821 	8825 	8637
f 8683 	8682 	8674
f 8825 	8828 	8637
f 8674 	8682 	8669
f 8828 	8906 	8637
f 8669 	104 	92
f 8669 	8682 	104
f 8621 	8632 	8683
f 8621 	8683 	8674
f 8682 	8694 	132
f 8632 	8644 	8701
f 7344 	8695 	7595
f 8701 	8683 	8632
f 8695 	8711 	8700
f 8683 	8694 	8682
f 8701 	8694 	8683
f 8694 	170 	132
f 170 	8694 	4410
f 8644 	8656 	8707
f 4430 	8707 	8656
f 7344 	8711 	8695
f 8707 	8701 	8644
f 1901 	8702 	8700
f 8711 	1901 	8700
f 1901 	1911 	8702
f 8711 	7344 	7358
f 7358 	9204 	8711
f 8711 	9204 	1901
f 8066 	8732 	8720
f 8720 	8736 	8721
f 8732 	8736 	8720
f 8727 	8721 	8751
f 8751 	8721 	8736
f 8742 	8572 	8741
f 8741 	8584 	8590
f 5476 	8572 	8177
f 8742 	8177 	8572
f 8695 	8700 	8732
f 8732 	8700 	8736
f 8700 	8702 	8736
f 8410 	8746 	8750
f 8751 	8754 	8727
f 1903 	8795 	8754
f 1908 	1903 	8754
f 1905 	1908 	8754
f 8736 	8702 	8751
f 1905 	8751 	8702
f 8750 	9193 	8763
f 8751 	1905 	8754
f 8221 	8159 	8767
f 8750 	8763 	8769
f 8767 	8222 	8221
f 8763 	8779 	8769
f 8772 	8222 	8767
f 8750 	8769 	8410
f 8816 	8772 	8775
f 8779 	8763 	8776
f 8536 	8769 	8779
f 8776 	8789 	8779
f 8159 	8721 	8767
f 8720 	8721 	8159
f 8785 	8789 	8776
f 8721 	8727 	8767
f 8789 	8544 	8779
f 8767 	8727 	8772
f 8577 	8544 	8789
f 8727 	8795 	8772
f 8772 	8795 	8775
f 8775 	8799 	8780
f 8795 	8799 	8775
f 8785 	8810 	8789
f 8817 	8789 	8810
f 8799 	2180 	8780
f 8577 	8789 	8817
f 8754 	8795 	8727
f 8795 	1903 	8799
f 8637 	8816 	8820
f 8637 	8820 	8821
f 8806 	8847 	8810
f 8806 	8822 	8847
f 8810 	8847 	8848
f 8847 	8851 	8848
f 8810 	8848 	8817
f 8817 	8848 	8579
f 8822 	8849 	8850
f 8849 	8854 	8850
f 8822 	8850 	8847
f 8851 	8847 	8850
f 8848 	8851 	8583
f 8588 	8583 	8851
f 8583 	8579 	8848
f 8849 	8853 	8854
f 8850 	8854 	8851
f 8855 	8851 	8854
f 8851 	8855 	8588
f 4410 	8701 	8707
f 8707 	4423 	4410
f 4410 	8694 	8701
f 4430 	4423 	8707
f 8865 	8867 	8868
f 8865 	8868 	8866
f 8866 	6915 	6912
f 6915 	8866 	8868
f 8869 	8867 	8876
f 8869 	8868 	8867
f 8868 	8869 	6919
f 6000 	8869 	8876
f 6000 	5799 	8869
f 8869 	5799 	6919
f 8870 	8872 	8867
f 8872 	8876 	8867
f 8870 	8867 	8865
f 8871 	8874 	8872
f 8876 	8872 	8874
f 8875 	6748 	8856
f 6748 	7574 	8856
f 8874 	8877 	5993
f 6753 	8875 	8873
f 6748 	8875 	6757
f 8877 	6056 	5993
f 8874 	5993 	8876
f 6757 	8875 	6753
f 8880 	7587 	7579
f 8856 	7587 	8883
f 8880 	8883 	7587
f 8856 	7574 	7587
f 8909 	8886 	8882
f 8909 	8885 	8886
f 6963 	8873 	8881
f 8882 	8886 	8887
f 8881 	8873 	8883
f 8883 	8875 	8856
f 8873 	8875 	8883
f 6963 	7123 	8873
f 8882 	8887 	8884
f 8884 	8887 	8888
f 8222 	8772 	8816
f 6753 	8873 	7123
f 7147 	6764 	7123
f 8884 	8888 	7513
f 8888 	7518 	7513
f 8816 	8775 	8820
f 8775 	8780 	8820
f 8820 	8780 	8821
f 8821 	8891 	8825
f 8870 	8886 	8885
f 8100 	8889 	8890
f 8886 	8870 	8865
f 8821 	8780 	8891
f 8887 	8886 	8865
f 8893 	8890 	8889
f 7579 	8890 	8880
f 8887 	8866 	8888
f 8780 	2180 	8891
f 8887 	8865 	8866
f 8888 	8866 	6912
f 8888 	6912 	7518
f 8892 	8893 	8889
f 8890 	8893 	8880
f 8894 	8895 	8337
f 8337 	8897 	8898
f 8898 	8899 	8337
f 2180 	2189 	8891
f 8896 	8881 	8892
f 8896 	6963 	8881
f 8901 	8637 	8900
f 7304 	6963 	8896
f 8901 	8902 	8637
f 8893 	8892 	8881
f 8902 	1437 	8637
f 8881 	8883 	8893
f 8893 	8883 	8880
f 1441 	8637 	1437
f 8896 	7284 	7304
f 1441 	1443 	8637
f 8894 	8903 	8904
f 1443 	1448 	8637
f 8894 	8904 	8895
f 8895 	8908 	8897
f 8637 	8906 	8900
f 8895 	8904 	8908
f 8898 	8897 	8909
f 8908 	8909 	8897
f 8882 	8899 	8898
f 8907 	8889 	8120
f 1583 	8902 	8901
f 8910 	8912 	8905
f 8905 	8912 	8907
f 8907 	8892 	8889
f 8912 	8892 	8907
f 8910 	7284 	8912
f 7279 	7284 	8910
f 8912 	8896 	8892
f 8912 	7284 	8896
f 8898 	8909 	8882
f 8899 	8882 	8884
f 7559 	8899 	8884
f 8884 	7513 	7559
f 8963 	8966 	8972
f 8972 	8903 	8963
f 8903 	8972 	8980
f 8903 	8980 	8904
f 8904 	8987 	8908
f 8904 	8980 	8987
f 8909 	8908 	8885
f 8987 	8885 	8908
f 8972 	8966 	9100
f 8980 	9004 	8987
f 8885 	9004 	9008
f 9004 	8885 	8987
f 8885 	9008 	8870
f 9008 	8872 	8870
f 9008 	8871 	8872
f 8871 	9008 	9004
f 9022 	8871 	9004
f 9022 	9027 	8871
f 9022 	9024 	9027
f 9027 	8874 	8871
f 9024 	9033 	9040
f 9024 	9040 	9027
f 9027 	8877 	8874
f 9027 	9040 	8877
f 9033 	9067 	9040
f 9031 	9115 	1503
f 9063 	9031 	1503
f 9031 	9063 	9033
f 9067 	9033 	9063
f 9040 	9067 	6161
f 6183 	6161 	9067
f 9040 	6161 	8877
f 6161 	6056 	8877
f 1503 	1725 	9078
f 9078 	9063 	1503
f 6177 	9067 	9078
f 9078 	9067 	9063
f 9067 	6177 	6183
f 1725 	1755 	9078
f 9078 	6186 	6177
f 8902 	1465 	1437
f 1583 	1465 	8902
f 6186 	9078 	1755
f 8828 	9103 	8906
f 9096 	8900 	9095
f 8906 	9095 	8900
f 9100 	8966 	9093
f 8900 	9096 	8901
f 8901 	9096 	1583
f 8891 	9101 	8825
f 9102 	8980 	8972
f 8825 	9101 	8828
f 9101 	9103 	8828
f 9100 	9102 	8972
f 9102 	9004 	8980
f 9103 	9095 	8906
f 9104 	9093 	725
f 2519 	9096 	9095
f 740 	9104 	725
f 2519 	9095 	2231
f 9096 	2528 	1583
f 9093 	9104 	9105
f 9096 	2519 	2528
f 9101 	8891 	2189
f 9093 	9105 	9100
f 9100 	9105 	9106
f 9101 	2253 	9103
f 2189 	2253 	9101
f 2253 	2231 	9103
f 9100 	9106 	9102
f 9103 	2231 	9095
f 9102 	9022 	9004
f 9102 	9106 	9022
f 9118 	9108 	9109
f 9104 	9110 	9112
f 8931 	9108 	9107
f 9104 	9112 	9105
f 9109 	8178 	9118
f 9106 	9024 	9022
f 9108 	8935 	9109
f 9108 	8931 	8935
f 9110 	9104 	740
f 9109 	8935 	8905
f 9109 	8905 	8119
f 9110 	740 	796
f 9111 	9158 	9152
f 9105 	9113 	9106
f 9105 	9112 	9113
f 9113 	9024 	9106
f 9111 	1195 	9157
f 181 	1195 	9111
f 796 	2525 	1814
f 9157 	9158 	9111
f 1814 	9110 	796
f 9110 	9115 	9112
f 9110 	1814 	9115
f 9031 	9113 	9112
f 9031 	9112 	9115
f 9033 	9024 	9113
f 9113 	9031 	9033
f 9132 	9117 	9118
f 1814 	1830 	9115
f 1503 	9115 	1830
f 8337 	9120 	9121
f 9116 	9114 	9122
f 9175 	9122 	9114
f 9121 	9123 	8337
f 9116 	9107 	9117
f 9107 	9116 	9122
f 9117 	9107 	9108
f 9126 	9127 	8337
f 9118 	9117 	9108
f 8894 	8337 	9127
f 9175 	181 	9122
f 8931 	8944 	9128
f 9122 	9111 	9152
f 9152 	9107 	9122
f 8931 	9128 	8935
f 8935 	8910 	8905
f 9179 	9120 	9119
f 9128 	8910 	8935
f 9164 	8207 	8944
f 9167 	9123 	9121
f 9116 	9131 	9130
f 9131 	9117 	9132
f 9131 	9116 	9117
f 9118 	8244 	9132
f 1448 	9139 	8637
f 9128 	8944 	8207
f 9129 	8637 	9148
f 9128 	8207 	7279
f 9128 	7279 	8910
f 9130 	8637 	9129
f 8212 	8207 	9164
f 1448 	1510 	9139
f 9152 	8931 	9107
f 9152 	9158 	8944
f 9148 	9169 	9129
f 9164 	8944 	9158
f 9152 	8944 	8931
f 9141 	9139 	182
f 9126 	8963 	9127
f 9141 	182 	1122
f 9141 	1122 	9144
f 9127 	8903 	8894
f 9157 	9163 	9158
f 9127 	8963 	8903
f 9147 	9144 	1133
f 9144 	1122 	1133
f 9164 	9158 	9163
f 9165 	9167 	9121
f 9147 	9166 	9148
f 9147 	1133 	9166
f 9123 	9168 	9124
f 9148 	9166 	9169
f 9163 	8208 	8209
f 9163 	8209 	9164
f 9168 	9123 	9167
f 8212 	9164 	8209
f 9129 	9114 	9130
f 1326 	1202 	9170
f 9129 	9169 	9114
f 9114 	9116 	9130
f 9186 	9125 	9124
f 9166 	1133 	1154
f 9171 	9157 	1195
f 9187 	9125 	9186
f 9126 	9125 	9187
f 9171 	9163 	9157
f 9174 	9169 	9166
f 9126 	9187 	8963
f 9166 	1154 	9174
f 9169 	9175 	9114
f 9169 	9174 	9175
f 9170 	9173 	9176
f 9168 	9189 	9190
f 1154 	1286 	9174
f 8575 	8574 	9177
f 9170 	9176 	9171
f 9171 	8208 	9163
f 1286 	1154 	1274
f 8575 	9178 	9119
f 9171 	9176 	8208
f 9174 	1286 	181
f 181 	1286 	1195
f 9174 	181 	9175
f 8575 	9177 	9178
f 9178 	9179 	9119
f 9111 	9122 	181
f 9173 	9172 	9181
f 9120 	9179 	9121
f 9165 	9121 	9179
f 92 	8582 	8581
f 8582 	96 	9177
f 92 	96 	8582
f 9184 	9172 	1420
f 9172 	9184 	9181
f 9178 	9177 	9180
f 9173 	8357 	9176
f 96 	9180 	9177
f 9180 	9182 	9178
f 9181 	8357 	9173
f 9180 	586 	9182
f 9178 	9182 	9179
f 9179 	9182 	9165
f 9181 	9183 	8357
f 8368 	8357 	9183
f 16 	9165 	9182
f 8383 	8368 	9183
f 9165 	16 	19
f 8746 	8383 	9183
f 96 	583 	9180
f 9180 	583 	586
f 586 	42 	9182
f 9124 	9168 	9186
f 9190 	9186 	9168
f 9184 	9185 	9183
f 9184 	9183 	9181
f 1875 	9188 	9185
f 19 	9167 	9165
f 9168 	9167 	9189
f 1875 	1878 	9188
f 9167 	19 	9189
f 9185 	9188 	8746
f 8750 	8746 	9188
f 9185 	8746 	9183
f 9186 	9190 	9192
f 9191 	1878 	1906
f 1906 	1910 	9191
f 1878 	9193 	9188
f 9193 	1878 	9191
f 9186 	9192 	9187
f 9187 	8966 	8963
f 9193 	8750 	9188
f 9187 	9192 	8966
f 19 	698 	9189
f 1910 	9194 	9191
f 9189 	711 	9190
f 9189 	698 	711
f 9190 	711 	725
f 725 	9192 	9190
f 9093 	8966 	9192
f 9192 	725 	9093
f 9191 	9194 	9195
f 9191 	9195 	9193
f 9195 	8763 	9193
f 1923 	1927 	9196
f 9196 	9194 	1923
f 9194 	9196 	9197
f 9194 	9197 	9195
f 9195 	8776 	8763
f 9195 	9197 	8776
f 1927 	2315 	9198
f 9198 	9196 	1927
f 9199 	9197 	9196
f 9199 	9196 	9198
f 9197 	9199 	8785
f 9199 	8810 	8785
f 9197 	8785 	8776
f 9200 	9198 	2315
f 2315 	2765 	9200
f 9198 	9200 	8806
f 9198 	8806 	9199
f 8806 	8810 	9199
f 9200 	2765 	9201
f 9201 	2765 	2773
f 9200 	9201 	8822
f 8822 	9201 	8849
f 9201 	9202 	8849
f 8822 	8806 	9200
f 2773 	2796 	9202
f 9202 	9201 	2773
f 8878 	9202 	8879
f 2796 	2827 	9202
f 8853 	8849 	9202
f 8879 	9202 	2827
f 9202 	8878 	8852
f 9202 	8852 	8853
f 7318 	7328 	9203
f 764 	9203 	7328
f 9203 	772 	9213
f 764 	772 	9203
f 9204 	7358 	9207
f 9207 	7358 	7395
f 7390 	7416 	9205
f 9205 	7395 	7390
f 9209 	7395 	9205
f 7416 	9206 	9205
f 7318 	9203 	9206
f 9213 	9206 	9203
f 9204 	1916 	1901
f 9204 	9207 	9208
f 9209 	9210 	9207
f 9207 	9210 	9208
f 9208 	1916 	9204
f 9207 	7395 	9209
f 2158 	1929 	9210
f 9209 	9205 	9211
f 9206 	9211 	9205
f 9211 	9212 	9209
f 9211 	9214 	9212
f 9209 	9212 	9210
f 1216 	2158 	9210
f 9212 	1216 	9210
f 9206 	9213 	9211
f 9214 	9211 	9213
f 9214 	1226 	9212
f 9214 	1247 	1226
f 1247 	9214 	1242
f 9212 	1226 	1216
f 9213 	772 	1242
f 9213 	1242 	9214
# 2631 faces

g group_0_12568524

usemtl color_12568524
s 0

f 12 	13 	14
f 12 	14 	15
f 26 	49 	25
f 28 	24 	49
f 24 	25 	49
f 30 	3786 	29
f 32 	34 	6985
f 39 	6985 	41
f 41 	6985 	43
f 43 	6985 	34
f 46 	47 	45
f 47 	48 	45
f 48 	49 	45
f 44 	45 	49
f 26 	50 	49
f 44 	49 	50
f 57 	3804 	56
f 29 	3802 	59
f 59 	3802 	60
f 61 	62 	63
f 64 	49 	63
f 65 	49 	64
f 61 	63 	49
f 51 	3810 	71
f 71 	3810 	74
f 3813 	22 	887
f 74 	3813 	887
f 78 	79 	49
f 79 	27 	49
f 27 	28 	49
f 80 	81 	83
f 83 	81 	84
f 40 	84 	81
f 40 	81 	39
f 49 	85 	86
f 49 	86 	87
f 49 	87 	88
f 49 	88 	89
f 49 	89 	90
f 49 	90 	91
f 49 	91 	77
f 77 	78 	49
f 94 	167 	93
f 80 	95 	81
f 154 	49 	153
f 152 	153 	49
f 85 	49 	154
f 65 	152 	49
f 157 	163 	298
f 98 	156 	296
f 157 	298 	156
f 1262 	1272 	160
f 95 	93 	168
f 167 	168 	93
f 97 	98 	195
f 94 	97 	190
f 234 	98 	296
f 1073 	1262 	160
f 196 	197 	198
f 201 	203 	198
f 196 	198 	203
f 205 	81 	204
f 210 	81 	205
f 95 	238 	81
f 210 	211 	81
f 216 	81 	218
f 218 	81 	219
f 219 	81 	211
f 229 	242 	228
f 231 	229 	230
f 232 	233 	242
f 228 	242 	227
f 227 	242 	233
f 234 	195 	98
f 190 	97 	195
f 204 	81 	238
f 168 	238 	95
f 245 	198 	244
f 201 	198 	245
f 242 	244 	198
f 247 	250 	251
f 251 	250 	255
f 255 	250 	217
f 216 	217 	250
f 262 	229 	261
f 263 	229 	262
f 264 	229 	263
f 266 	229 	264
f 267 	229 	266
f 242 	229 	267
f 198 	232 	242
f 260 	261 	229
f 271 	322 	269
f 323 	273 	322
f 283 	229 	282
f 284 	229 	283
f 285 	229 	284
f 229 	231 	282
f 281 	282 	231
f 296 	156 	298
f 161 	160 	1272
f 1272 	1270 	161
f 307 	229 	306
f 304 	306 	229
f 260 	229 	307
f 285 	304 	229
f 310 	318 	421
f 276 	309 	327
f 310 	421 	309
f 1341 	1339 	293
f 1339 	1338 	291
f 1338 	1352 	290
f 312 	290 	1352
f 317 	312 	1362
f 269 	322 	273
f 273 	369 	250
f 250 	247 	273
f 271 	276 	327
f 327 	309 	332
f 336 	337 	338
f 339 	340 	338
f 336 	338 	340
f 343 	250 	342
f 344 	250 	343
f 346 	250 	351
f 369 	342 	250
f 351 	250 	355
f 355 	250 	344
f 359 	360 	358
f 338 	358 	360
f 338 	360 	361
f 338 	361 	363
f 338 	363 	364
f 338 	364 	366
f 332 	309 	418
f 323 	369 	273
f 373 	338 	372
f 339 	338 	373
f 371 	372 	338
f 377 	378 	376
f 377 	376 	380
f 390 	338 	389
f 392 	338 	390
f 394 	338 	392
f 395 	338 	394
f 396 	338 	395
f 371 	338 	396
f 387 	389 	338
f 397 	376 	399
f 399 	376 	401
f 378 	401 	376
f 434 	6720 	405
f 404 	405 	6720
f 411 	338 	410
f 409 	410 	338
f 407 	409 	338
f 366 	412 	338
f 407 	338 	412
f 1352 	1362 	312
f 418 	309 	421
f 430 	338 	429
f 387 	338 	430
f 428 	429 	338
f 428 	338 	411
f 397 	404 	6720
f 442 	6720 	435
f 434 	435 	6720
f 414 	415 	1467
f 438 	6720 	441
f 441 	6720 	442
f 450 	452 	454
f 450 	454 	455
f 450 	455 	457
f 450 	457 	458
f 450 	458 	459
f 460 	489 	459
f 462 	489 	460
f 463 	489 	462
f 465 	489 	463
f 466 	489 	465
f 470 	489 	466
f 472 	489 	471
f 470 	471 	489
f 473 	489 	472
f 474 	489 	473
f 475 	489 	474
f 476 	489 	475
f 479 	489 	476
f 479 	1675 	489
f 450 	459 	489
f 450 	489 	492
f 450 	492 	493
f 450 	493 	494
f 450 	494 	495
f 450 	495 	496
f 450 	496 	497
f 450 	497 	498
f 450 	498 	499
f 450 	499 	500
f 450 	500 	501
f 450 	501 	502
f 450 	502 	503
f 450 	503 	504
f 450 	504 	506
f 450 	506 	507
f 450 	507 	509
f 450 	509 	511
f 450 	511 	512
f 450 	512 	513
f 450 	513 	514
f 450 	514 	516
f 450 	516 	517
f 450 	517 	518
f 450 	518 	519
f 450 	519 	520
f 450 	520 	521
f 450 	521 	522
f 450 	522 	523
f 450 	523 	524
f 450 	524 	525
f 450 	525 	526
f 450 	526 	527
f 450 	527 	528
f 450 	528 	529
f 450 	529 	530
f 450 	530 	531
f 450 	531 	532
f 450 	532 	533
f 450 	533 	534
f 450 	534 	535
f 450 	535 	536
f 450 	536 	537
f 450 	537 	538
f 450 	538 	540
f 450 	540 	542
f 450 	542 	543
f 450 	543 	544
f 450 	544 	545
f 450 	545 	546
f 450 	546 	547
f 450 	547 	548
f 450 	548 	549
f 450 	549 	550
f 450 	550 	552
f 450 	552 	554
f 450 	554 	555
f 450 	555 	557
f 450 	557 	558
f 450 	558 	559
f 450 	559 	560
f 450 	560 	561
f 450 	561 	562
f 5732 	564 	562
f 450 	562 	564
f 5765 	565 	564
f 450 	564 	565
f 5813 	566 	565
f 450 	565 	566
f 450 	566 	5812
f 6213 	567 	5812
f 450 	5812 	567
f 450 	567 	568
f 450 	568 	569
f 569 	6509 	450
f 450 	570 	6506
f 6506 	6670 	450
f 450 	6670 	6671
f 6671 	6672 	450
f 490 	486 	6677
f 450 	6677 	486
f 450 	483 	482
f 450 	482 	572
f 572 	669 	450
f 450 	673 	573
f 573 	672 	450
f 450 	672 	681
f 576 	608 	575
f 608 	609 	575
f 580 	594 	5575
f 578 	577 	582
f 582 	577 	584
f 577 	585 	584
f 590 	623 	589
f 588 	589 	623
f 591 	623 	590
f 587 	588 	623
f 587 	623 	593
f 5577 	5575 	595
f 595 	597 	5577
f 5888 	5646 	599
f 819 	839 	5890
f 808 	823 	5890
f 606 	607 	574
f 591 	574 	607
f 574 	575 	606
f 609 	604 	575
f 604 	605 	575
f 605 	606 	575
f 613 	488 	611
f 610 	611 	488
f 614 	488 	613
f 616 	488 	615
f 615 	488 	614
f 488 	616 	617
f 618 	622 	488
f 617 	618 	488
f 577 	621 	619
f 577 	619 	585
f 621 	488 	622
f 625 	592 	624
f 626 	592 	625
f 627 	592 	626
f 628 	592 	627
f 623 	624 	592
f 592 	593 	623
f 607 	630 	591
f 623 	591 	630
f 485 	745 	4555
f 634 	635 	489
f 634 	489 	632
f 4542 	4554 	745
f 4541 	4542 	745
f 610 	488 	745
f 488 	4541 	745
f 628 	746 	747
f 628 	747 	748
f 628 	748 	749
f 628 	749 	750
f 628 	750 	592
f 631 	632 	889
f 489 	889 	632
f 5892 	5890 	839
f 843 	845 	5892
f 806 	825 	808
f 825 	823 	808
f 839 	843 	5892
f 752 	631 	889
f 815 	870 	814
f 813 	814 	870
f 812 	813 	870
f 5894 	5892 	848
f 818 	5890 	823
f 825 	806 	817
f 755 	817 	806
f 870 	872 	816
f 833 	834 	873
f 816 	812 	870
f 832 	833 	873
f 873 	910 	832
f 837 	910 	836
f 831 	910 	837
f 848 	854 	5883
f 5878 	5884 	854
f 5884 	5883 	854
f 5883 	5894 	848
f 5879 	5878 	855
f 860 	861 	6032
f 861 	958 	6032
f 834 	816 	873
f 872 	873 	816
f 815 	874 	870
f 868 	870 	874
f 875 	876 	874
f 868 	874 	876
f 877 	878 	489
f 883 	489 	881
f 878 	881 	489
f 810 	753 	893
f 890 	753 	889
f 883 	889 	489
f 895 	810 	893
f 893 	753 	890
f 752 	889 	753
f 817 	755 	901
f 756 	901 	755
f 905 	811 	895
f 756 	811 	905
f 810 	895 	811
f 910 	912 	914
f 910 	914 	916
f 910 	916 	918
f 910 	918 	919
f 910 	919 	920
f 920 	939 	910
f 831 	832 	910
f 935 	489 	1072
f 927 	928 	1079
f 877 	489 	931
f 481 	931 	489
f 1675 	1072 	489
f 481 	489 	935
f 943 	910 	941
f 939 	941 	910
f 835 	836 	910
f 943 	835 	910
f 921 	927 	1080
f 1079 	1080 	927
f 957 	1026 	958
f 958 	1024 	6032
f 1026 	1024 	958
f 1021 	1022 	6032
f 946 	921 	1080
f 1013 	1065 	1012
f 1010 	1012 	1065
f 1009 	1010 	1065
f 6035 	6032 	1022
f 1021 	6032 	1024
f 1026 	957 	1015
f 950 	1094 	957
f 1065 	1066 	1014
f 1032 	1033 	1067
f 1014 	1009 	1065
f 1031 	1032 	1067
f 1030 	1031 	1067
f 1036 	1102 	1035
f 1030 	1102 	1036
f 1022 	1039 	6035
f 1040 	1043 	6035
f 1039 	1040 	6035
f 6037 	6035 	1043
f 1058 	1055 	6164
f 1055 	1056 	6164
f 1719 	1720 	6164
f 6164 	6162 	1058
f 1033 	1014 	1067
f 1066 	1067 	1014
f 1013 	1068 	1065
f 1064 	1065 	1068
f 1069 	1070 	1068
f 1064 	1068 	1070
f 1079 	928 	1074
f 964 	947 	1086
f 1082 	946 	1081
f 1081 	946 	1080
f 1087 	964 	1086
f 1086 	947 	1082
f 946 	1082 	947
f 1015 	957 	1094
f 951 	1094 	950
f 1096 	1006 	1087
f 951 	1006 	1096
f 964 	1087 	1006
f 1102 	1103 	1104
f 1102 	1104 	1105
f 1102 	1105 	1106
f 1102 	1106 	1107
f 1107 	1683 	1102
f 1102 	1108 	1034
f 1034 	1035 	1102
f 1102 	1030 	1067
f 1118 	476 	1116
f 1116 	476 	1112
f 1074 	928 	1072
f 928 	935 	1072
f 476 	1118 	1678
f 476 	1678 	479
f 1685 	1102 	1684
f 1683 	1684 	1102
f 1108 	1102 	1685
f 1110 	476 	1113
f 1687 	1113 	476
f 1110 	1112 	476
f 1696 	1722 	1056
f 1722 	6164 	1056
f 1723 	1722 	1696
f 1710 	1712 	1708
f 1707 	1708 	1712
f 1707 	1712 	1713
f 1720 	2740 	6166
f 6166 	6164 	1720
f 1719 	6164 	1722
f 1723 	1696 	1714
f 1692 	2768 	1696
f 2736 	1712 	2735
f 2734 	2735 	1712
f 1713 	1712 	2736
f 2733 	2734 	1712
f 2737 	2738 	1712
f 2738 	2739 	1712
f 2733 	1712 	2739
f 2740 	2741 	6166
f 2741 	2742 	6166
f 6169 	6166 	2742
f 2745 	2748 	6159
f 2753 	1712 	2752
f 2751 	2752 	1712
f 1712 	2754 	2751
f 2750 	2751 	2754
f 2755 	2756 	2754
f 2750 	2754 	2756
f 2757 	2758 	476
f 2760 	476 	2759
f 2759 	476 	2758
f 2762 	476 	2760
f 2764 	476 	2762
f 2767 	1702 	2766
f 2764 	2766 	476
f 476 	2766 	1687
f 1702 	1687 	2766
f 1714 	1696 	2768
f 1694 	2768 	1692
f 2770 	1704 	2767
f 1694 	1704 	2770
f 1702 	2767 	1704
f 2775 	1712 	2774
f 2776 	1712 	2775
f 2777 	1712 	2776
f 2778 	1712 	2777
f 2779 	1712 	2778
f 2780 	1712 	2779
f 2781 	1712 	2780
f 2737 	1712 	2781
f 2772 	2774 	1712
f 2772 	1712 	2753
f 2785 	474 	2783
f 2788 	474 	2787
f 2787 	474 	2786
f 2757 	476 	2789
f 475 	2789 	476
f 474 	2788 	2791
f 474 	2791 	475
f 2804 	2810 	2795
f 2810 	727 	2795
f 2809 	727 	2810
f 2747 	2795 	727
f 2793 	2866 	2795
f 2747 	727 	2746
f 474 	2797 	2782
f 2782 	2783 	474
f 2785 	2786 	474
f 2801 	2802 	2800
f 2799 	2800 	2802
f 2799 	2802 	2803
f 2806 	2819 	727
f 2805 	2806 	727
f 2808 	2805 	727
f 2808 	727 	2809
f 2804 	2795 	2866
f 2814 	2802 	2813
f 2812 	2813 	2802
f 2803 	2802 	2814
f 2811 	2812 	2802
f 2815 	2816 	2802
f 2816 	2817 	2802
f 2811 	2802 	2817
f 729 	727 	2819
f 730 	2822 	2823
f 729 	2822 	730
f 2826 	730 	2825
f 2825 	730 	2828
f 730 	2823 	2828
f 2839 	2802 	2838
f 2837 	2838 	2802
f 2802 	2840 	2837
f 2835 	2837 	2840
f 2841 	2842 	2840
f 2835 	2840 	2842
f 2846 	474 	2845
f 2848 	2845 	474
f 2855 	474 	2852
f 2852 	474 	2851
f 2846 	2851 	474
f 2859 	474 	2857
f 2857 	474 	2855
f 2798 	2797 	2860
f 2859 	2860 	2797
f 2797 	474 	2859
f 2794 	2866 	2793
f 2798 	2860 	2867
f 2794 	2798 	2867
f 2879 	2802 	2878
f 2880 	2802 	2879
f 2881 	2802 	2880
f 2882 	2802 	2881
f 2883 	2802 	2882
f 2884 	2802 	2883
f 2885 	2802 	2884
f 2815 	2802 	2885
f 2877 	2878 	2802
f 2877 	2802 	2839
f 2891 	2892 	472
f 2899 	472 	2897
f 2897 	472 	2892
f 473 	2848 	474
f 472 	2899 	2904
f 472 	2904 	473
f 2909 	2997 	2908
f 2908 	2997 	2912
f 2912 	2937 	2826
f 730 	2826 	2937
f 2889 	472 	2887
f 2891 	472 	2889
f 472 	2993 	2887
f 2926 	2927 	2924
f 2923 	2924 	2927
f 2927 	2928 	2923
f 2922 	2923 	2928
f 2933 	2912 	2932
f 2936 	2912 	2933
f 2937 	2912 	2936
f 2942 	730 	2941
f 2946 	2945 	730
f 2941 	730 	2945
f 2946 	730 	2937
f 2927 	3008 	2953
f 2958 	2951 	3008
f 2956 	2958 	3008
f 2953 	3008 	2952
f 2952 	3008 	2951
f 733 	730 	2960
f 2942 	2960 	730
f 736 	2964 	2966
f 733 	2964 	736
f 736 	2969 	2970
f 2973 	736 	2966
f 2969 	736 	2973
f 2982 	2927 	2981
f 2983 	2927 	2982
f 2984 	2927 	2983
f 2986 	2927 	2984
f 2988 	2927 	2986
f 3007 	2927 	2988
f 2980 	2981 	2927
f 2980 	2927 	2926
f 2994 	2915 	2993
f 2915 	2887 	2993
f 472 	2991 	2993
f 2932 	2912 	2997
f 2918 	2915 	3002
f 2909 	2918 	3002
f 2994 	3002 	2915
f 2991 	472 	2990
f 3009 	2990 	472
f 3009 	472 	3011
f 3011 	472 	3014
f 3014 	472 	3015
f 471 	3015 	472
f 3008 	3022 	3023
f 3008 	3023 	3024
f 3008 	3024 	3025
f 3008 	3025 	3026
f 3008 	3026 	3027
f 3008 	3027 	3028
f 3008 	3028 	3029
f 2954 	2956 	3008
f 3029 	2954 	3008
f 3008 	2927 	3007
f 3035 	3036 	470
f 3032 	3035 	470
f 470 	3040 	471
f 3040 	470 	3043
f 3036 	3043 	470
f 470 	3135 	3032
f 3052 	3144 	3051
f 2970 	3056 	736
f 3059 	3048 	3135
f 3048 	3032 	3135
f 3059 	3148 	3063
f 3067 	3069 	3066
f 3065 	3066 	3069
f 3069 	3070 	3065
f 3064 	3065 	3070
f 3075 	3056 	3073
f 3077 	3056 	3075
f 3078 	736 	3077
f 3051 	3073 	3056
f 3081 	736 	3080
f 3088 	3085 	736
f 3080 	736 	3085
f 3088 	736 	3078
f 3077 	736 	3056
f 3069 	3154 	3095
f 3099 	3092 	3154
f 3098 	3099 	3154
f 3095 	3154 	3093
f 3093 	3154 	3092
f 3102 	736 	3081
f 736 	3102 	738
f 738 	3107 	742
f 3115 	742 	3118
f 3107 	3108 	742
f 3118 	742 	3108
f 3127 	3069 	3126
f 3128 	3069 	3127
f 3130 	3069 	3128
f 3132 	3069 	3130
f 3133 	3069 	3132
f 3153 	3069 	3133
f 3125 	3126 	3069
f 3125 	3069 	3067
f 3141 	3059 	3140
f 3135 	3140 	3059
f 3073 	3051 	3144
f 3059 	3141 	3148
f 3052 	3063 	3148
f 3134 	470 	3155
f 3135 	470 	3134
f 3155 	470 	3159
f 3159 	470 	3162
f 3162 	470 	3163
f 466 	3163 	470
f 3154 	3168 	3169
f 3154 	3169 	3170
f 3154 	3170 	3172
f 3154 	3172 	3174
f 3154 	3174 	3175
f 3154 	3175 	3176
f 3154 	3176 	3177
f 3097 	3098 	3154
f 3177 	3097 	3154
f 3154 	3069 	3153
f 3182 	3183 	465
f 465 	3189 	466
f 3189 	465 	3192
f 3192 	465 	3183
f 3280 	3282 	465
f 3182 	465 	3179
f 3203 	3286 	3202
f 3112 	3113 	3221
f 3221 	3222 	3112
f 3112 	3223 	3115
f 3235 	3232 	742
f 3115 	3223 	742
f 3179 	465 	3282
f 3216 	3217 	3215
f 3214 	3215 	3217
f 3217 	3218 	3214
f 3213 	3214 	3218
f 3223 	3112 	3222
f 3231 	742 	3230
f 3230 	742 	3232
f 3235 	742 	3223
f 3241 	3291 	3240
f 3243 	3291 	3241
f 3217 	3291 	3243
f 3246 	3238 	3291
f 3238 	3240 	3291
f 742 	3231 	3248
f 742 	3248 	744
f 759 	3254 	3255
f 744 	3254 	759
f 3260 	3343 	3259
f 3263 	759 	3266
f 3266 	759 	3255
f 3275 	3217 	3273
f 3276 	3217 	3275
f 3277 	3217 	3276
f 3278 	3217 	3277
f 3279 	3217 	3278
f 3290 	3217 	3279
f 3271 	3273 	3217
f 3271 	3217 	3216
f 3282 	3285 	3198
f 3207 	3199 	3285
f 3199 	3198 	3285
f 3113 	3202 	3221
f 3286 	3221 	3202
f 3289 	3207 	3285
f 3203 	3207 	3289
f 3280 	465 	3293
f 3198 	3179 	3282
f 3293 	465 	3295
f 3295 	465 	3296
f 3296 	465 	3298
f 463 	3298 	465
f 3291 	3301 	3302
f 3291 	3302 	3303
f 3291 	3303 	3304
f 3291 	3304 	3305
f 3291 	3305 	3306
f 3291 	3306 	3307
f 3291 	3307 	3308
f 3245 	3246 	3291
f 3308 	3245 	3291
f 3291 	3217 	3290
f 3312 	3313 	462
f 462 	3318 	463
f 3318 	462 	3321
f 3321 	462 	3313
f 3367 	3369 	462
f 3312 	462 	3310
f 3331 	3375 	3330
f 3347 	3259 	3344
f 3323 	3343 	3260
f 3259 	3347 	759
f 759 	3263 	3259
f 3369 	3371 	462
f 3338 	3339 	3337
f 3339 	3340 	3337
f 3336 	3337 	3340
f 3344 	3259 	3343
f 2067 	1973 	3352
f 3356 	3354 	759
f 3350 	3352 	1973
f 3356 	759 	3348
f 3348 	759 	3347
f 3361 	3339 	3360
f 3362 	3339 	3361
f 3363 	3339 	3362
f 3364 	3339 	3363
f 3366 	3339 	3364
f 3381 	3396 	3366
f 3359 	3360 	3339
f 3359 	3339 	3338
f 3324 	3310 	3371
f 3334 	3327 	3372
f 3327 	3324 	3372
f 3371 	3372 	3324
f 3323 	3330 	3343
f 3375 	3343 	3330
f 3379 	3334 	3372
f 3331 	3334 	3379
f 3382 	3396 	3381
f 3367 	462 	3386
f 3310 	462 	3371
f 3386 	462 	3387
f 3387 	462 	3388
f 3388 	462 	3389
f 460 	3389 	462
f 3394 	3395 	3382
f 3395 	3396 	3382
f 3396 	3397 	3366
f 3339 	3366 	3397
f 3398 	2067 	3352
f 3870 	3933 	2166
f 7695 	15 	7696
f 3865 	3931 	3870
f 2168 	2166 	3942
f 3942 	3941 	2168
f 3879 	3880 	3878
f 3382 	3878 	3880
f 3382 	3880 	3881
f 3382 	3881 	3882
f 3382 	3882 	3884
f 3382 	3884 	3885
f 3393 	3394 	3382
f 3885 	3393 	3382
f 3889 	459 	3888
f 3894 	3969 	3893
f 3893 	3969 	3867
f 3888 	459 	3897
f 3382 	3905 	3906
f 3878 	3382 	3906
f 3910 	459 	3909
f 3915 	459 	3910
f 3909 	459 	3889
f 459 	3914 	460
f 3914 	459 	3915
f 3923 	3924 	3922
f 3921 	3922 	3924
f 3925 	3926 	3924
f 3921 	3924 	3926
f 3931 	3865 	3930
f 3930 	3865 	3928
f 3933 	3870 	3931
f 3942 	2166 	3935
f 2170 	2168 	3941
f 3935 	2166 	3933
f 2172 	2170 	3938
f 3941 	3938 	2170
f 3951 	3924 	3949
f 3952 	3924 	3951
f 3953 	3924 	3952
f 3954 	3924 	3953
f 3956 	3924 	3954
f 3956 	3986 	3924
f 3948 	3949 	3924
f 3948 	3924 	3923
f 3966 	459 	3962
f 3961 	3962 	459
f 3967 	3897 	3966
f 3865 	3867 	3928
f 3969 	3928 	3867
f 3976 	3897 	3967
f 3894 	3900 	3976
f 3900 	3897 	3976
f 3989 	3924 	3987
f 3986 	3987 	3924
f 3961 	459 	3992
f 3966 	3897 	459
f 3992 	459 	3996
f 3996 	459 	4001
f 458 	4001 	459
f 457 	4004 	458
f 4012 	4013 	3989
f 4015 	3989 	4013
f 3924 	3989 	4015
f 4019 	4036 	2374
f 4036 	4032 	2376
f 2376 	2374 	4036
f 4029 	4391 	4027
f 4391 	4392 	4027
f 4032 	4393 	2376
f 4394 	4398 	2376
f 4043 	4044 	4041
f 4044 	4045 	4041
f 4202 	4041 	4046
f 3989 	4202 	4046
f 3989 	4046 	4047
f 3989 	4047 	4048
f 4010 	4012 	3989
f 4048 	4010 	3989
f 4055 	4377 	4029
f 4052 	457 	4060
f 4060 	4380 	4064
f 4045 	4046 	4041
f 4004 	457 	4374
f 4374 	457 	4375
f 4375 	457 	4376
f 4376 	457 	4053
f 4378 	4029 	4377
f 4056 	4377 	4055
f 4027 	4392 	4032
f 4056 	4064 	4379
f 457 	4421 	4060
f 4053 	457 	4052
f 4379 	4064 	4380
f 4384 	4386 	4383
f 4382 	4383 	4386
f 4386 	4387 	4382
f 4381 	4382 	4387
f 4392 	4393 	4032
f 4391 	4029 	4388
f 4394 	2376 	4393
f 2378 	2376 	4398
f 4395 	2380 	4397
f 2380 	2378 	4397
f 4398 	4397 	2378
f 4399 	4400 	4401
f 4386 	4427 	4385
f 4401 	4385 	4399
f 4403 	4385 	4402
f 4399 	4385 	4403
f 4409 	4468 	2501
f 4411 	4409 	2501
f 4469 	4474 	2501
f 4468 	4469 	2501
f 4414 	4386 	4413
f 4415 	4386 	4414
f 4416 	4386 	4415
f 4417 	4386 	4416
f 4418 	4386 	4417
f 4418 	4425 	4386
f 4412 	4413 	4386
f 4412 	4386 	4384
f 457 	4420 	4421
f 4422 	4060 	4421
f 4388 	4029 	4378
f 4380 	4060 	4422
f 4427 	4386 	4426
f 4425 	4426 	4386
f 4448 	4385 	4427
f 4420 	457 	4419
f 4428 	4419 	457
f 4428 	457 	4429
f 4429 	457 	4431
f 455 	4431 	457
f 454 	4432 	455
f 4435 	4385 	4434
f 4436 	4385 	4435
f 4437 	4385 	4436
f 4438 	4385 	4437
f 4440 	4385 	4438
f 4402 	4385 	4440
f 4434 	4385 	4433
f 4442 	454 	4441
f 4444 	4452 	4443
f 4453 	4408 	4452
f 4441 	454 	4445
f 4433 	4385 	4448
f 4432 	454 	4449
f 4449 	454 	4450
f 4450 	454 	4451
f 4451 	454 	4442
f 454 	4518 	4445
f 4466 	4467 	4408
f 4467 	4468 	4409
f 4456 	4445 	4518
f 4444 	4446 	4455
f 4456 	4455 	4445
f 4446 	4445 	4455
f 4457 	4458 	4459
f 4457 	4459 	4460
f 4457 	4460 	4461
f 4457 	4461 	4462
f 4457 	4462 	4463
f 4464 	4408 	4453
f 4466 	4408 	4464
f 4443 	4452 	4408
f 2504 	2501 	4474
f 4474 	4473 	2504
f 4481 	4482 	2497
f 2506 	2504 	4473
f 4473 	4470 	2506
f 4408 	4467 	4409
f 4478 	4491 	4477
f 4479 	4491 	4478
f 4480 	4491 	4479
f 4457 	4491 	4480
f 4483 	6715 	4482
f 4487 	4486 	6715
f 4485 	6715 	4484
f 4484 	6715 	4486
f 4491 	4457 	4490
f 4489 	4490 	4457
f 4488 	4489 	4457
f 4492 	4488 	4463
f 4457 	4463 	4488
f 4488 	4492 	4493
f 4488 	4493 	4494
f 4495 	4496 	4494
f 4488 	4494 	4496
f 4499 	450 	4498
f 450 	4499 	452
f 4502 	454 	4501
f 4501 	454 	4500
f 452 	4500 	454
f 4513 	454 	4502
f 4514 	454 	4513
f 4516 	454 	4515
f 4515 	454 	4514
f 4518 	454 	4516
f 4520 	4521 	4519
f 4521 	4522 	4519
f 4522 	4523 	4519
f 4491 	4519 	4523
f 4491 	4523 	4524
f 4491 	4524 	4525
f 4476 	4477 	4491
f 4525 	4476 	4491
f 450 	4528 	4527
f 4498 	450 	4527
f 4528 	450 	4530
f 4531 	6715 	4532
f 4485 	4532 	6715
f 450 	4533 	4534
f 450 	4534 	4526
f 4526 	4530 	450
f 4533 	4535 	4534
f 4533 	4531 	4535
f 4540 	4547 	4539
f 4537 	4539 	4547
f 4555 	489 	485
f 4554 	4555 	745
f 4541 	488 	4543
f 4543 	488 	4544
f 4544 	488 	4545
f 4549 	4550 	4548
f 4547 	4548 	4550
f 4547 	4550 	4551
f 4536 	4537 	4547
f 4551 	4536 	4547
f 4600 	4552 	4540
f 4552 	4553 	4540
f 4547 	4540 	4553
f 636 	485 	489
f 635 	636 	489
f 4559 	492 	4561
f 4561 	492 	4558
f 489 	4558 	492
f 4563 	4564 	4565
f 4563 	4565 	4566
f 4563 	4566 	4567
f 4568 	4540 	4567
f 4563 	4567 	4540
f 4572 	4589 	4571
f 4569 	4570 	4589
f 4571 	4589 	4570
f 4572 	4573 	4589
f 4589 	4573 	4574
f 488 	4577 	4575
f 488 	4575 	4545
f 4574 	4578 	4589
f 4577 	4589 	4578
f 4540 	4568 	4580
f 4540 	4580 	4581
f 4540 	4581 	4582
f 4540 	4582 	4583
f 4540 	4583 	4584
f 4540 	4584 	4585
f 4540 	4585 	4586
f 4586 	4596 	4540
f 4569 	4589 	4588
f 4588 	4589 	4590
f 4592 	4590 	4589
f 4610 	4593 	4592
f 4593 	4610 	4594
f 4597 	4540 	4596
f 4598 	4540 	4597
f 4599 	4540 	4598
f 4600 	4540 	4599
f 4610 	4602 	4601
f 4610 	4601 	4595
f 4594 	4610 	4595
f 4608 	492 	4603
f 4603 	492 	4560
f 4608 	4606 	492
f 4660 	492 	4606
f 4559 	4560 	492
f 4610 	4611 	4602
f 4611 	4692 	4613
f 4617 	4618 	4616
f 4615 	4616 	4618
f 4615 	4618 	4653
f 4655 	4606 	4654
f 4656 	492 	4659
f 4659 	492 	4660
f 4660 	4606 	4655
f 4604 	4654 	4606
f 4666 	4618 	4665
f 4664 	4665 	4618
f 4653 	4618 	4666
f 4663 	4664 	4618
f 4729 	4667 	4618
f 4667 	4668 	4618
f 4669 	4618 	4668
f 4663 	4618 	4669
f 4670 	492 	4657
f 4672 	492 	4671
f 4671 	492 	4670
f 4656 	4657 	492
f 492 	4672 	493
f 4675 	495 	4674
f 494 	4674 	495
f 494 	493 	4674
f 4676 	496 	4675
f 495 	4675 	496
f 4678 	4679 	4680
f 4678 	4680 	4681
f 4678 	4681 	4682
f 4683 	4618 	4682
f 4684 	4618 	4683
f 4678 	4682 	4618
f 4688 	4610 	4687
f 4691 	4610 	4689
f 4688 	4689 	4610
f 4692 	4611 	4691
f 4654 	4604 	4693
f 4605 	4693 	4604
f 4695 	4613 	4692
f 4605 	4613 	4695
f 4610 	4691 	4611
f 4618 	4684 	4697
f 4618 	4697 	4698
f 4618 	4698 	4700
f 4618 	4700 	4703
f 4618 	4703 	4704
f 4618 	4704 	4705
f 4618 	4705 	4706
f 4706 	4727 	4618
f 4686 	4610 	4713
f 4686 	4687 	4610
f 4713 	4610 	4714
f 4717 	4714 	4610
f 4748 	4719 	4717
f 4719 	4748 	4723
f 4729 	4618 	4728
f 4727 	4728 	4618
f 4748 	4734 	4732
f 4710 	4748 	4709
f 4732 	4709 	4748
f 4723 	4748 	4710
f 498 	497 	4742
f 4745 	4742 	497
f 497 	496 	4677
f 4676 	4677 	496
f 4742 	4777 	498
f 4745 	497 	4677
f 4748 	4749 	4734
f 4749 	4840 	4753
f 4761 	4763 	4759
f 4757 	4759 	4763
f 4757 	4763 	4764
f 4768 	4742 	4767
f 499 	498 	4771
f 4771 	498 	4774
f 4774 	498 	4777
f 4777 	4742 	4768
f 4739 	4767 	4742
f 4787 	4763 	4786
f 4785 	4786 	4763
f 4764 	4763 	4787
f 4784 	4785 	4763
f 4790 	4792 	4763
f 4792 	4793 	4763
f 4784 	4763 	4793
f 4771 	4772 	499
f 4795 	500 	4794
f 499 	4794 	500
f 4794 	499 	4772
f 500 	4795 	501
f 4803 	504 	4802
f 503 	4802 	504
f 503 	502 	4802
f 501 	4802 	502
f 506 	4813 	507
f 4813 	506 	4803
f 4809 	507 	4813
f 504 	4803 	506
f 4818 	4820 	4821
f 4818 	4821 	4822
f 4818 	4822 	4823
f 4824 	4763 	4823
f 4825 	4763 	4824
f 4818 	4823 	4763
f 4832 	4748 	4829
f 4839 	4748 	4833
f 4832 	4833 	4748
f 4840 	4749 	4839
f 4767 	4739 	4844
f 4741 	4844 	4739
f 4851 	4753 	4840
f 4741 	4753 	4851
f 4748 	4839 	4749
f 4763 	4825 	4857
f 4763 	4857 	4858
f 4763 	4858 	4860
f 4763 	4860 	4861
f 4763 	4861 	4862
f 4763 	4862 	4863
f 4763 	4863 	4886
f 4886 	4887 	4763
f 4763 	4864 	4790
f 4828 	4748 	4872
f 4828 	4829 	4748
f 4872 	4748 	4874
f 4876 	4874 	4748
f 4902 	4878 	4876
f 4878 	4902 	4881
f 4881 	4902 	4868
f 4888 	4763 	4887
f 4864 	4763 	4888
f 4867 	4902 	4871
f 4892 	4871 	4902
f 4902 	4867 	4868
f 511 	509 	4899
f 4810 	4899 	509
f 4809 	4810 	509
f 4809 	509 	507
f 4899 	4927 	511
f 4942 	4943 	4902
f 4912 	4914 	4911
f 4910 	4911 	4914
f 4910 	4914 	4915
f 4917 	4899 	4916
f 4923 	512 	4921
f 511 	4921 	512
f 4921 	511 	4925
f 4925 	511 	4927
f 4927 	4899 	4917
f 4895 	4916 	4899
f 4933 	4988 	4932
f 4934 	4988 	4933
f 4935 	4988 	4934
f 4937 	4988 	4935
f 4938 	4988 	4937
f 4931 	4932 	4988
f 4942 	4902 	4941
f 4948 	4904 	4943
f 4904 	4892 	4943
f 4949 	4904 	4948
f 4892 	4902 	4943
f 4916 	4895 	4953
f 4896 	4953 	4895
f 4956 	4906 	4949
f 4896 	4906 	4956
f 4904 	4949 	4906
f 4962 	4914 	4961
f 4960 	4961 	4914
f 4915 	4914 	4962
f 4959 	4960 	4914
f 4964 	4965 	4914
f 4965 	4966 	4914
f 4959 	4914 	4966
f 512 	4923 	4969
f 4970 	513 	4969
f 512 	4969 	513
f 513 	4970 	514
f 4977 	518 	4976
f 517 	4976 	518
f 517 	516 	4976
f 514 	4976 	516
f 4982 	521 	4980
f 519 	4985 	520
f 4985 	519 	4977
f 4980 	520 	4985
f 518 	4977 	519
f 4991 	4914 	4989
f 4964 	4914 	4991
f 4988 	4989 	4914
f 4992 	4988 	4938
f 4914 	4931 	4988
f 4988 	4992 	4993
f 4988 	4993 	4994
f 4988 	4994 	4995
f 4988 	4995 	4996
f 4988 	4996 	4997
f 5000 	5031 	4999
f 4940 	4902 	5008
f 4940 	4941 	4902
f 5008 	4902 	5012
f 5014 	5012 	4902
f 5014 	5031 	5016
f 5016 	5031 	5017
f 5000 	5001 	5031
f 5017 	5031 	5001
f 5023 	522 	4982
f 521 	4982 	522
f 520 	4980 	521
f 5031 	5032 	4998
f 4998 	4999 	5031
f 5032 	5077 	5034
f 5041 	5042 	5040
f 5039 	5040 	5042
f 5039 	5042 	5043
f 5047 	5023 	5045
f 5050 	523 	5049
f 523 	522 	5049
f 5051 	5049 	522
f 5051 	522 	5053
f 5056 	522 	5023
f 5056 	5023 	5047
f 5053 	522 	5056
f 5020 	5045 	5023
f 5061 	5062 	5063
f 5061 	5063 	5064
f 5061 	5064 	5065
f 5066 	5042 	5065
f 5067 	5042 	5066
f 5061 	5065 	5042
f 5072 	5031 	5070
f 5076 	5031 	5073
f 5072 	5073 	5031
f 5077 	5032 	5076
f 5045 	5020 	5079
f 5021 	5079 	5020
f 5083 	5034 	5077
f 5021 	5034 	5083
f 5031 	5076 	5032
f 5090 	5042 	5089
f 5088 	5089 	5042
f 5043 	5042 	5090
f 5087 	5088 	5042
f 5092 	5093 	5042
f 5093 	5094 	5042
f 5087 	5042 	5094
f 5096 	524 	5050
f 523 	5050 	524
f 524 	5096 	525
f 5101 	528 	5100
f 527 	5100 	528
f 527 	526 	5100
f 525 	5100 	526
f 529 	5107 	530
f 5107 	529 	5101
f 5105 	530 	5107
f 528 	5101 	529
f 5118 	5042 	5116
f 5114 	5116 	5042
f 5119 	5042 	5118
f 5120 	5042 	5119
f 5092 	5042 	5120
f 5113 	5114 	5042
f 5067 	5121 	5042
f 5121 	5122 	5042
f 5123 	5042 	5122
f 5113 	5042 	5123
f 5069 	5031 	5132
f 5069 	5070 	5031
f 5132 	5031 	5139
f 5140 	5139 	5031
f 5140 	5156 	5142
f 5144 	5156 	5130
f 5147 	5210 	5146
f 5106 	5151 	532
f 531 	5106 	532
f 5105 	5106 	531
f 5105 	531 	530
f 5127 	5156 	5126
f 5129 	5156 	5127
f 5156 	5203 	5126
f 5129 	5130 	5156
f 5144 	5142 	5156
f 5166 	5167 	5165
f 5164 	5165 	5167
f 5169 	5170 	5167
f 5164 	5167 	5170
f 5151 	5172 	5173
f 5177 	532 	5176
f 5151 	5173 	5176
f 533 	532 	5180
f 5179 	5180 	532
f 5182 	5179 	532
f 5182 	532 	5184
f 5184 	532 	5177
f 5176 	532 	5151
f 5188 	5189 	5190
f 5188 	5190 	5191
f 5188 	5191 	5192
f 5188 	5192 	5193
f 5188 	5193 	5195
f 5167 	5188 	5196
f 5195 	5196 	5188
f 5202 	5156 	5200
f 5206 	5157 	5203
f 5157 	5126 	5203
f 5208 	5157 	5206
f 5202 	5203 	5156
f 5151 	5146 	5172
f 5210 	5172 	5146
f 5159 	5157 	5213
f 5147 	5159 	5213
f 5208 	5213 	5157
f 5169 	5167 	5219
f 5218 	5219 	5167
f 5217 	5218 	5167
f 5220 	5221 	5167
f 5221 	5222 	5167
f 5217 	5167 	5222
f 5223 	533 	5180
f 533 	5223 	534
f 5230 	537 	5228
f 536 	5228 	537
f 536 	535 	5228
f 534 	5228 	535
f 538 	5235 	540
f 5235 	538 	5230
f 5233 	540 	5235
f 537 	5230 	538
f 5245 	5167 	5244
f 5246 	5167 	5245
f 5247 	5167 	5246
f 5243 	5244 	5167
f 5248 	5167 	5247
f 5249 	5167 	5248
f 5220 	5167 	5249
f 5242 	5243 	5167
f 5242 	5167 	5196
f 5253 	5279 	5251
f 5324 	5326 	5279
f 5199 	5156 	5260
f 5199 	5200 	5156
f 5260 	5156 	5262
f 5264 	5262 	5156
f 5279 	5266 	5264
f 5266 	5279 	5268
f 5254 	5268 	5279
f 5253 	5254 	5279
f 542 	5234 	543
f 5272 	5294 	5276
f 542 	540 	5234
f 5233 	5234 	540
f 5295 	5297 	5276
f 5280 	5334 	5283
f 5288 	5289 	5287
f 5285 	5287 	5289
f 5291 	5292 	5289
f 5285 	5289 	5292
f 5297 	543 	5276
f 5234 	5276 	543
f 5299 	543 	5297
f 5303 	544 	5301
f 544 	543 	5301
f 5305 	5301 	543
f 5305 	543 	5308
f 5308 	543 	5299
f 5311 	5312 	5313
f 5311 	5313 	5314
f 5311 	5314 	5315
f 5311 	5315 	5317
f 5311 	5317 	5318
f 5289 	5311 	5319
f 5318 	5319 	5311
f 5324 	5279 	5322
f 5258 	5251 	5326
f 5334 	5280 	5331
f 5258 	5326 	5280
f 5330 	5280 	5326
f 5294 	5295 	5276
f 5273 	5332 	5272
f 5332 	5294 	5272
f 5273 	5283 	5334
f 5330 	5331 	5280
f 5291 	5289 	5343
f 5342 	5343 	5289
f 5341 	5342 	5289
f 5344 	5345 	5289
f 5345 	5346 	5289
f 5341 	5289 	5346
f 5347 	545 	5303
f 544 	5303 	545
f 545 	5347 	546
f 5355 	549 	5354
f 548 	5354 	549
f 548 	547 	5354
f 546 	5354 	547
f 552 	5360 	554
f 5357 	5414 	555
f 550 	5362 	552
f 5362 	550 	5355
f 5360 	552 	5362
f 549 	5355 	550
f 5370 	5289 	5369
f 5372 	5289 	5370
f 5373 	5289 	5372
f 5368 	5369 	5289
f 5374 	5289 	5373
f 5375 	5289 	5374
f 5344 	5289 	5375
f 5367 	5368 	5289
f 5367 	5289 	5319
f 5381 	5405 	5379
f 5377 	5379 	5405
f 5321 	5279 	5389
f 5321 	5322 	5279
f 5251 	5279 	5326
f 5389 	5279 	5392
f 5394 	5392 	5279
f 5405 	5396 	5394
f 5396 	5405 	5398
f 5381 	5398 	5405
f 5358 	5414 	5357
f 555 	554 	5357
f 5419 	555 	5415
f 5360 	5357 	554
f 5674 	5675 	5405
f 5377 	5405 	5675
f 5388 	5676 	5406
f 5409 	5410 	5408
f 5407 	5408 	5410
f 5411 	5412 	5410
f 5407 	5410 	5412
f 5401 	5413 	5358
f 5415 	555 	5414
f 5413 	5414 	5358
f 5417 	557 	5416
f 555 	5416 	557
f 5418 	5416 	555
f 5418 	555 	5419
f 14 	7696 	15
f 5663 	5664 	5665
f 5663 	5665 	5666
f 5663 	5666 	5668
f 5663 	5668 	5669
f 5663 	5669 	5670
f 5410 	5663 	5671
f 5670 	5671 	5663
f 5674 	5405 	5673
f 5675 	5676 	5385
f 5388 	5385 	5676
f 5413 	5401 	5678
f 5402 	5678 	5401
f 5679 	5406 	5676
f 5402 	5406 	5679
f 5684 	5410 	5683
f 5685 	5410 	5684
f 5411 	5410 	5685
f 5682 	5683 	5410
f 5686 	5687 	5410
f 5682 	5410 	5687
f 557 	5417 	5688
f 557 	5688 	558
f 5690 	559 	5689
f 558 	5689 	559
f 561 	5694 	562
f 5692 	5729 	562
f 560 	5695 	561
f 5695 	560 	5690
f 5694 	561 	5695
f 559 	5690 	560
f 5700 	5410 	5699
f 5701 	5410 	5700
f 5702 	5410 	5701
f 5697 	5699 	5410
f 5703 	5410 	5702
f 5704 	5410 	5703
f 5686 	5410 	5704
f 5696 	5697 	5410
f 5696 	5410 	5671
f 5705 	5706 	5719
f 5748 	5749 	5719
f 5672 	5673 	5405
f 5710 	5672 	5405
f 5385 	5377 	5675
f 5710 	5405 	5711
f 5714 	5711 	5405
f 5719 	5715 	5714
f 5715 	5719 	5716
f 5705 	5719 	5749
f 5706 	5716 	5719
f 5694 	5692 	562
f 5709 	5752 	5720
f 5723 	5724 	5722
f 5721 	5722 	5724
f 5725 	5726 	5724
f 5721 	5724 	5726
f 5728 	5693 	5727
f 5717 	5753 	5693
f 5729 	5692 	5728
f 5730 	562 	5729
f 5732 	562 	5731
f 5731 	562 	5733
f 5733 	562 	5735
f 5693 	5728 	5692
f 5735 	562 	5730
f 5739 	5740 	5759
f 5781 	5759 	5740
f 5741 	5781 	5740
f 5742 	5781 	5741
f 5743 	5781 	5742
f 5745 	5781 	5743
f 5738 	5739 	5759
f 5748 	5719 	5747
f 5707 	5705 	5751
f 5751 	5752 	5707
f 5709 	5707 	5752
f 5727 	5693 	5753
f 5718 	5753 	5717
f 5754 	5720 	5752
f 5718 	5720 	5754
f 5746 	5747 	5719
f 5756 	5746 	5719
f 5749 	5751 	5705
f 5756 	5719 	5757
f 5757 	5719 	5758
f 5724 	5759 	5760
f 5724 	5760 	5761
f 5724 	5761 	5762
f 5724 	5762 	5763
f 5724 	5763 	5764
f 5724 	5764 	5725
f 5768 	5806 	5770
f 5765 	5766 	565
f 5771 	565 	5766
f 5770 	565 	5771
f 5745 	5774 	5775
f 5745 	5775 	5776
f 5745 	5776 	5777
f 5745 	5777 	5778
f 5745 	5778 	5779
f 5745 	5779 	5780
f 5745 	5780 	5781
f 5724 	5737 	5759
f 5737 	5738 	5759
f 5782 	5783 	5792
f 5786 	6199 	5785
f 5785 	6199 	5769
f 5782 	5792 	5788
f 5789 	5788 	6200
f 5791 	5758 	5719
f 5792 	5793 	5791
f 5793 	5792 	5794
f 5792 	6194 	5788
f 5783 	5794 	5792
f 5798 	5801 	5797
f 5796 	5797 	5801
f 5800 	5801 	5798
f 5801 	5802 	5796
f 5795 	5796 	5802
f 5768 	5769 	5804
f 5806 	5768 	5805
f 5768 	5804 	5805
f 5809 	565 	5806
f 5810 	565 	5809
f 5814 	565 	5810
f 5770 	5806 	565
f 565 	5814 	5813
f 5816 	5817 	5818
f 5816 	5818 	5819
f 5816 	5819 	5820
f 5816 	5820 	5821
f 5816 	5821 	5822
f 5816 	5822 	5823
f 5824 	6221 	5816
f 5823 	5824 	5816
f 5828 	5792 	5827
f 5825 	5826 	5792
f 5827 	5792 	5826
f 5792 	5828 	6194
f 6195 	5788 	6194
f 6200 	5788 	6195
f 5803 	5804 	5769
f 6199 	5803 	5769
f 5786 	5789 	6200
f 6202 	5825 	5792
f 6202 	5792 	6203
f 6204 	6203 	5792
f 6477 	6205 	6204
f 5798 	6206 	6207
f 5798 	6207 	6208
f 5798 	6208 	6209
f 5798 	6209 	6210
f 5798 	6210 	5800
f 6214 	567 	6213
f 6218 	6234 	6467
f 567 	6219 	568
f 6217 	568 	6219
f 6214 	6215 	567
f 6220 	567 	6215
f 6219 	567 	6220
f 6223 	5816 	6222
f 6224 	5816 	6223
f 6225 	5798 	6224
f 6221 	6222 	5816
f 6226 	5798 	6225
f 6227 	5798 	6226
f 6206 	5798 	6227
f 5816 	6224 	5798
f 6235 	6465 	6234
f 6465 	6467 	6234
f 6236 	6481 	6237
f 6205 	6477 	6238
f 6238 	6477 	6239
f 6231 	6239 	6477
f 6231 	6477 	6230
f 6467 	6494 	6217
f 6217 	6218 	6467
f 6662 	6481 	6236
f 6235 	6237 	6479
f 6236 	6230 	6477
f 6479 	6237 	6481
f 6488 	6491 	6487
f 6486 	6487 	6491
f 6490 	6491 	6488
f 6491 	6492 	6486
f 6485 	6486 	6492
f 568 	6217 	6497
f 6498 	569 	6497
f 6494 	6497 	6217
f 6511 	569 	6502
f 6502 	569 	6501
f 6501 	569 	6498
f 6509 	569 	6511
f 570 	450 	6509
f 568 	6497 	569
f 6648 	6649 	6650
f 6648 	6650 	6651
f 6648 	6651 	6652
f 6648 	6652 	6653
f 6648 	6653 	6654
f 6648 	6654 	6655
f 6656 	6678 	6648
f 6655 	6656 	6648
f 6660 	6477 	6659
f 6659 	6477 	6658
f 6660 	6661 	6477
f 6662 	6236 	6661
f 6477 	6661 	6236
f 6666 	6488 	6665
f 6490 	6488 	6666
f 6664 	6665 	6488
f 6667 	6668 	6488
f 6664 	6488 	6668
f 6676 	191 	6677
f 6674 	194 	6676
f 6677 	450 	6672
f 6680 	6648 	6679
f 6681 	6648 	6680
f 6682 	6488 	6681
f 6678 	6679 	6648
f 6684 	6488 	6682
f 6685 	6488 	6684
f 6667 	6488 	6685
f 6648 	6681 	6488
f 6687 	6698 	6701
f 6688 	6699 	6675
f 6686 	6687 	6701
f 6657 	6658 	6477
f 6693 	6657 	6477
f 6693 	6477 	6694
f 6695 	6694 	6477
f 6701 	6696 	6695
f 6701 	6698 	6696
f 6674 	6675 	6700
f 6700 	6675 	6699
f 191 	193 	6677
f 6689 	6699 	6688
f 661 	6702 	6690
f 6689 	6691 	6702
f 6690 	6686 	6701
f 6691 	6690 	6702
f 6705 	662 	6704
f 6703 	6704 	662
f 480 	189 	662
f 189 	188 	662
f 6703 	662 	188
f 6700 	184 	6674
f 183 	6674 	184
f 490 	6677 	193
f 183 	194 	6674
f 191 	6676 	194
f 483 	450 	486
f 662 	658 	638
f 653 	641 	658
f 639 	638 	658
f 649 	641 	653
f 647 	641 	649
f 645 	641 	647
f 643 	641 	645
f 639 	658 	641
f 6690 	6701 	654
f 655 	6701 	650
f 651 	650 	6701
f 659 	6690 	654
f 661 	6690 	659
f 655 	654 	6701
f 667 	662 	670
f 665 	662 	667
f 663 	662 	665
f 480 	662 	663
f 675 	670 	662
f 482 	669 	572
f 673 	672 	573
f 673 	450 	669
f 681 	679 	450
f 6711 	450 	677
f 676 	6711 	677
f 677 	450 	679
f 689 	662 	694
f 687 	662 	689
f 684 	662 	687
f 696 	694 	662
f 683 	662 	684
f 702 	662 	683
f 675 	662 	702
f 638 	696 	662
f 6714 	697 	699
f 708 	6711 	705
f 676 	705 	6711
f 697 	6714 	709
f 6714 	708 	712
f 6714 	712 	709
f 651 	6701 	714
f 714 	6701 	717
f 719 	717 	6701
f 6714 	721 	719
f 699 	701 	6714
f 721 	6714 	723
f 723 	6714 	701
f 2497 	2506 	4472
f 4406 	4407 	2366
f 4405 	4406 	2371
f 2366 	2371 	4406
f 2230 	2228 	4019
f 2166 	2164 	3874
f 3403 	3874 	2164
f 3354 	3350 	1970
f 1973 	1970 	3350
f 3874 	3870 	2166
f 3938 	3939 	2172
f 2374 	2230 	4019
f 4395 	4396 	2380
f 2501 	2499 	4411
f 4470 	4472 	2506
f 2492 	2497 	4482
f 6715 	2493 	4482
f 2493 	2492 	4482
f 6715 	4483 	4487
f 1252 	1250 	2109
f 1250 	1248 	2112
f 1999 	2101 	1245
f 1634 	852 	1635
f 1398 	1396 	2187
f 2185 	2269 	1398
f 1402 	1400 	2281
f 1393 	1402 	2278
f 2278 	2276 	1393
f 2314 	2326 	1431
f 1536 	1435 	2322
f 2262 	2269 	2185
f 2322 	2320 	1538
f 2399 	2405 	2320
f 1538 	2320 	2405
f 2405 	2407 	1538
f 2407 	2415 	1538
f 1599 	1531 	2409
f 2409 	2440 	1599
f 2440 	2451 	1599
f 1602 	1599 	2451
f 6718 	1602 	2451
f 6718 	2451 	2449
f 415 	416 	1467
f 1468 	1467 	416
f 318 	317 	1359
f 1362 	1359 	317
f 290 	291 	1338
f 1343 	1341 	302
f 160 	68 	1073
f 885 	1061 	75
f 75 	74 	887
f 887 	885 	75
f 777 	776 	3774
f 3816 	3775 	869
f 1075 	1073 	68
f 302 	300 	1343
f 417 	1468 	416
f 438 	414 	1467
f 1467 	1481 	438
f 1492 	1490 	438
f 1481 	1492 	438
f 6720 	438 	1490
f 763 	866 	765
f 767 	765 	866
f 767 	866 	775
f 2510 	773 	770
f 782 	2510 	769
f 770 	769 	2510
f 3775 	3774 	776
f 777 	2510 	779
f 779 	2510 	782
f 792 	762 	794
f 789 	762 	792
f 787 	762 	789
f 786 	762 	787
f 797 	794 	762
f 762 	879 	763
f 797 	762 	803
f 2509 	799 	798
f 801 	799 	2509
f 2509 	798 	822
f 820 	2509 	822
f 773 	2510 	826
f 829 	826 	2510
f 2509 	820 	829
f 841 	762 	844
f 840 	762 	841
f 786 	844 	762
f 846 	801 	2509
f 2509 	1635 	849
f 846 	2509 	849
f 849 	1635 	852
f 856 	852 	1634
f 866 	864 	862
f 866 	862 	858
f 866 	858 	775
f 869 	3775 	776
f 882 	1053 	885
f 76 	75 	1207
f 1063 	1207 	75
f 1061 	1063 	75
f 762 	904 	902
f 762 	902 	899
f 762 	899 	896
f 762 	896 	894
f 762 	894 	909
f 762 	909 	907
f 762 	907 	879
f 866 	763 	879
f 917 	1233 	911
f 911 	1233 	880
f 917 	925 	1230
f 934 	762 	938
f 932 	762 	934
f 904 	762 	932
f 840 	938 	762
f 940 	1037 	2002
f 1037 	952 	2006
f 936 	942 	1243
f 948 	856 	1634
f 1634 	1988 	948
f 952 	948 	1988
f 1988 	2006 	952
f 1045 	1276 	1046
f 1044 	1276 	1045
f 1050 	1258 	1059
f 882 	1057 	1053
f 1052 	1061 	885
f 67 	76 	1077
f 1207 	1077 	76
f 1052 	885 	1053
f 68 	66 	1075
f 66 	67 	1075
f 1077 	1075 	67
f 1218 	1276 	1220
f 1215 	1276 	1218
f 1212 	1276 	1215
f 1211 	1276 	1212
f 1222 	1220 	1276
f 1050 	1046 	1276
f 1044 	1229 	1276
f 1222 	1276 	1229
f 1223 	923 	1224
f 923 	1223 	925
f 1227 	1224 	922
f 1230 	925 	1231
f 1231 	925 	1223
f 882 	880 	1057
f 1233 	1057 	880
f 1239 	1276 	1241
f 1237 	1276 	1239
f 1236 	1276 	1237
f 1211 	1241 	1276
f 1227 	922 	1243
f 1224 	923 	922
f 922 	936 	1243
f 2006 	2002 	1037
f 942 	940 	2002
f 1243 	942 	2002
f 1245 	1243 	2002
f 1276 	1275 	1050
f 1256 	1254 	1258
f 1071 	1258 	1254
f 1071 	1059 	1258
f 163 	161 	1268
f 1270 	1268 	161
f 1334 	1336 	300
f 1268 	1334 	300
f 298 	163 	1268
f 300 	298 	1268
f 1276 	1283 	1281
f 1276 	1281 	1279
f 1288 	1050 	1275
f 1285 	1050 	1288
f 1263 	1050 	1285
f 1258 	1050 	1263
f 1290 	1314 	1265
f 1314 	1331 	1265
f 1306 	1396 	1295
f 1283 	1276 	1302
f 1305 	1302 	1276
f 1236 	1305 	1276
f 2179 	2190 	1307
f 1296 	1295 	1380
f 2002 	1999 	1245
f 2109 	2108 	1252
f 1307 	1252 	2108
f 2108 	2179 	1307
f 1290 	1315 	1314
f 1266 	1265 	1331
f 1293 	1315 	1290
f 1376 	1296 	1377
f 1293 	1299 	1317
f 1299 	1296 	1319
f 1376 	1319 	1296
f 1317 	1299 	1319
f 1322 	1350 	1324
f 1327 	1324 	1350
f 1337 	1333 	1350
f 1327 	1350 	1333
f 1328 	1268 	1329
f 1331 	1329 	1266
f 1336 	1343 	300
f 1334 	1268 	1328
f 291 	292 	1339
f 292 	293 	1339
f 293 	302 	1341
f 1350 	1348 	1345
f 1337 	1350 	1345
f 425 	421 	1359
f 1355 	1456 	1357
f 1462 	1464 	425
f 1357 	1462 	425
f 1359 	1357 	425
f 421 	318 	1359
f 1371 	1321 	1373
f 1368 	1321 	1371
f 1366 	1321 	1368
f 1365 	1321 	1366
f 1375 	1373 	1321
f 1350 	1322 	1321
f 1375 	1321 	1383
f 1268 	1266 	1329
f 1390 	1321 	1392
f 1387 	1321 	1390
f 1386 	1321 	1387
f 1365 	1392 	1321
f 1377 	1296 	1380
f 1380 	1295 	1396
f 1309 	1307 	2190
f 2190 	2187 	1309
f 2116 	2112 	1248
f 1311 	1309 	2187
f 1321 	1427 	1410
f 1321 	1410 	1408
f 1321 	1408 	1405
f 1321 	1405 	1404
f 1321 	1404 	1415
f 1321 	1415 	1413
f 1321 	1413 	1353
f 1353 	1350 	1321
f 1419 	1439 	1416
f 1438 	1459 	1354
f 1416 	1439 	1354
f 1421 	1507 	1422
f 1419 	1424 	1444
f 1427 	1321 	1429
f 1386 	1429 	1321
f 1446 	1444 	1422
f 2187 	1396 	1311
f 1306 	1311 	1396
f 1394 	1393 	2276
f 1431 	1394 	2314
f 1433 	1431 	2326
f 1355 	1354 	1456
f 1439 	1438 	1354
f 1459 	1456 	1354
f 1430 	1435 	1536
f 1446 	1422 	1507
f 1424 	1422 	1444
f 1461 	1454 	1466
f 1452 	1466 	1454
f 1589 	1561 	1449
f 1455 	1357 	1456
f 426 	425 	1472
f 1464 	1472 	425
f 1468 	417 	1470
f 417 	426 	1470
f 1472 	1470 	426
f 1474 	1452 	1477
f 1479 	1477 	1452
f 1466 	1452 	1474
f 1483 	1479 	1452
f 1490 	1487 	6720
f 1484 	6720 	1485
f 1485 	6720 	1487
f 1501 	1589 	1504
f 1499 	1589 	1501
f 1497 	1589 	1499
f 1496 	1589 	1497
f 1506 	1504 	1589
f 1450 	1449 	1561
f 1449 	1512 	1589
f 1506 	1589 	1512
f 1421 	1509 	1507
f 1455 	1462 	1357
f 1521 	1520 	1523
f 1528 	1523 	1520
f 1595 	1496 	1520
f 1528 	1520 	1496
f 1435 	1433 	2322
f 1509 	1421 	1536
f 1421 	1430 	1536
f 2187 	2185 	1398
f 2326 	2322 	1433
f 1549 	1452 	1554
f 1548 	1452 	1549
f 1568 	1452 	1548
f 1557 	1554 	1452
f 1565 	1452 	1568
f 1483 	1452 	1565
f 1561 	1557 	1452
f 1452 	1450 	1561
f 1484 	1570 	6720
f 1574 	6720 	1570
f 1579 	6718 	1580
f 6718 	1574 	1584
f 6718 	1584 	1580
f 1589 	1496 	1595
f 6718 	1579 	1597
f 1538 	1536 	2322
f 1531 	1530 	2409
f 1605 	6718 	1597
f 1602 	6718 	1605
f 1613 	2011 	1615
f 1612 	2011 	1613
f 1633 	1621 	2011
f 1615 	2011 	1621
f 1619 	1617 	2509
f 1617 	1626 	2509
f 2509 	1626 	1624
f 1635 	2509 	1638
f 1638 	2509 	1641
f 1641 	2509 	1624
f 1656 	2011 	1660
f 1653 	2011 	1656
f 1650 	2011 	1653
f 1649 	2011 	1650
f 1667 	1660 	2011
f 1978 	1976 	2011
f 1612 	1939 	2011
f 1667 	2011 	1939
f 1663 	1662 	759
f 759 	1671 	1669
f 1671 	759 	1662
f 759 	1669 	1942
f 1940 	759 	1942
f 1619 	2509 	1948
f 1950 	1948 	2509
f 759 	1940 	1950
f 1956 	2011 	1958
f 1955 	2011 	1956
f 1649 	1958 	2011
f 1960 	1663 	759
f 1960 	759 	1966
f 1966 	759 	1970
f 759 	3354 	1970
f 1986 	1981 	2011
f 1978 	2011 	1981
f 1633 	2011 	1976
f 1995 	2095 	1999
f 2011 	2021 	2018
f 2011 	2018 	2015
f 2011 	2010 	2030
f 2011 	2030 	2026
f 2011 	2026 	1992
f 1992 	1986 	2011
f 2040 	2153 	2036
f 2036 	2153 	1994
f 2055 	2164 	2023
f 2023 	2134 	2024
f 2042 	2024 	2143
f 2053 	2011 	2058
f 2050 	2011 	2053
f 2021 	2011 	2050
f 1955 	2058 	2011
f 2059 	2074 	3403
f 2060 	2164 	2055
f 2074 	2070 	3403
f 2067 	3398 	2070
f 3398 	3402 	2070
f 3402 	3403 	2070
f 2080 	2193 	2082
f 2079 	2193 	2080
f 2086 	2178 	2098
f 2095 	1995 	2084
f 2085 	2084 	1995
f 2094 	1999 	2095
f 2103 	2116 	1245
f 2101 	2103 	1245
f 2094 	2101 	1999
f 2284 	2281 	1400
f 2112 	2109 	1250
f 1248 	1245 	2116
f 2128 	2193 	2132
f 2125 	2193 	2128
f 2122 	2193 	2125
f 2121 	2193 	2122
f 2139 	2132 	2193
f 2086 	2082 	2193
f 2079 	2147 	2193
f 2139 	2193 	2147
f 2142 	2042 	2143
f 2143 	2024 	2134
f 2150 	2045 	2142
f 2149 	2045 	2150
f 2045 	2042 	2142
f 1995 	1994 	2085
f 2153 	2085 	1994
f 2045 	2149 	2040
f 2160 	2193 	2162
f 2157 	2193 	2160
f 2156 	2193 	2157
f 2121 	2162 	2193
f 2060 	2059 	3403
f 2134 	2023 	2135
f 2164 	2060 	3403
f 2135 	2023 	2164
f 2193 	2192 	2086
f 2176 	2174 	2178
f 2105 	2178 	2174
f 2105 	2098 	2178
f 2276 	2314 	1394
f 2193 	2201 	2199
f 2193 	2199 	2196
f 2207 	2086 	2192
f 2205 	2086 	2207
f 2181 	2086 	2205
f 2178 	2086 	2181
f 2213 	2236 	2210
f 2210 	2236 	2182
f 2215 	2243 	2217
f 2201 	2193 	2222
f 2224 	2222 	2193
f 2156 	2224 	2193
f 2226 	2172 	3939
f 3939 	4017 	2226
f 2228 	2226 	4019
f 2230 	2374 	2225
f 2183 	2182 	2255
f 2235 	2255 	2182
f 2236 	2235 	2182
f 2213 	2217 	2239
f 2301 	2215 	2296
f 2204 	2202 	2296
f 2225 	2374 	2202
f 2239 	2217 	2243
f 2250 	2246 	2336
f 2274 	2268 	2336
f 2268 	2259 	2336
f 2250 	2336 	2259
f 2263 	2183 	2254
f 2262 	2185 	2263
f 2255 	2254 	2183
f 2269 	2272 	1398
f 2272 	2284 	1398
f 2183 	2263 	2185
f 2281 	2278 	1402
f 1400 	1398 	2284
f 2293 	2245 	2295
f 2291 	2245 	2293
f 2289 	2245 	2291
f 2288 	2245 	2289
f 2299 	2295 	2245
f 2336 	2246 	2245
f 2299 	2245 	2305
f 2300 	2215 	2301
f 2243 	2215 	2300
f 2204 	2296 	2215
f 2306 	2336 	2309
f 2274 	2336 	2306
f 2312 	2309 	2336
f 2312 	2336 	2316
f 2317 	2382 	2318
f 1541 	1538 	2415
f 2318 	2400 	2320
f 2332 	2329 	2334
f 2329 	2328 	2334
f 2328 	2342 	2334
f 2342 	2339 	2334
f 2339 	2316 	2334
f 2336 	2334 	2316
f 376 	8001 	8002
f 376 	8002 	6789
f 376 	6789 	8003
f 8003 	8015 	376
f 8013 	6790 	8015
f 376 	8015 	6790
f 6790 	7934 	376
f 376 	7891 	6791
f 7893 	7902 	376
f 6791 	7893 	376
f 6792 	7827 	376
f 376 	7797 	6793
f 7796 	6794 	6793
f 376 	6793 	6794
f 376 	6794 	6795
f 7687 	6796 	6795
f 376 	6796 	6797
f 376 	6797 	6798
f 7491 	6799 	6798
f 376 	6798 	6799
f 376 	6799 	6801
f 7412 	6802 	6801
f 6802 	6814 	6801
f 6803 	6814 	6802
f 6804 	6814 	6803
f 6805 	6814 	6804
f 6806 	6814 	6805
f 6807 	6814 	6806
f 6808 	6814 	6807
f 6808 	7185 	6814
f 6809 	7112 	6814
f 6810 	7111 	6814
f 6814 	213 	6801
f 376 	6801 	213
f 376 	213 	6815
f 376 	6815 	6816
f 376 	6816 	6817
f 376 	6817 	6818
f 376 	6818 	6819
f 376 	6819 	6820
f 376 	6820 	508
f 376 	508 	6821
f 376 	6821 	6822
f 376 	6822 	6823
f 376 	6823 	6824
f 376 	6824 	6825
f 376 	6825 	6826
f 376 	6826 	6827
f 376 	6827 	6828
f 376 	6828 	2913
f 376 	2913 	6829
f 376 	6829 	6830
f 376 	6830 	6831
f 376 	6831 	6832
f 376 	6832 	6833
f 376 	6833 	6834
f 376 	6834 	6835
f 376 	6835 	6836
f 376 	6836 	6837
f 376 	6837 	3129
f 376 	3129 	6838
f 376 	6838 	6839
f 376 	6839 	6840
f 376 	6840 	6841
f 376 	6841 	6842
f 376 	6842 	6843
f 376 	6843 	6844
f 376 	6844 	6845
f 376 	6845 	3322
f 376 	3322 	6846
f 376 	6846 	6847
f 376 	6847 	6848
f 376 	6848 	6849
f 376 	6849 	6850
f 376 	6850 	6851
f 376 	6851 	6852
f 376 	6852 	3478
f 376 	3478 	6853
f 376 	6853 	6854
f 376 	6854 	6855
f 376 	6855 	6856
f 376 	6856 	6857
f 376 	6857 	6858
f 376 	6858 	6859
f 376 	6859 	6860
f 376 	6860 	6861
f 376 	6861 	3608
f 376 	3608 	6862
f 376 	6862 	6863
f 376 	6863 	6864
f 376 	6864 	6865
f 376 	6865 	6866
f 376 	6866 	6976
f 376 	6976 	3690
f 376 	3690 	6977
f 376 	6977 	6978
f 376 	6978 	6979
f 376 	6979 	6980
f 376 	6980 	6981
f 376 	6981 	6982
f 376 	6982 	3789
f 376 	3789 	6983
f 376 	6983 	6984
f 376 	6984 	6985
f 376 	6985 	39
f 376 	39 	81
f 376 	81 	216
f 376 	216 	250
f 376 	250 	346
f 376 	346 	348
f 376 	348 	382
f 376 	382 	380
f 2347 	2383 	2344
f 2344 	2383 	2317
f 6989 	6991 	6988
f 6987 	6988 	6991
f 6990 	6991 	6989
f 6991 	6992 	6987
f 6986 	6987 	6992
f 2430 	2389 	2348
f 2347 	2350 	2386
f 6996 	6188 	6994
f 6997 	6188 	6996
f 6993 	6994 	6188
f 2356 	2245 	2359
f 2354 	2245 	2356
f 2336 	2245 	2354
f 2364 	2359 	2245
f 2288 	2369 	2245
f 2364 	2245 	2369
f 6188 	6997 	6998
f 6188 	6998 	6999
f 2360 	2367 	4407
f 2357 	2361 	2499
f 2361 	2360 	4407
f 2337 	2357 	2499
f 6188 	6999 	7001
f 7003 	6192 	7002
f 6190 	7004 	6192
f 4396 	4405 	2371
f 2367 	2366 	4407
f 7002 	6192 	7004
f 6188 	7001 	6190
f 2371 	2380 	4396
f 2297 	2202 	2374
f 2296 	2202 	2297
f 4018 	4019 	2226
f 4017 	4018 	2226
f 7010 	7011 	6990
f 7013 	6990 	7011
f 7009 	7010 	6990
f 7012 	7013 	7011
f 7035 	7043 	7011
f 7008 	7009 	6990
f 7007 	7008 	6990
f 7006 	7007 	6990
f 6989 	7015 	6990
f 7006 	6990 	7015
f 7016 	7017 	6726
f 2395 	2400 	2318
f 2382 	2395 	2318
f 2383 	2382 	2317
f 7017 	7018 	6726
f 6730 	6726 	7018
f 2499 	2427 	2337
f 2389 	2386 	2348
f 2350 	2348 	2386
f 7020 	6993 	6188
f 2391 	2408 	2392
f 2404 	2392 	2408
f 2398 	2392 	2404
f 2393 	2392 	2398
f 6188 	7021 	7020
f 2415 	2413 	1541
f 2399 	2320 	2400
f 6188 	6730 	7019
f 6188 	7019 	7021
f 7024 	7011 	7023
f 2413 	2410 	1544
f 1544 	1541 	2413
f 7016 	6726 	7025
f 6814 	7027 	6726
f 7025 	6726 	7026
f 7026 	6726 	7027
f 7028 	7027 	6814
f 1530 	1544 	2409
f 2410 	2409 	1544
f 2391 	2433 	2462
f 2429 	2462 	2433
f 2429 	2425 	2423
f 2429 	2423 	2421
f 2429 	2421 	2419
f 2429 	2419 	2418
f 7032 	7011 	7031
f 7033 	7011 	7032
f 7034 	7011 	7033
f 7035 	7011 	7034
f 7030 	7031 	7011
f 7036 	7030 	7024
f 7011 	7024 	7030
f 6814 	6811 	7040
f 7039 	7040 	6811
f 2434 	2391 	2436
f 2438 	2436 	2391
f 2408 	2391 	2434
f 2441 	2438 	2391
f 6814 	7040 	7041
f 6812 	6814 	7041
f 2449 	2446 	6718
f 6718 	2444 	2443
f 7028 	6814 	7042
f 2444 	6718 	2446
f 6812 	7042 	6814
f 7044 	7011 	7043
f 7045 	7011 	7044
f 7046 	7011 	7045
f 7047 	7011 	7046
f 7012 	7011 	7047
f 6811 	7048 	7037
f 7038 	7039 	6811
f 7037 	7038 	6811
f 2454 	2391 	2457
f 2453 	2391 	2454
f 2468 	2391 	2453
f 2460 	2457 	2391
f 2465 	2391 	2468
f 2441 	2391 	2465
f 2462 	2460 	2391
f 7049 	7048 	6811
f 7050 	6192 	7003
f 2443 	2470 	6718
f 2473 	6718 	2470
f 2464 	6715 	2475
f 2464 	2463 	6715
f 2473 	2478 	6715
f 2475 	6715 	2478
f 7050 	7054 	6192
f 2462 	2429 	2481
f 2483 	2481 	2429
f 2485 	2483 	2429
f 2418 	2495 	2429
f 2495 	2490 	2429
f 2485 	2429 	2490
f 6811 	7094 	7049
f 2487 	6715 	2463
f 6715 	2487 	2486
f 2493 	6715 	2486
f 7062 	7098 	7061
f 7060 	7061 	7098
f 7059 	7060 	7098
f 7065 	7098 	7064
f 7059 	7098 	7065
f 4472 	4481 	2497
f 4407 	4411 	2499
f 7066 	7054 	7089
f 2426 	2430 	2338
f 2338 	2337 	2426
f 2348 	2338 	2430
f 2427 	2426 	2337
f 7067 	6192 	7066
f 7069 	6192 	7068
f 7068 	6192 	7067
f 7071 	6192 	7069
f 7072 	6192 	7071
f 7072 	7073 	6192
f 7054 	7066 	6192
f 2499 	2361 	4407
f 7073 	7074 	6192
f 6198 	6192 	7074
f 7076 	6193 	7075
f 7075 	6193 	7077
f 6198 	7077 	6193
f 7080 	7081 	7079
f 7081 	7082 	7079
f 7082 	7083 	7079
f 7078 	7079 	7083
f 7083 	7091 	7084
f 7078 	7083 	7084
f 6149 	6148 	727
f 6153 	6159 	727
f 6169 	2742 	6158
f 1049 	1058 	6162
f 855 	860 	6028
f 5890 	5888 	599
f 578 	580 	5575
f 577 	578 	5575
f 5573 	577 	5575
f 5573 	5571 	577
f 5558 	5563 	599
f 754 	808 	5890
f 6028 	5949 	855
f 6032 	6028 	860
f 6037 	1043 	6023
f 6159 	6158 	2744
f 2744 	2745 	6159
f 727 	6159 	2748
f 2748 	2746 	727
f 7056 	7085 	7086
f 7087 	7057 	7086
f 7052 	7057 	7087
f 7056 	7086 	7057
f 7053 	7089 	7054
f 7053 	7051 	7089
f 7090 	7089 	7051
f 7090 	7051 	7088
f 7052 	7088 	7051
f 7093 	7084 	7092
f 7091 	7092 	7084
f 5594 	5602 	3998
f 3990 	3988 	5620
f 5602 	5623 	3988
f 4086 	4100 	5860
f 3988 	3998 	5602
f 4849 	4320 	5983
f 5981 	5980 	4834
f 6112 	6116 	5456
f 5458 	5456 	6116
f 6124 	6122 	5460
f 6124 	5458 	6116
f 4080 	4079 	5859
f 5848 	5852 	4094
f 5541 	2619 	5542
f 2619 	2617 	5535
f 2617 	2566 	5535
f 2565 	2571 	5535
f 2571 	2570 	6746
f 7085 	7056 	7094
f 7056 	7049 	7094
f 7094 	6811 	7095
f 7095 	6811 	7096
f 7097 	7096 	6811
f 7098 	7099 	7100
f 7098 	7100 	7101
f 7098 	7101 	7102
f 7098 	7102 	7103
f 7103 	7113 	7098
f 7098 	7104 	7105
f 7098 	7105 	7106
f 7098 	7106 	7063
f 7063 	7064 	7098
f 7084 	7093 	7062
f 7098 	7062 	7093
f 7110 	6809 	7109
f 7109 	6809 	7108
f 4201 	4239 	3000
f 2985 	3000 	4239
f 4239 	4235 	2985
f 4235 	4231 	3171
f 4811 	4661 	4814
f 4807 	4661 	4811
f 4807 	4806 	4661
f 5466 	5464 	4661
f 3171 	3166 	4235
f 2708 	2715 	990
f 2555 	2554 	969
f 967 	324 	2555
f 277 	288 	2555
f 2551 	2550 	308
f 6747 	2541 	303
f 6747 	303 	256
f 256 	253 	6747
f 6811 	6814 	7097
f 7111 	7097 	6814
f 6809 	7110 	7112
f 6810 	6814 	7112
f 2527 	2524 	2522
f 2521 	2527 	2522
f 2553 	2548 	2527
f 2527 	2548 	2544
f 2527 	2544 	2539
f 2527 	2539 	2534
f 6747 	2530 	2529
f 7115 	7098 	7114
f 7113 	7114 	7098
f 7104 	7098 	7115
f 2532 	2530 	6747
f 6809 	7116 	7107
f 7107 	7108 	6809
f 6747 	2536 	2538
f 7117 	7116 	6809
f 2536 	6747 	2529
f 7122 	7121 	7134
f 7159 	7134 	7121
f 7076 	7122 	6193
f 6809 	7164 	7117
f 7128 	7130 	7127
f 7126 	7127 	7130
f 7133 	7130 	7132
f 7126 	7130 	7133
f 7137 	6193 	7136
f 7134 	7135 	6193
f 7136 	6193 	7135
f 6193 	7137 	7138
f 6193 	7138 	7139
f 7139 	7141 	6193
f 7141 	7142 	6193
f 6212 	6193 	7142
f 7144 	6216 	7143
f 7143 	6216 	7145
f 7145 	6216 	7146
f 6212 	7146 	6216
f 7150 	7151 	7149
f 7151 	7152 	7149
f 7148 	7149 	7152
f 7130 	7154 	7153
f 7152 	7153 	7154
f 7148 	7152 	7154
f 7124 	7155 	7156
f 7157 	7125 	7156
f 7119 	7125 	7157
f 7124 	7156 	7125
f 6193 	7122 	7134
f 7159 	7121 	7160
f 7118 	7160 	7121
f 7160 	7118 	7158
f 7119 	7158 	7118
f 7163 	7130 	7162
f 7161 	7162 	7130
f 7153 	7161 	7130
f 7155 	7124 	7164
f 7124 	7117 	7164
f 7164 	6809 	7165
f 7165 	6809 	7166
f 7167 	7166 	6809
f 7130 	7168 	7169
f 7130 	7169 	7170
f 7170 	7188 	7130
f 7130 	7171 	7172
f 7130 	7172 	7173
f 7130 	7173 	7131
f 7131 	7132 	7130
f 7176 	7130 	7175
f 7177 	7130 	7176
f 7178 	7130 	7177
f 7168 	7130 	7178
f 7174 	7175 	7130
f 7174 	7130 	7163
f 7184 	6807 	7183
f 7183 	6807 	7181
f 7167 	6809 	7185
f 6809 	6814 	7185
f 6807 	7184 	7187
f 6807 	7187 	6808
f 7190 	7130 	7189
f 7188 	7189 	7130
f 7171 	7130 	7190
f 7180 	6807 	7182
f 7191 	7182 	6807
f 7180 	7181 	6807
f 7194 	7230 	6216
f 7194 	6216 	7144
f 6807 	7236 	7191
f 7199 	7200 	7198
f 7197 	7198 	7200
f 7203 	7200 	7202
f 7197 	7200 	7203
f 7204 	6216 	7230
f 7205 	6216 	7204
f 7207 	6216 	7206
f 7206 	6216 	7205
f 7209 	6216 	7208
f 7207 	7208 	6216
f 6216 	7209 	7211
f 7212 	6216 	7211
f 6232 	7215 	7213
f 7215 	6232 	7216
f 6229 	7216 	6232
f 6216 	7212 	6229
f 7219 	7220 	7218
f 7220 	7221 	7218
f 7217 	7218 	7221
f 7200 	7223 	7222
f 7221 	7222 	7223
f 7217 	7221 	7223
f 7195 	7224 	7225
f 7227 	7196 	7225
f 7193 	7196 	7227
f 7195 	7225 	7196
f 7192 	7231 	7194
f 7230 	7194 	7231
f 7231 	7192 	7229
f 7193 	7229 	7192
f 7235 	7200 	7234
f 7233 	7234 	7200
f 7222 	7233 	7200
f 7224 	7195 	7236
f 7195 	7191 	7236
f 7236 	6807 	7237
f 7237 	6807 	7238
f 7239 	7238 	6807
f 7200 	7241 	7242
f 7200 	7242 	7243
f 7200 	7243 	7244
f 7200 	7244 	7245
f 7200 	7245 	7246
f 7200 	7246 	7247
f 7200 	7247 	7201
f 7201 	7202 	7200
f 7252 	7200 	7251
f 7253 	7200 	7252
f 7254 	7200 	7253
f 7241 	7200 	7254
f 7250 	7251 	7200
f 7250 	7200 	7235
f 7258 	6805 	7257
f 6805 	7259 	7260
f 7261 	6805 	7260
f 7239 	6807 	7262
f 6806 	7262 	6807
f 6805 	7263 	6806
f 7261 	7263 	6805
f 6232 	7214 	7277
f 7277 	7278 	6232
f 7213 	7214 	6232
f 7266 	7277 	7214
f 6805 	7313 	7267
f 7256 	7257 	6805
f 7267 	7256 	6805
f 7258 	7259 	6805
f 7272 	7273 	7271
f 7270 	7271 	7273
f 7276 	7273 	7275
f 7270 	7273 	7276
f 7281 	6232 	7280
f 7280 	6232 	7278
f 7285 	6232 	7283
f 7281 	7283 	6232
f 6232 	7285 	7286
f 7287 	6232 	7286
f 7289 	6242 	7288
f 7288 	6242 	7290
f 7290 	6242 	7292
f 6241 	7292 	6242
f 6232 	7287 	6241
f 7296 	7297 	7295
f 7297 	7298 	7295
f 7294 	7295 	7298
f 7273 	7300 	7299
f 7298 	7299 	7300
f 7294 	7298 	7300
f 7268 	7267 	7302
f 7303 	7268 	7302
f 7268 	7303 	7265
f 7266 	7306 	7277
f 7306 	7266 	7307
f 7264 	7307 	7266
f 7307 	7264 	7305
f 7265 	7305 	7264
f 7311 	7273 	7309
f 7308 	7309 	7273
f 7299 	7308 	7273
f 7301 	7302 	7267
f 7313 	7301 	7267
f 7313 	6805 	7314
f 7314 	6805 	7315
f 7315 	6805 	7317
f 7319 	7317 	6805
f 7273 	7320 	7321
f 7273 	7321 	7322
f 7273 	7322 	7323
f 7273 	7323 	7324
f 7273 	7324 	7325
f 7273 	7325 	7326
f 7273 	7326 	7274
f 7274 	7275 	7273
f 7331 	7273 	7330
f 7332 	7273 	7331
f 7333 	7273 	7332
f 7320 	7273 	7333
f 7329 	7330 	7273
f 7329 	7273 	7311
f 7336 	7337 	6803
f 7335 	7336 	6803
f 7339 	6803 	7338
f 7338 	6803 	7337
f 6804 	7319 	6805
f 6803 	7339 	7341
f 6803 	7341 	6804
f 6242 	7327 	7357
f 7357 	7359 	6242
f 7289 	7327 	6242
f 7345 	7357 	7327
f 6803 	7347 	7334
f 7334 	7335 	6803
f 6803 	7391 	7347
f 7379 	7380 	7348
f 7353 	7355 	7352
f 7351 	7352 	7355
f 7355 	7356 	7351
f 7350 	7351 	7356
f 7361 	6242 	7360
f 7360 	6242 	7359
f 7363 	6242 	7362
f 7361 	7362 	6242
f 6242 	7363 	7364
f 7403 	7429 	7366
f 7365 	7366 	6250
f 7365 	6250 	7367
f 7367 	6250 	7369
f 6248 	7369 	6250
f 6242 	7364 	6248
f 7372 	7373 	7371
f 7373 	7374 	7371
f 7370 	7371 	7374
f 7353 	7376 	7375
f 7374 	7375 	7376
f 7370 	7374 	7376
f 7348 	7347 	7379
f 7379 	7347 	7378
f 7343 	7348 	7380
f 7345 	7382 	7357
f 7382 	7345 	7383
f 7342 	7383 	7345
f 7383 	7342 	7381
f 7343 	7381 	7342
f 7386 	7353 	7385
f 7387 	7353 	7386
f 7384 	7385 	7353
f 7384 	7353 	7375
f 7389 	6803 	7388
f 7378 	7347 	7391
f 7391 	6803 	7392
f 7392 	6803 	7393
f 7393 	6803 	7394
f 7394 	6803 	7389
f 6802 	7388 	6803
f 7353 	7396 	7397
f 7353 	7397 	7398
f 7353 	7398 	7399
f 7353 	7399 	7400
f 7353 	7400 	7401
f 7353 	7401 	7402
f 7353 	7402 	7354
f 7354 	7355 	7353
f 7405 	7353 	7404
f 7406 	7353 	7405
f 7407 	7353 	7406
f 7396 	7353 	7407
f 7387 	7404 	7353
f 7410 	6801 	7409
f 7411 	6801 	7410
f 7411 	7413 	6801
f 6250 	7366 	7429
f 7429 	7430 	6250
f 7418 	7429 	7403
f 7409 	6801 	7408
f 7419 	7408 	6801
f 6801 	7413 	7412
f 7425 	7427 	7424
f 7423 	7424 	7427
f 7427 	7428 	7423
f 7422 	7423 	7428
f 7432 	6250 	7431
f 7431 	6250 	7430
f 7435 	6250 	7434
f 7432 	7434 	6250
f 6250 	7435 	7436
f 7439 	7440 	7438
f 6254 	7441 	7440
f 7438 	7440 	7441
f 7441 	6254 	7442
f 6252 	7442 	6254
f 6250 	7436 	6252
f 7446 	7447 	7445
f 7447 	7448 	7445
f 7444 	7445 	7448
f 7425 	7450 	7449
f 7448 	7449 	7450
f 7444 	7448 	7450
f 7419 	7451 	7452
f 7453 	7420 	7452
f 7419 	7452 	7420
f 7420 	7453 	7415
f 7418 	7456 	7429
f 7456 	7418 	7457
f 7414 	7457 	7418
f 7457 	7414 	7455
f 7415 	7455 	7414
f 7461 	7425 	7460
f 7462 	7425 	7461
f 7459 	7460 	7425
f 7459 	7425 	7449
f 7465 	6801 	7464
f 7451 	7419 	7467
f 6801 	7467 	7419
f 7467 	6801 	7468
f 7468 	6801 	7469
f 7469 	6801 	7470
f 7470 	6801 	7465
f 6799 	7464 	6801
f 7425 	7471 	7472
f 7425 	7472 	7473
f 7425 	7473 	7474
f 7425 	7474 	7475
f 7425 	7475 	7476
f 7425 	7476 	7477
f 7425 	7477 	7426
f 7426 	7427 	7425
f 7479 	7543 	7478
f 7439 	7478 	7440
f 7481 	7425 	7480
f 7482 	7425 	7481
f 7484 	7425 	7482
f 7471 	7425 	7484
f 7462 	7480 	7425
f 7489 	6798 	7488
f 7491 	6798 	7492
f 7492 	6798 	7490
f 7542 	7544 	7494
f 7440 	7478 	7543
f 7505 	7506 	7440
f 7508 	7509 	6254
f 7440 	7508 	6254
f 7496 	7485 	7538
f 7487 	6798 	7552
f 7553 	7552 	6798
f 7487 	7488 	6798
f 7489 	7490 	6798
f 7501 	7503 	7500
f 7499 	7500 	7503
f 7503 	7504 	7499
f 7498 	7499 	7504
f 7508 	7440 	7507
f 7507 	7440 	7506
f 7510 	6254 	7509
f 6254 	7510 	7521
f 7521 	6259 	6254
f 7523 	7524 	6256
f 7523 	6256 	7525
f 7525 	6256 	7527
f 6259 	7527 	6256
f 7531 	7533 	7530
f 7533 	7534 	7530
f 7529 	7530 	7534
f 7501 	7536 	7535
f 7534 	7535 	7536
f 7529 	7534 	7536
f 7552 	7537 	7485
f 7540 	7496 	7538
f 7541 	7496 	7540
f 7495 	7542 	7494
f 7496 	7541 	7495
f 7505 	7440 	7543
f 7479 	7494 	7543
f 7544 	7543 	7494
f 7548 	7501 	7547
f 7549 	7501 	7548
f 7546 	7547 	7501
f 7546 	7501 	7535
f 7551 	6798 	7550
f 7538 	7485 	7537
f 7485 	7486 	7552
f 7486 	7487 	7552
f 7553 	6798 	7554
f 2541 	6747 	2538
f 308 	303 	2546
f 2546 	2551 	308
f 2645 	2656 	969
f 2554 	2645 	969
f 2955 	2949 	3958
f 2569 	2527 	2575
f 2564 	2527 	2569
f 2562 	2527 	2564
f 2561 	2527 	2562
f 2579 	2575 	2527
f 2521 	2585 	2527
f 2579 	2527 	2585
f 6746 	5535 	2571
f 2577 	6746 	2570
f 2577 	2576 	6746
f 6746 	2583 	2582
f 6746 	2576 	2583
f 2582 	2587 	6746
f 6747 	2592 	2589
f 2532 	6747 	2589
f 2592 	6746 	2587
f 2527 	2561 	2614
f 2527 	2614 	2608
f 2527 	2608 	2604
f 2527 	2604 	2601
f 2527 	2601 	2599
f 2527 	2599 	2596
f 2527 	2596 	2595
f 2595 	2628 	2527
f 2527 	2622 	2553
f 2610 	2609 	5547
f 2609 	2615 	5549
f 5549 	5547 	2609
f 5541 	5549 	2615
f 5541 	2615 	2619
f 2566 	2565 	5535
f 2624 	2527 	2628
f 2623 	2527 	2624
f 2643 	2527 	2623
f 2639 	2527 	2643
f 2622 	2527 	2639
f 2606 	5547 	2632
f 2605 	2610 	5547
f 2654 	2681 	2656
f 2656 	2688 	969
f 2688 	2690 	969
f 2696 	2686 	2678
f 2696 	2678 	2675
f 2696 	2675 	2670
f 2669 	2696 	2670
f 2712 	2703 	3984
f 2696 	3984 	2703
f 2690 	2698 	969
f 2679 	2688 	2656
f 2679 	2656 	2681
f 7554 	6798 	7555
f 971 	969 	2698
f 7555 	6798 	7551
f 6797 	7550 	6798
f 2698 	2700 	971
f 990 	971 	2700
f 7501 	7599 	7600
f 7501 	7600 	7601
f 7501 	7601 	7602
f 7501 	7602 	7603
f 7501 	7603 	7604
f 7501 	7604 	7605
f 7501 	7605 	7502
f 7502 	7503 	7501
f 3958 	3957 	2955
f 7626 	7678 	7607
f 2700 	2706 	990
f 7524 	7606 	6256
f 3957 	4139 	2955
f 2959 	2955 	4164
f 7612 	7501 	7611
f 7613 	7501 	7612
f 7614 	7501 	7613
f 7599 	7501 	7614
f 7549 	7611 	7501
f 4167 	4164 	2955
f 2987 	2985 	4235
f 7617 	7689 	7615
f 7609 	7615 	7689
f 7689 	7649 	7609
f 7618 	6796 	7617
f 3973 	4109 	3974
f 3980 	3974 	4109
f 3984 	3980 	4109
f 4033 	3984 	2669
f 2696 	2669 	3984
f 3984 	4033 	4020
f 4006 	3995 	4020
f 3984 	4020 	3995
f 6796 	7619 	7620
f 7619 	6796 	7618
f 3998 	3997 	5547
f 4009 	2632 	5547
f 3997 	4009 	5547
f 6796 	7622 	6797
f 7622 	6796 	7623
f 7620 	7623 	6796
f 4008 	2636 	4009
f 2606 	2605 	5547
f 7626 	7627 	7675
f 7675 	7678 	7626
f 7634 	7635 	6256
f 7638 	7636 	6256
f 7678 	7676 	7607
f 4023 	2660 	4024
f 4024 	2636 	4008
f 2632 	4009 	2636
f 2660 	2636 	4024
f 7689 	7617 	6796
f 4037 	2664 	4023
f 2660 	4023 	2664
f 7633 	7647 	7632
f 7631 	7632 	7647
f 2681 	2654 	2684
f 4049 	2684 	2651
f 2651 	2684 	2654
f 2650 	4049 	2651
f 7637 	6256 	7636
f 2664 	4037 	2650
f 7638 	6256 	7640
f 7640 	6256 	7635
f 3950 	2712 	3984
f 4106 	3950 	3984
f 4109 	4106 	3984
f 4083 	4123 	3973
f 4077 	4123 	4083
f 4073 	4123 	4077
f 4069 	4123 	4073
f 4067 	4123 	4069
f 4063 	4123 	4067
f 4079 	4087 	5859
f 7644 	7645 	7643
f 7645 	7646 	7643
f 7646 	7647 	7643
f 7642 	7643 	7647
f 7633 	7648 	7647
f 7642 	7647 	7648
f 5852 	5860 	4100
f 4087 	4086 	5859
f 5547 	5546 	3998
f 5546 	5594 	3998
f 4100 	4097 	5852
f 4097 	4094 	5852
f 4111 	4123 	4112
f 4063 	4112 	4123
f 4109 	3973 	4123
f 4080 	5859 	4116
f 4170 	4167 	4135
f 4135 	4167 	4139
f 2995 	2959 	4163
f 4116 	4270 	4121
f 4145 	4280 	4149
f 4130 	4149 	4290
f 4154 	4249 	4157
f 4153 	4249 	4154
f 4191 	4193 	2995
f 4163 	4191 	2995
f 4164 	4163 	2959
f 7608 	7609 	7650
f 7668 	7628 	7650
f 7670 	7628 	7668
f 7608 	7650 	7628
f 4173 	4170 	4135
f 4131 	4296 	4135
f 7628 	7670 	7627
f 7634 	6256 	7676
f 7606 	7607 	7676
f 6256 	7606 	7676
f 7647 	7679 	7681
f 7682 	7647 	7681
f 7680 	7681 	7679
f 7649 	7650 	7609
f 7689 	6796 	7691
f 7691 	6796 	7692
f 7693 	7694 	7695
f 7693 	7695 	7696
f 7692 	6796 	7697
f 376 	6795 	6796
f 7697 	6796 	7688
f 7688 	6796 	7687
f 7701 	7702 	7647
f 7702 	7703 	7647
f 7630 	7647 	7703
f 7630 	7631 	7647
f 6261 	7704 	7705
f 7704 	6261 	7706
f 7706 	6261 	7707
f 6263 	7707 	6261
f 7637 	6263 	6256
f 7647 	7712 	7714
f 7647 	7714 	7715
f 7647 	7715 	7716
f 7647 	7716 	7717
f 7647 	7717 	7719
f 7647 	7719 	7720
f 7647 	7720 	7700
f 7700 	7701 	7647
f 7722 	7776 	7721
f 7731 	7798 	7725
f 7722 	7724 	7774
f 7727 	7647 	7726
f 7728 	7647 	7727
f 7729 	7647 	7728
f 7712 	7647 	7729
f 7682 	7726 	7647
f 7732 	7798 	7731
f 7734 	6794 	7733
f 6794 	7799 	7733
f 7735 	6794 	7734
f 6794 	7736 	6795
f 7736 	6794 	7738
f 7735 	7738 	6794
f 7747 	7769 	7746
f 7745 	7746 	7769
f 7744 	7745 	7769
f 7750 	6261 	7749
f 7752 	6261 	7751
f 7723 	7777 	6261
f 7751 	6261 	7750
f 7752 	7755 	6261
f 6265 	6261 	7754
f 7705 	7723 	6261
f 7754 	6261 	7755
f 7765 	7766 	7764
f 7766 	7767 	7764
f 7767 	7769 	7764
f 7763 	7764 	7769
f 7747 	7770 	7769
f 7763 	7769 	7770
f 7772 	7725 	7771
f 7773 	7724 	7772
f 7774 	7724 	7773
f 7724 	7725 	7772
f 7749 	6261 	7777
f 7777 	7723 	7780
f 7723 	7721 	7780
f 7776 	7780 	7721
f 7791 	7792 	7793
f 7794 	7769 	7793
f 7795 	7769 	7794
f 7791 	7793 	7769
f 7771 	7725 	7798
f 7798 	7732 	7799
f 7732 	7733 	7799
f 7799 	6794 	7800
f 7800 	6794 	7801
f 7796 	7801 	6794
f 7803 	7804 	7769
f 7804 	7748 	7769
f 7748 	7744 	7769
f 6268 	7805 	7806
f 6268 	7806 	7818
f 7830 	7831 	7816
f 7805 	6268 	7807
f 7807 	6268 	7808
f 7753 	7808 	6268
f 7753 	6268 	6265
f 7769 	7809 	7810
f 7769 	7810 	7811
f 7769 	7811 	7812
f 7769 	7812 	7813
f 7769 	7813 	7814
f 7769 	7814 	7815
f 7769 	7815 	7802
f 7802 	7803 	7769
f 7823 	7769 	7822
f 7821 	7822 	7769
f 7809 	7769 	7823
f 7795 	7821 	7769
f 7824 	7874 	7820
f 7825 	7894 	7824
f 7826 	6792 	7825
f 7874 	7876 	7820
f 7797 	376 	7827
f 7827 	6792 	7828
f 7829 	7828 	6792
f 7829 	6792 	7826
f 4177 	4249 	4180
f 4184 	4180 	4249
f 4158 	4249 	4177
f 4199 	4187 	4249
f 4187 	4184 	4249
f 4231 	4230 	3178
f 3178 	3171 	4231
f 7831 	7879 	7818
f 7844 	7845 	6268
f 7818 	7816 	7831
f 7817 	7830 	7816
f 4193 	4201 	2995
f 7874 	7824 	7894
f 7833 	7832 	7820
f 7817 	7819 	7832
f 6792 	7894 	7825
f 3208 	3178 	4758
f 4765 	3178 	4230
f 4760 	4758 	3178
f 7837 	7838 	7836
f 7839 	7840 	7836
f 7835 	7836 	7840
f 7834 	7835 	7840
f 7841 	7842 	6268
f 7844 	6268 	7843
f 7843 	6268 	7842
f 4243 	4720 	4244
f 4247 	4244 	4720
f 4249 	4247 	4720
f 4287 	4249 	4153
f 4158 	4157 	4249
f 4249 	4287 	4277
f 4269 	4258 	4277
f 4249 	4277 	4258
f 7846 	6268 	7845
f 4263 	4261 	5864
f 6268 	7846 	7847
f 4272 	4116 	5859
f 5859 	5864 	4272
f 4261 	4272 	5864
f 6269 	7848 	7849
f 7848 	6269 	7850
f 4270 	4116 	4272
f 7850 	6269 	7851
f 6271 	7851 	6269
f 6268 	7847 	6271
f 4281 	4121 	4270
f 4280 	4145 	4281
f 7858 	7837 	7857
f 7860 	7837 	7858
f 7863 	7837 	7860
f 7856 	7857 	7837
f 7856 	7837 	7865
f 7856 	7865 	7866
f 4145 	4121 	4281
f 7876 	7833 	7820
f 4290 	4149 	4280
f 7819 	7820 	7832
f 4173 	4135 	4296
f 7841 	6268 	7879
f 6268 	7818 	7879
f 4130 	4296 	4131
f 7886 	7837 	7885
f 7887 	7837 	7886
f 7889 	7837 	7887
f 7884 	7885 	7837
f 7884 	7837 	7863
f 7894 	6792 	7899
f 7899 	6792 	7900
f 7900 	6792 	7902
f 6792 	376 	7902
f 7837 	7903 	7904
f 7837 	7904 	7905
f 7837 	7905 	7906
f 7837 	7906 	7907
f 7837 	7907 	7908
f 7837 	7908 	7909
f 7837 	7909 	7838
f 7839 	7836 	7838
f 7913 	7943 	7915
f 7849 	7915 	6269
f 7917 	7918 	7916
f 7917 	7916 	7912
f 7918 	7922 	7921
f 7918 	7921 	7916
f 7925 	7837 	7924
f 7923 	7924 	7837
f 7903 	7837 	7925
f 7889 	7923 	7837
f 7927 	7949 	7920
f 7930 	8007 	7927
f 7931 	6790 	7930
f 7949 	7947 	7920
f 7890 	376 	7934
f 7891 	376 	7890
f 7934 	6790 	7937
f 7939 	7937 	6790
f 7939 	6790 	7931
f 7944 	7988 	7915
f 7966 	7969 	6269
f 7943 	7944 	7915
f 7914 	7943 	7913
f 7949 	7927 	8007
f 7914 	7919 	7947
f 6790 	8007 	7930
f 7919 	7920 	7947
f 7952 	7953 	7954
f 7952 	7954 	7955
f 7952 	7955 	7956
f 7952 	7956 	7957
f 6269 	7988 	7962
f 7963 	6269 	7962
f 7966 	6269 	7965
f 7965 	6269 	7963
f 7970 	6269 	7969
f 6269 	7970 	7973
f 7975 	7976 	6273
f 6273 	7976 	8028
f 7975 	6273 	7977
f 7977 	6273 	7978
f 6277 	7978 	6273
f 7973 	6277 	6269
f 7983 	7959 	7982
f 7984 	7959 	7983
f 7985 	7959 	7984
f 7981 	7982 	7959
f 7981 	7959 	7986
f 7981 	7986 	7987
f 6269 	7915 	7988
f 7911 	7980 	7989
f 7990 	7912 	7989
f 7991 	7917 	7990
f 7917 	7912 	7990
f 7911 	7989 	7912
f 7918 	7917 	7991
f 7918 	7991 	7922
f 7995 	7959 	7994
f 7993 	7994 	7959
f 7992 	7993 	7959
f 7985 	8000 	7959
f 7992 	7959 	8000
f 7991 	7990 	7922
f 7921 	7922 	7990
f 7921 	7990 	7989
f 8013 	8011 	6790
f 8007 	6790 	8011
f 8018 	7959 	8017
f 8019 	7959 	8018
f 8020 	7959 	8019
f 8021 	7959 	8020
f 8023 	7959 	8021
f 7952 	7959 	8023
f 7952 	7957 	7959
f 8016 	8017 	7959
f 8028 	8027 	6273
f 6280 	6273 	8027
f 376 	8032 	8034
f 376 	6280 	8032
f 8037 	7959 	8036
f 8016 	7959 	8037
f 8035 	8036 	7959
f 8035 	7959 	7995
f 8034 	8038 	376
f 376 	8039 	8040
f 8039 	376 	8038
f 8001 	376 	8041
f 8041 	376 	8042
f 8043 	376 	8040
f 8042 	376 	8043
f 8047 	8048 	8046
f 8048 	8049 	8046
f 8045 	8046 	8049
f 239 	8051 	8049
f 8050 	8051 	239
f 8045 	8049 	8051
f 4227 	4199 	4249
f 4716 	4227 	4249
f 4720 	4716 	4249
f 4720 	4243 	4326
f 4720 	4326 	4318
f 4720 	4318 	4315
f 4720 	4315 	4312
f 4720 	4312 	4309
f 4720 	4309 	4305
f 4720 	4305 	4304
f 5977 	5985 	4711
f 4711 	4707 	5977
f 5864 	5866 	4263
f 5866 	5914 	4263
f 5973 	5977 	4699
f 4707 	4699 	5977
f 4721 	4730 	4722
f 4304 	4722 	4730
f 4304 	4730 	4720
f 4319 	5983 	4320
f 4320 	4849 	4324
f 5985 	5983 	4328
f 4769 	4765 	4738
f 4738 	4765 	4230
f 4324 	4849 	4726
f 4752 	5441 	4755
f 4751 	5441 	4752
f 4791 	4799 	3208
f 4758 	4788 	3208
f 4760 	3178 	4765
f 4773 	4769 	4738
f 4778 	4775 	4780
f 4782 	4780 	4775
f 4756 	4797 	4775
f 4804 	4797 	4756
f 4782 	4775 	4797
f 4788 	4791 	3208
f 3205 	3204 	4814
f 3219 	3210 	4799
f 3210 	3208 	4799
f 4661 	3205 	4814
f 4817 	5441 	4819
f 4827 	4819 	5441
f 4831 	4827 	5441
f 4756 	4755 	5441
f 4865 	5441 	4751
f 4865 	4852 	5441
f 4852 	4846 	5441
f 4837 	5441 	4846
f 4831 	5441 	4837
f 4842 	4841 	5983
f 4841 	4849 	5983
f 4329 	4328 	5983
f 4319 	4329 	5983
f 4848 	4726 	4849
f 4328 	4711 	5985
f 4854 	4743 	4855
f 4855 	4743 	4848
f 4743 	4726 	4848
f 4743 	4854 	4746
f 4869 	4746 	4854
f 4773 	4738 	5423
f 4736 	5423 	4738
f 4735 	5423 	4736
f 4746 	4869 	4735
f 5439 	4756 	5425
f 5437 	4756 	5439
f 4804 	4756 	5437
f 5426 	5425 	4756
f 5441 	5435 	4756
f 5435 	5434 	4756
f 5434 	5430 	4756
f 5426 	4756 	5430
f 4817 	5452 	5441
f 5443 	5441 	5452
f 5443 	5452 	5447
f 5449 	6185 	5444
f 5453 	6185 	5454
f 5454 	6185 	5448
f 5449 	5448 	6185
f 5983 	5981 	4842
f 4834 	4842 	5981
f 6185 	5453 	5460
f 5458 	6124 	5460
f 5463 	4661 	5464
f 5466 	4661 	4806
f 5445 	5444 	6185
f 5468 	5445 	6185
f 5468 	6185 	5470
f 5463 	5470 	6185
f 5473 	5475 	5474
f 5478 	6746 	5479
f 5479 	6746 	5481
f 6746 	5487 	5484
f 5481 	6746 	5484
f 5495 	5475 	5497
f 5492 	5475 	5495
f 5490 	5475 	5492
f 5489 	5475 	5490
f 5501 	5497 	5475
f 5506 	5501 	5473
f 5475 	5473 	5501
f 577 	5503 	5502
f 5503 	577 	5498
f 5502 	5507 	577
f 6746 	5513 	5510
f 6746 	5510 	5487
f 5513 	577 	5507
f 5522 	5518 	5526
f 5528 	5526 	5518
f 5519 	5518 	5522
f 5475 	5518 	5519
f 5489 	5567 	5475
f 5518 	5517 	5528
f 5517 	5516 	5528
f 5533 	5528 	5516
f 5545 	5539 	5516
f 5533 	5516 	5539
f 5478 	5531 	6746
f 6746 	5531 	5535
f 5542 	2619 	5535
f 5561 	5475 	5567
f 5557 	5475 	5561
f 5555 	5475 	5557
f 5553 	5475 	5555
f 5518 	5475 	5553
f 5562 	5568 	601
f 597 	598 	5577
f 5568 	5577 	598
f 598 	601 	5568
f 594 	595 	5575
f 5571 	5499 	577
f 5498 	577 	5499
f 5516 	5583 	5580
f 5516 	5580 	5579
f 5516 	5579 	5591
f 5516 	5591 	5589
f 5516 	5589 	5545
f 601 	599 	5562
f 5623 	5621 	3988
f 5621 	5620 	3988
f 5596 	5658 	5597
f 5623 	5602 	5628
f 5620 	5842 	3990
f 5599 	5628 	5602
f 5559 	599 	5585
f 5585 	5645 	5587
f 5606 	5587 	5650
f 5612 	5618 	5613
f 5648 	5618 	5612
f 5614 	5613 	5618
f 5599 	5617 	5616
f 4094 	3990 	5842
f 5616 	5628 	5599
f 5648 	5612 	5653
f 5638 	5636 	5618
f 5636 	5634 	5618
f 5634 	5633 	5618
f 5833 	5618 	5633
f 5882 	5833 	5633
f 5645 	5585 	5646
f 5650 	5587 	5645
f 5558 	599 	5559
f 5608 	5606 	5649
f 5650 	5649 	5606
f 5655 	5608 	5649
f 5599 	5597 	5617
f 5658 	5617 	5597
f 5608 	5655 	5596
f 5644 	5638 	5618
f 5836 	5833 	5831
f 5648 	5644 	5618
f 5839 	5836 	5831
f 5832 	5833 	5868
f 5831 	5833 	5832
f 5844 	5839 	5831
f 5829 	5850 	5831
f 5863 	5856 	5829
f 5850 	5829 	5856
f 5844 	5831 	5850
f 5842 	5846 	4094
f 5846 	5848 	4094
f 5860 	5859 	4086
f 5931 	5930 	4254
f 5933 	5931 	4254
f 4254 	4263 	5914
f 5914 	5933 	4254
f 5877 	5833 	5882
f 5868 	5833 	5870
f 5872 	5833 	5877
f 5870 	5833 	5872
f 5874 	855 	5875
f 818 	819 	5890
f 845 	848 	5892
f 854 	855 	5878
f 600 	754 	5890
f 599 	600 	5890
f 5563 	5562 	599
f 5585 	599 	5646
f 5896 	5905 	5897
f 5829 	5897 	5905
f 5829 	5905 	5863
f 5902 	855 	5949
f 5875 	855 	5902
f 5909 	5959 	5910
f 5935 	5933 	5912
f 5912 	5933 	5914
f 5902 	5948 	5904
f 5921 	5928 	5922
f 5951 	5928 	5921
f 5923 	5922 	5928
f 5912 	5926 	5925
f 5930 	5971 	4699
f 4699 	4255 	5930
f 4255 	4254 	5930
f 5925 	5935 	5912
f 5951 	5921 	5956
f 5951 	5947 	5945
f 5951 	5945 	5943
f 5951 	5943 	5940
f 5951 	5940 	5939
f 5939 	6022 	5951
f 5952 	5916 	5953
f 5953 	5904 	5948
f 5916 	5904 	5953
f 5957 	5918 	5952
f 5916 	5952 	5918
f 5912 	5910 	5926
f 5959 	5926 	5910
f 5918 	5957 	5909
f 5961 	5951 	5964
f 5967 	5964 	5951
f 5928 	5951 	5961
f 5969 	5967 	5951
f 5979 	5975 	5951
f 5969 	5951 	5975
f 5971 	5973 	4699
f 6073 	4834 	5980
f 6071 	6070 	4834
f 4835 	4834 	6070
f 5979 	5951 	5994
f 5996 	5994 	5951
f 5998 	5992 	5951
f 5992 	5991 	5951
f 5991 	5989 	5951
f 5989 	5988 	5951
f 5988 	6041 	5951
f 6022 	6013 	5951
f 5998 	5951 	6001
f 6013 	6003 	5951
f 6001 	5951 	6003
f 240 	8053 	6747
f 8053 	8271 	6747
f 6734 	6747 	8271
f 8276 	6814 	8275
f 6726 	8275 	6814
f 8275 	6726 	8277
f 8277 	6726 	8278
f 6726 	8280 	8278
f 6726 	6734 	8272
f 6726 	8272 	8280
f 237 	207 	239
f 8285 	239 	8284
f 8287 	239 	8285
f 8050 	239 	8287
f 8284 	239 	8283
f 8283 	239 	207
f 207 	258 	321
f 220 	208 	321
f 207 	321 	208
f 6814 	8276 	202
f 6814 	202 	200
f 6814 	200 	213
f 221 	6815 	222
f 222 	6815 	225
f 225 	6815 	212
f 213 	212 	6815
f 236 	207 	237
f 240 	6747 	243
f 248 	243 	6747
f 248 	6747 	253
f 272 	207 	275
f 268 	207 	272
f 259 	207 	268
f 258 	207 	259
f 280 	275 	207
f 295 	207 	236
f 280 	207 	295
f 287 	297 	2558
f 297 	308 	2550
f 2550 	2558 	297
f 2543 	2546 	303
f 2541 	2543 	303
f 321 	319 	314
f 321 	314 	313
f 321 	313 	334
f 321 	334 	329
f 321 	329 	220
f 278 	2555 	324
f 277 	2555 	278
f 356 	6817 	341
f 356 	353 	6817
f 6816 	221 	6817
f 341 	6817 	221
f 6815 	221 	6816
f 324 	967 	326
f 384 	381 	386
f 381 	375 	386
f 400 	386 	375
f 427 	420 	375
f 420 	408 	375
f 400 	375 	408
f 391 	362 	393
f 965 	393 	362
f 402 	367 	391
f 362 	391 	367
f 347 	413 	349
f 367 	402 	347
f 353 	349 	422
f 423 	422 	349
f 413 	423 	349
f 431 	6819 	432
f 6817 	353 	6818
f 432 	6818 	436
f 436 	6818 	439
f 422 	439 	353
f 439 	6818 	353
f 1048 	1049 	6016
f 445 	375 	447
f 449 	447 	375
f 427 	375 	445
f 461 	449 	375
f 444 	1002 	375
f 539 	375 	571
f 477 	375 	539
f 461 	375 	477
f 6016 	6024 	1048
f 456 	6819 	431
f 1043 	1048 	6023
f 6024 	6023 	1048
f 469 	6820 	467
f 6819 	467 	6820
f 467 	6819 	456
f 6819 	6818 	432
f 5948 	5902 	5949
f 5874 	5879 	855
f 6820 	469 	508
f 551 	6823 	553
f 6822 	553 	6823
f 6822 	6821 	553
f 508 	553 	6821
f 6048 	5951 	6040
f 6041 	6040 	5951
f 5996 	5951 	6048
f 2260 	6825 	956
f 956 	6824 	954
f 6823 	551 	6824
f 6005 	6017 	1049
f 6007 	6162 	6009
f 6017 	6016 	1049
f 954 	6824 	551
f 6051 	6099 	6052
f 6075 	6073 	6054
f 375 	963 	960
f 961 	960 	963
f 6054 	6073 	5980
f 362 	326 	965
f 2558 	2555 	287
f 965 	326 	967
f 6009 	6086 	6047
f 288 	287 	2555
f 6062 	6069 	6063
f 6090 	6069 	6062
f 6065 	6063 	6069
f 6054 	6068 	6067
f 977 	375 	979
f 975 	375 	977
f 973 	375 	975
f 444 	375 	973
f 984 	979 	375
f 984 	375 	960
f 6110 	6112 	5456
f 5456 	4835 	6070
f 997 	993 	2715
f 6071 	4834 	6073
f 6067 	6075 	6054
f 2715 	3964 	997
f 6090 	6062 	6096
f 6090 	6085 	6083
f 6090 	6083 	6081
f 6090 	6081 	6079
f 6090 	6079 	6078
f 6078 	6157 	6090
f 993 	990 	2715
f 969 	967 	2555
f 6092 	6047 	6086
f 6092 	6091 	6057
f 6057 	6047 	6092
f 2240 	375 	1001
f 1002 	1001 	375
f 571 	375 	2240
f 981 	3958 	2233
f 3964 	3958 	986
f 986 	997 	3964
f 6059 	6057 	6091
f 6097 	6059 	6091
f 6054 	6052 	6068
f 6099 	6068 	6052
f 2260 	2256 	6825
f 6824 	956 	6825
f 6059 	6097 	6051
f 6102 	6090 	6104
f 6106 	6104 	6090
f 6069 	6090 	6102
f 6108 	6106 	6090
f 6118 	6114 	6090
f 6108 	6090 	6114
f 2233 	2949 	2238
f 6070 	6110 	5456
f 6119 	6185 	6120
f 6120 	6185 	6122
f 6185 	5460 	6122
f 2830 	2283 	2833
f 2283 	2277 	2833
f 2844 	2833 	2277
f 2868 	2862 	2277
f 2862 	2854 	2277
f 2844 	2277 	2854
f 2834 	2265 	2836
f 2947 	2836 	2265
f 2847 	2271 	2834
f 2265 	2834 	2271
f 6138 	6090 	6127
f 6136 	6090 	6138
f 6118 	6090 	6136
f 6128 	6127 	6090
f 6141 	6135 	6090
f 6135 	6134 	6090
f 6134 	6132 	6090
f 6128 	6090 	6132
f 2248 	2856 	2249
f 6157 	6152 	6090
f 6141 	6090 	6143
f 6152 	6147 	6090
f 6143 	6090 	6147
f 2271 	2847 	2248
f 2256 	2249 	2863
f 6149 	727 	6144
f 2864 	2863 	2249
f 2856 	2864 	2249
f 2869 	6827 	2870
f 6825 	2256 	6826
f 6153 	727 	6154
f 6154 	727 	6148
f 2870 	6826 	2872
f 2874 	6826 	2256
f 2872 	6826 	2874
f 2863 	2874 	2256
f 2742 	2744 	6158
f 6086 	6009 	6087
f 6087 	6009 	6162
f 6162 	6007 	1049
f 6007 	6005 	1049
f 2893 	2277 	2896
f 2900 	2896 	2277
f 2868 	2277 	2893
f 2902 	2900 	2277
f 2890 	2888 	2277
f 2888 	3004 	2277
f 2916 	2277 	2925
f 2910 	2277 	2916
f 2902 	2277 	2910
f 6827 	6826 	2870
f 2907 	6828 	2905
f 6827 	2905 	6828
f 6172 	6185 	6173
f 2905 	6827 	2869
f 6173 	6185 	6176
f 6176 	6185 	6119
f 6828 	2907 	2913
f 727 	6179 	6145
f 6145 	6144 	727
f 2919 	6831 	2920
f 6830 	2920 	6831
f 6179 	727 	6181
f 6830 	6829 	2920
f 2913 	2920 	6829
f 6172 	6181 	727
f 2929 	6834 	2930
f 6832 	2934 	6833
f 2930 	6833 	2934
f 6831 	2919 	6832
f 2934 	6832 	2919
f 2277 	2944 	2939
f 2940 	2939 	2944
f 2238 	2949 	2265
f 2947 	2265 	2949
f 987 	986 	3958
f 980 	987 	3958
f 2968 	2277 	2972
f 2965 	2277 	2968
f 2962 	2277 	2965
f 2890 	2277 	2962
f 2979 	2972 	2277
f 2979 	2277 	2939
f 3166 	2975 	4235
f 3000 	2998 	4201
f 2998 	2995 	4201
f 2987 	4235 	2974
f 981 	980 	3958
f 2706 	2708 	990
f 3012 	2277 	3003
f 3004 	3003 	2277
f 2925 	2277 	3012
f 2974 	4235 	2975
f 3017 	3062 	3018
f 2929 	3020 	6834
f 6833 	2930 	6834
f 2977 	3166 	3010
f 2977 	2975 	3166
f 3010 	3166 	3030
f 3045 	3042 	3047
f 3042 	3039 	3047
f 3055 	3047 	3039
f 3071 	3061 	3161
f 3039 	3161 	3061
f 3055 	3039 	3061
f 3049 	3030 	3050
f 3050 	3030 	3164
f 3030 	3049 	3033
f 3057 	3033 	3049
f 3033 	3057 	3017
f 3072 	3089 	3020
f 3074 	3072 	3018
f 3062 	3074 	3018
f 3082 	6836 	3083
f 6834 	3020 	6835
f 3083 	6835 	3086
f 3086 	6835 	3089
f 3020 	3018 	3072
f 3089 	6835 	3020
f 3100 	3094 	3103
f 3079 	3114 	3094
f 3103 	3094 	3105
f 3105 	3094 	3114
f 6835 	3083 	6836
f 3111 	6837 	3109
f 6836 	3109 	6837
f 3109 	6836 	3082
f 3116 	6842 	3117
f 6840 	3120 	6841
f 3117 	6841 	3120
f 6839 	3120 	6840
f 3120 	6839 	3122
f 6838 	3122 	6839
f 3129 	3122 	6838
f 6837 	3111 	3129
f 3151 	3079 	3136
f 3149 	3079 	3151
f 3146 	3079 	3149
f 3114 	3079 	3146
f 3137 	3136 	3079
f 3071 	3157 	3079
f 3181 	3143 	3079
f 3137 	3079 	3143
f 3161 	3158 	3071
f 3157 	3071 	3158
f 3164 	3030 	3166
f 3187 	3079 	3194
f 3185 	3079 	3187
f 3181 	3079 	3185
f 3194 	3079 	3201
f 3201 	3079 	3157
f 3195 	4661 	3196
f 3196 	4661 	3190
f 3204 	3219 	4814
f 4799 	4814 	3219
f 3205 	4661 	3195
f 4139 	4167 	2955
f 2949 	2233 	3958
f 3252 	6843 	3256
f 6842 	3258 	6843
f 6841 	3117 	6842
f 3227 	6842 	3116
f 4661 	3349 	3233
f 4661 	3233 	3191
f 3191 	3190 	4661
f 3239 	3262 	3242
f 3249 	6844 	3250
f 3250 	6844 	6843
f 3250 	6843 	3252
f 3256 	6843 	3258
f 3268 	3265 	3270
f 3265 	3262 	3270
f 3281 	3270 	3262
f 3239 	3287 	3262
f 3281 	3262 	3287
f 3236 	3272 	3283
f 3236 	3283 	3224
f 3258 	6842 	3292
f 3294 	3292 	3227
f 6842 	3227 	3292
f 3225 	3294 	3227
f 3294 	3225 	3288
f 3224 	3288 	3225
f 3247 	3262 	3297
f 3299 	3297 	3262
f 3247 	3242 	3262
f 3300 	3299 	3262
f 3309 	3300 	3262
f 3311 	6845 	3249
f 6844 	3249 	6845
f 6848 	3317 	6849
f 3316 	6849 	3317
f 6847 	3317 	6848
f 3317 	6847 	3320
f 6846 	3320 	6847
f 3322 	3320 	6846
f 6845 	3311 	3322
f 3335 	3262 	3325
f 3326 	3325 	3262
f 3333 	3262 	3335
f 3332 	3262 	3333
f 3314 	3262 	3332
f 3309 	3262 	3314
f 3328 	3326 	3262
f 3262 	3345 	3341
f 3342 	3341 	3345
f 3272 	3233 	3274
f 3274 	3233 	3349
f 3236 	3233 	3272
f 3349 	4661 	3353
f 3353 	4661 	3355
f 3355 	4661 	3357
f 3358 	3357 	4661
f 3370 	3262 	3376
f 3368 	3262 	3370
f 3365 	3262 	3368
f 3328 	3262 	3365
f 3383 	3376 	3262
f 3383 	3262 	3341
f 8450 	8697 	8379
f 8131 	8133 	8447
f 8448 	8447 	8133
f 8451 	8450 	8132
f 8373 	8131 	8570
f 8447 	8570 	8131
f 8380 	8696 	8133
f 8133 	8696 	8448
f 8450 	8379 	8132
f 8135 	8382 	8451
f 8698 	8451 	8382
f 3377 	4673 	3378
f 3374 	3373 	4673
f 3378 	4673 	3373
f 3377 	3385 	4673
f 4673 	3385 	3384
f 3391 	3358 	4661
f 4673 	3384 	3392
f 4673 	3392 	3391
f 3316 	3315 	6850
f 3424 	3422 	6850
f 3316 	6850 	6849
f 3401 	3459 	3315
f 3374 	4673 	3406
f 3411 	3470 	3413
f 3421 	6851 	3422
f 6851 	6850 	3422
f 3424 	6850 	3426
f 3417 	6850 	3459
f 3426 	6850 	3417
f 3436 	3433 	3439
f 3433 	3431 	3439
f 3442 	3439 	3431
f 3411 	3452 	3430
f 3431 	3430 	3452
f 3416 	3413 	3470
f 3442 	3431 	3452
f 3409 	3406 	3444
f 3443 	3409 	3444
f 3444 	3406 	3441
f 3399 	3454 	3400
f 3409 	3443 	3399
f 3459 	6850 	3315
f 3459 	3401 	3462
f 3401 	3400 	3462
f 3454 	3462 	3400
f 3419 	3470 	3471
f 3469 	3467 	3471
f 3507 	3470 	3411
f 3469 	3471 	3470
f 3473 	3471 	3467
f 3474 	3473 	3467
f 3474 	3467 	3466
f 3474 	3466 	3483
f 3480 	3477 	3483
f 3474 	3483 	3477
f 3475 	6852 	3421
f 6851 	3421 	6852
f 6852 	3475 	3478
f 3481 	6855 	3482
f 6854 	3482 	6855
f 6854 	6853 	3482
f 3478 	3482 	6853
f 3484 	6856 	3481
f 6857 	6856 	3485
f 3484 	3485 	6856
f 6855 	3481 	6856
f 3487 	6857 	3486
f 3485 	3486 	6857
f 3489 	3411 	3490
f 3488 	3411 	3489
f 3491 	3490 	3411
f 3491 	3411 	3430
f 3492 	4673 	3493
f 3441 	3406 	3497
f 4673 	3497 	3406
f 3497 	4673 	3499
f 3499 	4673 	3502
f 3502 	4673 	3504
f 3504 	4673 	3492
f 3526 	3493 	4673
f 3511 	3411 	3519
f 3509 	3411 	3511
f 3507 	3411 	3509
f 3419 	3416 	3470
f 3488 	3519 	3411
f 3522 	4685 	3515
f 4685 	3530 	3526
f 3530 	4685 	3532
f 3521 	3532 	4685
f 3535 	3591 	3536
f 3487 	3539 	6859
f 3563 	6859 	3565
f 6858 	3487 	6859
f 6857 	3487 	6858
f 3515 	4685 	3516
f 3631 	3516 	4685
f 4685 	3522 	3521
f 3535 	3546 	3585
f 3552 	3550 	3603
f 3552 	3603 	3555
f 3595 	6859 	3539
f 3561 	6860 	3562
f 3562 	6860 	6859
f 3562 	6859 	3563
f 3565 	6859 	3554
f 3576 	3572 	3578
f 3572 	3569 	3578
f 3583 	3578 	3569
f 3549 	3590 	3568
f 3569 	3568 	3590
f 3603 	3550 	3549
f 3583 	3569 	3590
f 3580 	3586 	3543
f 3585 	3546 	3586
f 3546 	3543 	3586
f 3554 	6859 	3595
f 3596 	3595 	3539
f 3539 	3536 	3596
f 3591 	3596 	3536
f 3598 	3555 	3599
f 3600 	3599 	3555
f 3600 	3555 	3603
f 3601 	6861 	3561
f 6860 	3561 	6861
f 3604 	6865 	3605
f 6864 	3606 	6865
f 3605 	6865 	3606
f 6863 	3606 	6864
f 3606 	6863 	3607
f 6862 	3607 	6863
f 3608 	3607 	6862
f 6861 	3601 	3608
f 3611 	3549 	3612
f 3610 	3549 	3611
f 3616 	3549 	3610
f 3615 	3549 	3616
f 3614 	3549 	3615
f 3603 	3549 	3614
f 3613 	3612 	3549
f 3619 	3657 	3604
f 3624 	3549 	3626
f 3623 	3549 	3624
f 3627 	3626 	3549
f 3627 	3549 	3568
f 3628 	4685 	3629
f 3632 	3631 	4685
f 3516 	3631 	3543
f 3580 	3543 	3631
f 3632 	4685 	3633
f 3633 	4685 	3634
f 3628 	3634 	4685
f 3637 	3549 	3641
f 3636 	3549 	3637
f 3635 	3549 	3636
f 3613 	3549 	3635
f 3623 	3641 	3549
f 3645 	3629 	4685
f 3643 	3642 	4696
f 4696 	3646 	3645
f 3646 	4696 	3648
f 3642 	3648 	4696
f 3643 	4696 	3639
f 3679 	3678 	3650
f 3620 	3678 	3619
f 3638 	3712 	3621
f 3714 	3712 	4696
f 3652 	3685 	3653
f 3660 	6976 	3661
f 6866 	3661 	6976
f 3661 	6866 	3662
f 6865 	3604 	6866
f 3656 	6866 	3657
f 3662 	6866 	3663
f 6866 	3604 	3657
f 3663 	6866 	3656
f 3668 	3666 	3669
f 3666 	3665 	3669
f 3671 	3669 	3665
f 3652 	3675 	3664
f 3665 	3664 	3675
f 3654 	3653 	3685
f 3671 	3665 	3675
f 3673 	3651 	3670
f 3672 	3651 	3673
f 3651 	3621 	3670
f 3651 	3672 	3649
f 3657 	3619 	3678
f 3620 	3650 	3678
f 3679 	3650 	3676
f 3649 	3676 	3650
f 3681 	3658 	3683
f 3680 	3658 	3681
f 3685 	3683 	3658
f 6979 	3688 	6980
f 3686 	6980 	3688
f 6978 	3688 	6979
f 3688 	6978 	3689
f 6977 	3689 	6978
f 3690 	3689 	6977
f 6976 	3660 	3684
f 6976 	3684 	3690
f 3693 	3652 	3694
f 3692 	3652 	3693
f 3698 	3652 	3692
f 3697 	3652 	3698
f 3696 	3652 	3697
f 3685 	3652 	3696
f 3658 	3654 	3685
f 3695 	3694 	3652
f 8135 	8451 	8132
f 3700 	3767 	3699
f 3706 	3652 	3707
f 3705 	3652 	3706
f 3709 	3707 	3652
f 3709 	3652 	3664
f 3710 	4696 	3711
f 3712 	3638 	4696
f 3639 	4696 	3638
f 3670 	3621 	3712
f 3714 	4696 	3715
f 3715 	4696 	3716
f 3710 	3716 	4696
f 3719 	3652 	3724
f 3718 	3652 	3719
f 3717 	3652 	3718
f 3695 	3652 	3717
f 3705 	3724 	3652
f 3720 	3721 	2510
f 3725 	2510 	3727
f 3727 	2510 	3721
f 3729 	3711 	4696
f 2510 	3733 	3729
f 3733 	2510 	3737
f 3725 	3737 	2510
f 3738 	3766 	3740
f 6981 	6980 	3699
f 3686 	3699 	6980
f 3740 	3769 	3700
f 3776 	3760 	3703
f 3703 	3720 	3776
f 2510 	3776 	3720
f 3746 	3745 	3784
f 3746 	3784 	3749
f 3751 	6982 	3752
f 6982 	6981 	3752
f 3752 	6981 	3753
f 3747 	6981 	3748
f 3753 	6981 	3754
f 3699 	3767 	6981
f 3754 	6981 	3747
f 3758 	3757 	3759
f 3757 	3756 	3759
f 3761 	3759 	3756
f 3744 	3765 	3755
f 3756 	3755 	3765
f 3784 	3745 	3744
f 3761 	3756 	3765
f 3742 	3704 	3760
f 3762 	3742 	3763
f 3763 	3742 	3760
f 3742 	3762 	3738
f 3748 	6981 	3767
f 3767 	3700 	3769
f 3766 	3769 	3740
f 3771 	3744 	3772
f 3770 	3744 	3771
f 3773 	3772 	3744
f 3773 	3744 	3755
f 3776 	2510 	3777
f 3704 	3703 	3760
f 3777 	2510 	3779
f 2510 	777 	3779
f 3780 	3779 	777
f 3774 	3780 	777
f 3781 	3749 	3782
f 3784 	3782 	3749
f 3802 	29 	3786
f 30 	32 	3786
f 6985 	3786 	32
f 3786 	6985 	3787
f 6984 	3787 	6985
f 3787 	6984 	3788
f 6983 	3788 	6984
f 3789 	3788 	6983
f 3751 	3789 	6982
f 3744 	3795 	3793
f 3744 	3793 	3791
f 3744 	3791 	3790
f 3744 	3790 	3799
f 3744 	3799 	3798
f 3744 	3798 	3796
f 3744 	3796 	3785
f 3785 	3784 	3744
f 57 	58 	3801
f 58 	60 	3801
f 60 	3802 	3801
f 3803 	52 	3804
f 55 	3804 	52
f 52 	3803 	51
f 55 	56 	3804
f 3808 	3744 	3812
f 3806 	3744 	3808
f 3805 	3744 	3806
f 3795 	3744 	3805
f 3770 	3812 	3744
f 3811 	3813 	74
f 3811 	74 	3810
f 3810 	51 	3803
f 22 	23 	887
f 891 	887 	23
f 3816 	869 	3818
f 869 	891 	3818
f 23 	3818 	891
f 7695 	7694 	12
f 7694 	7693 	12
f 15 	7695 	12
f 13 	12 	7693
# 4482 faces

g group_0_16089887

usemtl color_16089887
s 0

f 99 	3267 	102
f 101 	3257 	100
f 102 	100 	105
f 108 	113 	107
f 112 	113 	109
f 3251 	107 	110
f 109 	118 	112
f 108 	109 	113
f 110 	107 	113
f 117 	130 	144
f 119 	111 	118
f 111 	112 	118
f 121 	142 	119
f 143 	111 	119
f 115 	142 	121
f 116 	117 	145
f 124 	128 	122
f 125 	126 	122
f 128 	124 	127
f 125 	122 	128
f 131 	137 	130
f 133 	141 	131
f 144 	130 	134
f 140 	141 	135
f 134 	130 	137
f 138 	126 	135
f 137 	131 	141
f 133 	135 	141
f 122 	126 	138
f 140 	135 	126
f 143 	119 	142
f 144 	145 	117
f 115 	116 	145
f 145 	146 	115
f 142 	115 	146
f 151 	147 	150
f 149 	150 	147
f 149 	147 	148
f 159 	165 	158
f 162 	171 	159
f 155 	158 	165
f 166 	171 	162
f 165 	159 	146
f 169 	151 	166
f 146 	159 	171
f 147 	151 	169
f 172 	166 	151
f 171 	166 	172
f 178 	995 	177
f 148 	177 	149
f 180 	149 	177
f 179 	995 	178
f 183 	184 	185
f 186 	187 	188
f 186 	188 	189
f 191 	192 	193
f 191 	194 	192
f 199 	200 	202
f 206 	207 	208
f 206 	208 	209
f 212 	213 	214
f 209 	208 	220
f 221 	222 	223
f 222 	225 	226
f 222 	226 	223
f 225 	212 	226
f 214 	226 	212
f 235 	236 	237
f 235 	237 	239
f 240 	243 	246
f 243 	248 	249
f 243 	249 	246
f 248 	253 	254
f 248 	254 	249
f 253 	256 	254
f 257 	258 	259
f 265 	257 	259
f 265 	259 	268
f 270 	265 	268
f 270 	268 	272
f 274 	270 	272
f 274 	272 	275
f 325 	289 	278
f 279 	274 	275
f 279 	275 	280
f 287 	288 	289
f 277 	278 	289
f 288 	277 	289
f 294 	279 	280
f 294 	280 	295
f 289 	299 	287
f 297 	287 	299
f 295 	236 	294
f 235 	294 	236
f 256 	303 	305
f 256 	305 	254
f 303 	308 	311
f 303 	311 	305
f 297 	299 	308
f 311 	308 	299
f 313 	314 	315
f 313 	315 	316
f 315 	314 	319
f 315 	319 	320
f 320 	319 	321
f 278 	324 	325
f 325 	324 	326
f 220 	329 	331
f 220 	331 	209
f 331 	329 	334
f 331 	334 	335
f 341 	221 	357
f 223 	357 	221
f 335 	334 	313
f 335 	313 	316
f 345 	347 	349
f 345 	349 	350
f 349 	353 	354
f 349 	354 	350
f 356 	357 	354
f 356 	354 	353
f 357 	356 	341
f 326 	362 	365
f 326 	365 	325
f 362 	367 	368
f 362 	368 	365
f 367 	347 	345
f 367 	345 	368
f 374 	962 	375
f 379 	374 	375
f 379 	375 	381
f 383 	379 	381
f 383 	381 	384
f 385 	383 	384
f 385 	384 	386
f 391 	393 	966
f 398 	385 	386
f 398 	386 	400
f 966 	403 	391
f 402 	391 	403
f 406 	398 	400
f 406 	400 	408
f 413 	347 	345
f 402 	403 	347
f 345 	347 	403
f 419 	406 	408
f 419 	408 	420
f 422 	423 	424
f 345 	424 	413
f 423 	413 	424
f 419 	420 	427
f 431 	432 	433
f 432 	436 	437
f 432 	437 	433
f 436 	439 	440
f 436 	440 	437
f 424 	440 	422
f 439 	422 	440
f 972 	443 	444
f 427 	445 	446
f 427 	446 	419
f 446 	445 	447
f 446 	447 	448
f 448 	447 	449
f 448 	449 	451
f 433 	468 	431
f 451 	449 	461
f 451 	461 	464
f 467 	468 	469
f 467 	456 	468
f 456 	431 	468
f 464 	461 	477
f 464 	477 	478
f 186 	189 	480
f 482 	483 	484
f 486 	487 	484
f 486 	484 	483
f 490 	491 	487
f 490 	487 	486
f 490 	193 	491
f 192 	491 	193
f 508 	469 	510
f 468 	510 	469
f 478 	477 	539
f 478 	539 	541
f 551 	553 	556
f 510 	556 	553
f 510 	553 	508
f 541 	539 	571
f 505 	638 	639
f 640 	505 	639
f 640 	639 	641
f 642 	640 	641
f 642 	641 	643
f 644 	642 	643
f 644 	643 	645
f 646 	644 	645
f 646 	645 	647
f 648 	646 	647
f 648 	647 	649
f 650 	651 	656
f 652 	648 	649
f 652 	649 	653
f 654 	655 	656
f 655 	650 	656
f 657 	652 	653
f 657 	653 	658
f 659 	660 	661
f 656 	660 	654
f 659 	654 	660
f 657 	658 	662
f 480 	663 	664
f 480 	664 	186
f 664 	663 	665
f 664 	665 	666
f 666 	665 	667
f 666 	667 	668
f 669 	482 	674
f 484 	674 	482
f 668 	667 	670
f 668 	670 	671
f 672 	673 	674
f 674 	673 	669
f 671 	670 	675
f 676 	677 	678
f 677 	679 	680
f 677 	680 	678
f 681 	682 	680
f 681 	680 	679
f 681 	672 	682
f 674 	682 	672
f 683 	684 	685
f 683 	685 	686
f 685 	684 	687
f 685 	687 	688
f 688 	687 	689
f 688 	689 	690
f 693 	690 	689
f 693 	689 	694
f 695 	693 	694
f 695 	694 	696
f 696 	638 	695
f 505 	695 	638
f 699 	700 	701
f 700 	699 	697
f 675 	702 	703
f 675 	703 	671
f 703 	702 	683
f 703 	683 	686
f 705 	706 	707
f 705 	707 	708
f 705 	676 	706
f 678 	706 	676
f 697 	709 	710
f 700 	697 	710
f 709 	712 	713
f 709 	713 	710
f 712 	708 	707
f 712 	707 	713
f 651 	714 	715
f 651 	715 	656
f 714 	717 	718
f 714 	718 	715
f 717 	719 	720
f 717 	720 	718
f 720 	719 	721
f 720 	721 	722
f 721 	723 	724
f 721 	724 	722
f 700 	724 	701
f 723 	701 	724
f 761 	762 	763
f 761 	763 	765
f 761 	765 	766
f 766 	765 	767
f 766 	767 	768
f 769 	770 	771
f 770 	773 	771
f 768 	767 	775
f 776 	777 	778
f 777 	779 	780
f 777 	780 	778
f 782 	783 	780
f 782 	780 	779
f 771 	783 	769
f 782 	769 	783
f 785 	786 	787
f 788 	785 	787
f 788 	787 	789
f 791 	788 	789
f 791 	789 	792
f 793 	791 	792
f 793 	792 	794
f 795 	793 	794
f 795 	794 	797
f 798 	799 	800
f 847 	800 	801
f 799 	801 	800
f 802 	795 	797
f 802 	797 	803
f 820 	822 	824
f 800 	824 	798
f 822 	798 	824
f 803 	762 	802
f 761 	802 	762
f 773 	826 	827
f 773 	827 	771
f 826 	829 	830
f 826 	830 	827
f 830 	829 	820
f 830 	820 	824
f 838 	840 	841
f 842 	838 	841
f 842 	841 	844
f 844 	786 	842
f 785 	842 	786
f 801 	846 	847
f 846 	849 	850
f 846 	850 	847
f 849 	852 	853
f 849 	853 	850
f 852 	856 	853
f 775 	858 	859
f 775 	859 	768
f 859 	858 	862
f 859 	862 	863
f 863 	862 	864
f 863 	864 	865
f 865 	864 	866
f 865 	866 	867
f 869 	776 	871
f 778 	871 	776
f 867 	866 	879
f 880 	882 	884
f 882 	885 	886
f 882 	886 	884
f 885 	887 	888
f 885 	888 	886
f 887 	891 	892
f 887 	892 	888
f 871 	892 	891
f 871 	891 	869
f 894 	896 	897
f 894 	897 	898
f 897 	896 	899
f 897 	899 	900
f 900 	899 	902
f 900 	902 	903
f 903 	902 	904
f 906 	867 	879
f 906 	879 	907
f 908 	906 	907
f 908 	907 	909
f 894 	898 	908
f 894 	908 	909
f 911 	913 	915
f 911 	915 	917
f 911 	880 	913
f 884 	913 	880
f 922 	923 	924
f 923 	925 	926
f 923 	926 	924
f 925 	917 	915
f 925 	915 	926
f 930 	903 	904
f 930 	904 	932
f 933 	930 	932
f 933 	932 	934
f 922 	924 	936
f 944 	936 	924
f 937 	933 	934
f 937 	934 	938
f 940 	942 	944
f 944 	942 	936
f 937 	938 	840
f 937 	840 	838
f 856 	948 	949
f 856 	949 	853
f 949 	948 	952
f 949 	952 	953
f 954 	955 	956
f 954 	551 	955
f 556 	955 	551
f 959 	960 	961
f 962 	959 	961
f 962 	961 	963
f 962 	963 	375
f 393 	965 	966
f 965 	967 	968
f 965 	968 	966
f 967 	969 	970
f 967 	970 	968
f 969 	971 	970
f 444 	973 	972
f 974 	972 	973
f 974 	973 	975
f 976 	974 	975
f 976 	975 	977
f 978 	976 	977
f 978 	977 	979
f 980 	981 	2234
f 983 	978 	979
f 983 	979 	984
f 986 	987 	988
f 2234 	988 	980
f 987 	980 	988
f 984 	960 	983
f 959 	983 	960
f 971 	990 	991
f 971 	991 	970
f 992 	999 	179
f 180 	177 	995
f 990 	993 	994
f 990 	994 	991
f 996 	1005 	992
f 995 	179 	999
f 994 	993 	997
f 994 	997 	998
f 988 	998 	986
f 997 	986 	998
f 999 	992 	1005
f 1000 	1088 	996
f 1001 	1002 	1003
f 1001 	1003 	1004
f 173 	1088 	1000
f 174 	175 	1091
f 1090 	1091 	175
f 1008 	1016 	1007
f 1011 	1019 	1008
f 155 	1018 	1011
f 165 	1018 	155
f 1019 	1011 	1018
f 1020 	1008 	1019
f 1016 	1008 	1020
f 1025 	1084 	1023
f 175 	1023 	1090
f 1027 	1083 	1025
f 1090 	1023 	1028
f 1029 	1083 	1027
f 952 	1037 	1038
f 952 	1038 	953
f 944 	1038 	940
f 1037 	940 	1038
f 1042 	1044 	1045
f 1042 	1045 	1046
f 1042 	1046 	1047
f 1047 	1046 	1050
f 1047 	1050 	1051
f 1052 	1053 	1054
f 1053 	1057 	1054
f 1051 	1050 	1059
f 1051 	1059 	1060
f 1208 	1063 	1062
f 1061 	1062 	1063
f 1054 	1062 	1052
f 1061 	1052 	1062
f 1060 	1059 	1071
f 1073 	1075 	1076
f 1077 	1078 	1076
f 1077 	1076 	1075
f 1028 	1023 	1084
f 1084 	1025 	1083
f 1007 	1016 	1029
f 1085 	1029 	1016
f 1083 	1029 	1085
f 1005 	996 	1089
f 1089 	996 	1088
f 173 	174 	1091
f 1091 	1092 	173
f 1088 	173 	1092
f 1095 	1097 	1093
f 1099 	1093 	1098
f 1097 	1098 	1093
f 1097 	1095 	1121
f 1109 	1114 	1101
f 1111 	1119 	1109
f 1100 	1101 	1114
f 1115 	1119 	1111
f 1114 	1109 	1092
f 1117 	1099 	1115
f 1092 	1109 	1119
f 1093 	1099 	1117
f 1120 	1115 	1099
f 1119 	1115 	1120
f 1123 	1129 	1121
f 1125 	1097 	1121
f 1128 	1129 	1124
f 1124 	1135 	1128
f 1123 	1124 	1129
f 1125 	1121 	1129
f 1136 	1127 	1135
f 1127 	1128 	1135
f 1137 	1162 	1136
f 1127 	1136 	1138
f 1130 	1162 	1137
f 1131 	1160 	1130
f 1131 	1132 	1160
f 1142 	1144 	1140
f 1143 	1148 	1142
f 1100 	1147 	1143
f 1114 	1147 	1100
f 1148 	1143 	1147
f 1149 	1142 	1148
f 1144 	1142 	1149
f 1151 	1158 	1150
f 1152 	1160 	1132
f 1155 	1152 	1150
f 1153 	1157 	1151
f 1132 	1150 	1152
f 1155 	1150 	1158
f 1156 	1157 	1153
f 1158 	1151 	1157
f 1140 	1144 	1156
f 1159 	1156 	1144
f 1157 	1156 	1159
f 1162 	1130 	1161
f 1138 	1136 	1162
f 1160 	1161 	1130
f 1165 	1166 	1163
f 1168 	1163 	1167
f 1166 	1167 	1163
f 1166 	1165 	1179
f 1171 	1174 	1170
f 1173 	1177 	1171
f 1169 	1170 	1174
f 1175 	1177 	1173
f 1174 	1171 	1161
f 1176 	1168 	1175
f 1161 	1171 	1177
f 1163 	1168 	1176
f 1178 	1175 	1168
f 1177 	1175 	1178
f 1180 	1185 	1179
f 1184 	1185 	1181
f 1179 	1182 	1166
f 1183 	1184 	1189
f 1189 	1190 	1183
f 1181 	1189 	1184
f 1180 	1181 	1185
f 1182 	1179 	1185
f 1191 	1526 	1190
f 1192 	1183 	1190
f 1186 	1526 	1191
f 1187 	1524 	1186
f 1187 	1188 	1524
f 1194 	1197 	1193
f 1196 	1199 	1194
f 1169 	1198 	1196
f 1174 	1198 	1169
f 1199 	1196 	1198
f 1200 	1194 	1199
f 1197 	1194 	1200
f 1203 	1518 	1201
f 1207 	1208 	1078
f 1207 	1078 	1077
f 1208 	1207 	1063
f 1210 	1211 	1212
f 1214 	1210 	1212
f 1214 	1212 	1215
f 1217 	1214 	1215
f 1217 	1215 	1218
f 1219 	1217 	1218
f 1219 	1218 	1220
f 1221 	1219 	1220
f 1221 	1220 	1222
f 1223 	1224 	1225
f 1244 	1225 	1227
f 1224 	1227 	1225
f 1228 	1221 	1222
f 1228 	1222 	1229
f 1230 	1231 	1232
f 1225 	1232 	1223
f 1231 	1223 	1232
f 1229 	1044 	1228
f 1042 	1228 	1044
f 1057 	1233 	1234
f 1057 	1234 	1054
f 1233 	917 	915
f 1233 	915 	1234
f 915 	917 	1230
f 915 	1230 	1232
f 1235 	1236 	1237
f 1238 	1235 	1237
f 1238 	1237 	1239
f 1240 	1238 	1239
f 1240 	1239 	1241
f 1241 	1211 	1240
f 1210 	1240 	1211
f 1227 	1243 	1244
f 1243 	1245 	1246
f 1243 	1246 	1244
f 1245 	1248 	1249
f 1245 	1249 	1246
f 1248 	1250 	1251
f 1248 	1251 	1249
f 1251 	1250 	1252
f 1071 	1254 	1255
f 1071 	1255 	1060
f 1255 	1254 	1256
f 1255 	1256 	1257
f 1257 	1256 	1258
f 1257 	1258 	1259
f 1262 	1073 	1076
f 1259 	1258 	1263
f 1265 	1266 	1267
f 1266 	1268 	1269
f 1266 	1269 	1267
f 1268 	1270 	1271
f 1268 	1271 	1269
f 1270 	1272 	1273
f 1270 	1273 	1271
f 1272 	1262 	1273
f 1076 	1273 	1262
f 1275 	1276 	1277
f 1275 	1277 	1278
f 1277 	1276 	1279
f 1277 	1279 	1280
f 1280 	1279 	1281
f 1280 	1281 	1282
f 1282 	1281 	1283
f 1284 	1259 	1263
f 1284 	1263 	1285
f 1287 	1284 	1285
f 1287 	1285 	1288
f 1275 	1278 	1287
f 1275 	1287 	1288
f 1290 	1291 	1292
f 1290 	1292 	1293
f 1290 	1265 	1291
f 1267 	1291 	1265
f 1295 	1296 	1297
f 1296 	1299 	1300
f 1296 	1300 	1297
f 1299 	1293 	1292
f 1299 	1292 	1300
f 1301 	1282 	1283
f 1301 	1283 	1302
f 1304 	1301 	1302
f 1304 	1302 	1305
f 1297 	1312 	1306
f 1297 	1306 	1295
f 1305 	1236 	1304
f 1235 	1304 	1236
f 1252 	1307 	1308
f 1252 	1308 	1251
f 1307 	1309 	1310
f 1307 	1310 	1308
f 1309 	1311 	1312
f 1309 	1312 	1310
f 1312 	1311 	1306
f 1314 	1315 	1316
f 1315 	1293 	1292
f 1315 	1292 	1316
f 1292 	1293 	1317
f 1292 	1317 	1318
f 1317 	1319 	1318
f 1320 	1321 	1322
f 1323 	1320 	1322
f 1323 	1322 	1324
f 1325 	1323 	1324
f 1325 	1324 	1327
f 1328 	1329 	1330
f 1329 	1331 	1330
f 1332 	1325 	1327
f 1332 	1327 	1333
f 1344 	1336 	1335
f 1334 	1335 	1336
f 1330 	1335 	1328
f 1334 	1328 	1335
f 1332 	1333 	1337
f 1338 	1339 	1340
f 1341 	1342 	1340
f 1341 	1340 	1339
f 1343 	1344 	1342
f 1343 	1342 	1341
f 1344 	1343 	1336
f 1337 	1345 	1346
f 1337 	1346 	1332
f 1346 	1345 	1348
f 1346 	1348 	1349
f 1349 	1348 	1350
f 1349 	1350 	1351
f 1340 	1363 	1352
f 1340 	1352 	1338
f 1351 	1350 	1353
f 1354 	1355 	1356
f 1355 	1357 	1358
f 1355 	1358 	1356
f 1357 	1359 	1360
f 1357 	1360 	1358
f 1359 	1362 	1363
f 1359 	1363 	1360
f 1363 	1362 	1352
f 1364 	1365 	1366
f 1367 	1364 	1366
f 1367 	1366 	1368
f 1369 	1367 	1368
f 1369 	1368 	1371
f 1372 	1369 	1371
f 1372 	1371 	1373
f 1374 	1372 	1373
f 1374 	1373 	1375
f 1376 	1377 	1378
f 1397 	1378 	1380
f 1377 	1380 	1378
f 1382 	1374 	1375
f 1382 	1375 	1383
f 1319 	1376 	1318
f 1378 	1318 	1376
f 1383 	1321 	1382
f 1320 	1382 	1321
f 1331 	1314 	1330
f 1316 	1330 	1314
f 1385 	1386 	1387
f 1389 	1385 	1387
f 1389 	1387 	1390
f 1391 	1389 	1390
f 1391 	1390 	1392
f 1393 	1394 	1403
f 1392 	1365 	1391
f 1364 	1391 	1365
f 1380 	1396 	1397
f 1396 	1398 	1399
f 1396 	1399 	1397
f 1398 	1400 	1401
f 1398 	1401 	1399
f 1400 	1402 	1403
f 1400 	1403 	1401
f 1403 	1402 	1393
f 1404 	1405 	1406
f 1404 	1406 	1407
f 1406 	1405 	1408
f 1406 	1408 	1409
f 1409 	1408 	1410
f 1409 	1410 	1411
f 1411 	1410 	1427
f 1412 	1351 	1353
f 1412 	1353 	1413
f 1414 	1412 	1413
f 1414 	1413 	1415
f 1404 	1407 	1414
f 1404 	1414 	1415
f 1416 	1417 	1418
f 1416 	1418 	1419
f 1416 	1354 	1417
f 1356 	1417 	1354
f 1421 	1422 	1423
f 1422 	1424 	1425
f 1422 	1425 	1423
f 1424 	1419 	1418
f 1424 	1418 	1425
f 1426 	1411 	1427
f 1428 	1426 	1427
f 1428 	1427 	1429
f 1423 	1436 	1430
f 1423 	1430 	1421
f 1429 	1386 	1428
f 1385 	1428 	1386
f 1394 	1431 	1432
f 1394 	1432 	1403
f 1431 	1433 	1434
f 1431 	1434 	1432
f 1433 	1435 	1436
f 1433 	1436 	1434
f 1436 	1435 	1430
f 1438 	1439 	1440
f 1439 	1419 	1418
f 1439 	1418 	1440
f 1418 	1419 	1444
f 1418 	1444 	1445
f 1444 	1446 	1445
f 1447 	1449 	1450
f 1451 	1447 	1450
f 1451 	1450 	1452
f 1453 	1451 	1452
f 1453 	1452 	1454
f 1455 	1456 	1457
f 1456 	1459 	1457
f 1460 	1453 	1454
f 1460 	1454 	1461
f 1462 	1463 	1464
f 1457 	1463 	1455
f 1462 	1455 	1463
f 1460 	1461 	1466
f 1467 	1468 	1469
f 1470 	1471 	1469
f 1470 	1469 	1468
f 1472 	1473 	1471
f 1472 	1471 	1470
f 1472 	1464 	1473
f 1463 	1473 	1464
f 1466 	1474 	1475
f 1466 	1475 	1460
f 1475 	1474 	1477
f 1475 	1477 	1478
f 1478 	1477 	1479
f 1478 	1479 	1480
f 1481 	1467 	1493
f 1469 	1493 	1467
f 1480 	1479 	1483
f 1484 	1485 	1486
f 1485 	1487 	1488
f 1485 	1488 	1486
f 1487 	1490 	1491
f 1487 	1491 	1488
f 1490 	1492 	1493
f 1490 	1493 	1491
f 1493 	1492 	1481
f 1495 	1496 	1497
f 1498 	1495 	1497
f 1498 	1497 	1499
f 1500 	1498 	1499
f 1500 	1499 	1501
f 1502 	1500 	1501
f 1502 	1501 	1504
f 1505 	1502 	1504
f 1505 	1504 	1506
f 1445 	1446 	1508
f 1507 	1508 	1446
f 1507 	1509 	1508
f 1511 	1505 	1506
f 1511 	1506 	1512
f 1206 	1524 	1188
f 1514 	1206 	1201
f 1513 	1517 	1203
f 1512 	1449 	1511
f 1447 	1511 	1449
f 1188 	1201 	1206
f 1514 	1201 	1518
f 1516 	1517 	1515
f 1459 	1438 	1457
f 1440 	1457 	1438
f 1519 	1520 	1521
f 1518 	1203 	1517
f 1513 	1515 	1517
f 1193 	1197 	1515
f 1516 	1515 	1197
f 1522 	1519 	1521
f 1522 	1521 	1523
f 1526 	1186 	1525
f 1192 	1190 	1526
f 1524 	1525 	1186
f 1527 	1522 	1523
f 1527 	1523 	1528
f 1530 	1531 	1546
f 1532 	1533 	1529
f 1528 	1496 	1527
f 1495 	1527 	1496
f 1509 	1536 	1537
f 1509 	1537 	1508
f 1535 	1529 	1534
f 1533 	1534 	1529
f 1533 	1532 	1577
f 1578 	1591 	1577
f 1536 	1538 	1539
f 1536 	1539 	1537
f 1538 	1541 	1542
f 1538 	1542 	1539
f 1545 	1551 	1543
f 1541 	1544 	1546
f 1541 	1546 	1542
f 1546 	1544 	1530
f 1547 	1559 	1545
f 1540 	1543 	1551
f 1548 	1549 	1550
f 1548 	1550 	1552
f 1553 	1559 	1547
f 1550 	1549 	1554
f 1550 	1554 	1555
f 1551 	1545 	1525
f 1556 	1535 	1553
f 1555 	1554 	1557
f 1555 	1557 	1558
f 1525 	1545 	1559
f 1529 	1535 	1556
f 1560 	1553 	1535
f 1559 	1553 	1560
f 1558 	1557 	1561
f 1563 	1480 	1483
f 1563 	1483 	1565
f 1564 	1569 	1562
f 1566 	1563 	1565
f 1566 	1565 	1568
f 1567 	1575 	1564
f 1548 	1552 	1566
f 1548 	1566 	1568
f 1570 	1571 	1572
f 1570 	1572 	1574
f 1540 	1573 	1567
f 1551 	1573 	1540
f 1575 	1567 	1573
f 1576 	1564 	1575
f 1569 	1564 	1576
f 1570 	1484 	1571
f 1486 	1571 	1484
f 1579 	1580 	1581
f 1580 	1584 	1585
f 1580 	1585 	1581
f 1584 	1574 	1572
f 1584 	1572 	1585
f 1587 	1558 	1561
f 1587 	1561 	1589
f 1533 	1577 	1586
f 1590 	1591 	1582
f 1582 	1598 	1590
f 1578 	1582 	1591
f 1586 	1577 	1591
f 1592 	1587 	1589
f 1592 	1589 	1595
f 1596 	1607 	1594
f 1581 	1606 	1597
f 1581 	1597 	1579
f 1614 	1620 	1596
f 1595 	1520 	1592
f 1519 	1592 	1520
f 1531 	1599 	1600
f 1531 	1600 	1546
f 1610 	1588 	1601
f 1599 	1602 	1603
f 1599 	1603 	1600
f 1608 	1609 	1593
f 1602 	1605 	1606
f 1602 	1606 	1603
f 1606 	1605 	1597
f 1611 	1612 	1613
f 1609 	1610 	1601
f 1598 	1601 	1588
f 1590 	1598 	1588
f 1601 	1604 	1609
f 1604 	1593 	1609
f 1607 	1608 	1593
f 1593 	1594 	1607
f 1611 	1613 	1615
f 1611 	1615 	1616
f 1618 	1632 	1614
f 1617 	1619 	1627
f 1616 	1615 	1621
f 1616 	1621 	1622
f 1607 	1596 	1620
f 1623 	1629 	1631
f 1624 	1626 	1627
f 1620 	1614 	1628
f 1626 	1617 	1627
f 1622 	1621 	1633
f 1632 	1618 	1631
f 1628 	1614 	1632
f 1623 	1631 	1618
f 1562 	1569 	1629
f 1630 	1631 	1629
f 1630 	1629 	1569
f 1634 	1635 	1636
f 1635 	1638 	1639
f 1635 	1639 	1636
f 1640 	1646 	1637
f 1674 	1666 	1643
f 1641 	1642 	1639
f 1641 	1639 	1638
f 1643 	1670 	1647
f 1645 	1646 	1644
f 1627 	1642 	1624
f 1641 	1624 	1642
f 1648 	1649 	1650
f 1647 	1637 	1646
f 1640 	1644 	1646
f 1651 	1648 	1650
f 1651 	1650 	1653
f 1654 	1651 	1653
f 1654 	1653 	1656
f 1658 	1664 	1655
f 1659 	1654 	1656
f 1659 	1656 	1660
f 1661 	1673 	1658
f 1655 	1664 	1652
f 1662 	1663 	1672
f 1666 	1673 	1661
f 1665 	1659 	1660
f 1665 	1660 	1667
f 1664 	1658 	1608
f 1670 	1643 	1666
f 1669 	1671 	1672
f 1608 	1658 	1673
f 1637 	1647 	1670
f 1673 	1666 	1674
f 1677 	1686 	1676
f 1679 	1686 	1677
f 1681 	1690 	1679
f 1676 	1686 	1682
f 1652 	1688 	1681
f 1664 	1688 	1652
f 1689 	1681 	1688
f 1690 	1681 	1689
f 1686 	1679 	1690
f 1695 	1697 	1691
f 1691 	1697 	1644
f 1645 	1644 	1697
f 1698 	1699 	1695
f 1697 	1695 	1699
f 1721 	1726 	1703
f 1706 	1698 	1705
f 1695 	1705 	1698
f 1711 	1717 	1706
f 1698 	1706 	1718
f 1711 	1700 	1717
f 1718 	1706 	1717
f 1716 	1717 	1700
f 1715 	1716 	1700
f 1715 	1700 	1701
f 1701 	1703 	1715
f 1724 	1729 	1721
f 1726 	1715 	1703
f 1727 	1730 	1724
f 1726 	1721 	1729
f 1728 	1729 	1724
f 1682 	1730 	1676
f 1727 	1676 	1730
f 1728 	1724 	1730
f 1732 	1742 	1716
f 1716 	1742 	1731
f 1734 	1738 	1733
f 1737 	1738 	1736
f 1739 	1733 	1738
f 1735 	1746 	1739
f 1734 	1736 	1738
f 1737 	1736 	1751
f 1741 	1732 	1740
f 1742 	1732 	1741
f 1743 	1731 	1742
f 1747 	1744 	1735
f 1733 	1739 	1746
f 1746 	1735 	1744
f 1747 	1731 	1744
f 1743 	1744 	1731
f 1749 	1751 	1748
f 1736 	1748 	1751
f 1759 	1752 	1749
f 1759 	1760 	1752
f 1752 	1753 	1749
f 1751 	1749 	1753
f 1787 	1783 	1780
f 1761 	1765 	1760
f 1766 	1752 	1760
f 1761 	1754 	1765
f 1766 	1760 	1765
f 1763 	1765 	1754
f 1762 	1763 	1754
f 1762 	1754 	1756
f 1762 	1758 	1783
f 1756 	1758 	1762
f 1769 	1775 	1768
f 1770 	1775 	1769
f 1773 	1778 	1770
f 1772 	1768 	1775
f 1740 	1776 	1773
f 1732 	1776 	1740
f 1777 	1773 	1776
f 1778 	1773 	1777
f 1775 	1770 	1778
f 1781 	1787 	1780
f 1758 	1780 	1783
f 1784 	1788 	1781
f 1785 	1787 	1781
f 1772 	1788 	1768
f 1784 	1768 	1788
f 1785 	1781 	1788
f 1790 	1800 	1763
f 1763 	1800 	1789
f 1792 	1796 	1791
f 1804 	1802 	1793
f 1793 	1803 	1797
f 1795 	1796 	1794
f 1797 	1791 	1796
f 1792 	1794 	1796
f 1799 	1790 	1798
f 1800 	1790 	1799
f 1801 	1789 	1800
f 1803 	1793 	1802
f 1791 	1797 	1803
f 1804 	1789 	1802
f 1801 	1802 	1789
f 1806 	1807 	1805
f 1805 	1807 	1794
f 1795 	1794 	1807
f 1809 	1806 	1808
f 1807 	1806 	1809
f 1834 	1836 	1812
f 1820 	1808 	1815
f 1813 	1808 	1806
f 1816 	1819 	1815
f 1813 	1815 	1808
f 1816 	1810 	1819
f 1820 	1815 	1819
f 1818 	1819 	1810
f 1817 	1818 	1810
f 1817 	1810 	1811
f 1811 	1812 	1817
f 1822 	1828 	1821
f 1824 	1828 	1822
f 1827 	1832 	1824
f 1826 	1821 	1828
f 1798 	1829 	1827
f 1790 	1829 	1798
f 1829 	1831 	1827
f 1832 	1827 	1831
f 1828 	1824 	1832
f 1835 	1839 	1834
f 1836 	1817 	1812
f 1837 	1840 	1835
f 1836 	1834 	1839
f 1838 	1839 	1835
f 1826 	1840 	1821
f 1837 	1821 	1840
f 1838 	1835 	1840
f 1843 	1844 	1842
f 1844 	1845 	1842
f 1843 	1847 	1844
f 1850 	1853 	1847
f 1846 	1844 	1847
f 1851 	1853 	1850
f 1852 	1857 	1851
f 1846 	1847 	1853
f 1853 	1851 	1855
f 1854 	1857 	1852
f 1856 	1858 	1854
f 1855 	1851 	1857
f 1857 	1854 	1858
f 1860 	1866 	1859
f 1863 	1869 	1860
f 1862 	1937 	1864
f 1868 	1869 	1865
f 1864 	1859 	1866
f 1867 	1870 	1865
f 1866 	1860 	1869
f 1863 	1865 	1869
f 1845 	1870 	1842
f 1867 	1842 	1870
f 1868 	1865 	1870
f 1873 	1934 	1871
f 1932 	1936 	1873
f 1933 	1936 	1932
f 1934 	1873 	1936
f 1935 	1944 	1933
f 1671 	1662 	1672
f 1862 	1944 	1937
f 1938 	1665 	1667
f 1938 	1667 	1939
f 1940 	1942 	1943
f 1936 	1933 	1941
f 1859 	1864 	1937
f 1935 	1937 	1944
f 1941 	1933 	1944
f 1672 	1943 	1669
f 1942 	1669 	1943
f 1939 	1612 	1938
f 1611 	1938 	1612
f 1619 	1948 	1949
f 1619 	1949 	1627
f 1948 	1950 	1951
f 1948 	1951 	1949
f 1962 	1963 	1947
f 1947 	1871 	1962
f 1952 	1962 	1871
f 1934 	1952 	1871
f 1951 	1950 	1940
f 1951 	1940 	1943
f 1954 	1969 	1856
f 1953 	1955 	1956
f 1957 	1953 	1956
f 1957 	1956 	1958
f 1959 	1965 	1954
f 1858 	1856 	1969
f 1958 	1649 	1957
f 1648 	1957 	1649
f 1663 	1960 	1961
f 1663 	1961 	1672
f 1960 	1966 	1968
f 1960 	1968 	1961
f 1959 	1945 	1965
f 1964 	1965 	1945
f 1967 	1954 	1965
f 1969 	1954 	1967
f 1963 	1964 	1945
f 1945 	1946 	1963
f 1946 	1947 	1963
f 1966 	1970 	1971
f 1966 	1971 	1968
f 1970 	1973 	1971
f 1974 	1983 	1972
f 1975 	1622 	1633
f 1975 	1633 	1976
f 1977 	1975 	1976
f 1977 	1976 	1978
f 1979 	1983 	1974
f 1980 	1977 	1978
f 1980 	1978 	1981
f 1985 	1980 	1981
f 1985 	1981 	1986
f 1983 	1984 	1972
f 1983 	1979 	1987
f 1988 	1634 	1989
f 1636 	1989 	1634
f 1991 	1998 	1990
f 1990 	1998 	1979
f 1985 	1986 	1992
f 1993 	2008 	1991
f 1987 	1979 	1998
f 1994 	1995 	1996
f 1995 	1999 	2000
f 1995 	2000 	1996
f 2001 	2008 	1993
f 1999 	2002 	2003
f 1999 	2003 	2000
f 1998 	1991 	2004
f 2005 	2014 	2001
f 2002 	2006 	2007
f 2002 	2007 	2003
f 2004 	1991 	2008
f 2009 	2093 	2005
f 1989 	2007 	2006
f 1989 	2006 	1988
f 2010 	2011 	2012
f 2010 	2012 	2013
f 2008 	2001 	2014
f 2012 	2011 	2015
f 2012 	2015 	2016
f 2016 	2015 	2018
f 2016 	2018 	2019
f 2020 	2032 	2017
f 2019 	2018 	2021
f 2023 	2024 	2043
f 2025 	2035 	2020
f 1992 	2026 	2027
f 1992 	2027 	1985
f 2028 	2017 	2032
f 2029 	2041 	2025
f 2027 	2026 	2030
f 2027 	2030 	2031
f 1964 	2041 	2033
f 2031 	2030 	2010
f 2031 	2010 	2013
f 2032 	2020 	2035
f 2039 	2044 	2033
f 2036 	2037 	2038
f 2036 	2038 	2040
f 2036 	1994 	2037
f 1996 	2037 	1994
f 2024 	2042 	2043
f 2035 	2025 	2041
f 2029 	2033 	2041
f 1984 	2044 	1972
f 2039 	1972 	2044
f 1964 	2033 	2044
f 2042 	2045 	2046
f 2042 	2046 	2043
f 2045 	2040 	2038
f 2045 	2038 	2046
f 2049 	2019 	2021
f 2049 	2021 	2050
f 2051 	2062 	2048
f 2052 	2049 	2050
f 2052 	2050 	2053
f 2054 	2065 	2051
f 2055 	2023 	2061
f 2043 	2061 	2023
f 2056 	2052 	2053
f 2056 	2053 	2058
f 2057 	2065 	2054
f 2059 	2060 	2061
f 2062 	2051 	2065
f 2063 	2069 	2057
f 2061 	2060 	2055
f 2056 	2058 	1955
f 2056 	1955 	1953
f 1973 	2067 	2068
f 1973 	2068 	1971
f 2064 	2065 	2057
f 2028 	2069 	2017
f 2063 	2017 	2069
f 2064 	2057 	2069
f 2068 	2067 	2070
f 2068 	2070 	2071
f 2070 	2074 	2075
f 2070 	2075 	2071
f 2061 	2075 	2059
f 2074 	2059 	2075
f 2073 	2047 	2089
f 2088 	2089 	2047
f 2047 	2048 	2088
f 2077 	2088 	2048
f 2062 	2077 	2048
f 2078 	2079 	2080
f 2081 	2091 	2009
f 2078 	2080 	2082
f 2078 	2082 	2083
f 2084 	2085 	2096
f 2083 	2082 	2086
f 2083 	2086 	2087
f 2094 	2095 	2096
f 2081 	2072 	2091
f 2090 	2091 	2072
f 2092 	2009 	2091
f 2093 	2009 	2092
f 2014 	2005 	2093
f 2089 	2090 	2072
f 2072 	2073 	2089
f 2095 	2084 	2096
f 2087 	2086 	2098
f 2087 	2098 	2099
f 2100 	2106 	2097
f 2101 	2102 	2103
f 2104 	2106 	2100
f 2096 	2102 	2094
f 2101 	2094 	2102
f 2099 	2098 	2105
f 2108 	2109 	2110
f 2106 	2107 	2097
f 2106 	2104 	2111
f 2112 	2113 	2110
f 2112 	2110 	2109
f 2116 	2117 	2113
f 2116 	2113 	2112
f 2129 	2123 	2118
f 2116 	2103 	2117
f 2102 	2117 	2103
f 2119 	2133 	2118
f 2120 	2121 	2122
f 2124 	2120 	2122
f 2124 	2122 	2125
f 2111 	2104 	2123
f 2104 	2114 	2123
f 2114 	2118 	2123
f 2126 	2133 	2119
f 2127 	2124 	2125
f 2127 	2125 	2128
f 2130 	2141 	2126
f 2129 	2118 	2133
f 2131 	2127 	2128
f 2131 	2128 	2132
f 2136 	2140 	2130
f 2133 	2126 	2141
f 2134 	2135 	2144
f 2138 	2131 	2132
f 2138 	2132 	2139
f 2142 	2143 	2144
f 2141 	2130 	2140
f 2143 	2134 	2144
f 2146 	2138 	2139
f 2146 	2139 	2147
f 2148 	2637 	2145
f 2149 	2150 	2151
f 2152 	2641 	2148
f 2144 	2151 	2142
f 2150 	2142 	2151
f 2147 	2079 	2146
f 2078 	2146 	2079
f 2085 	2153 	2154
f 2085 	2154 	2096
f 2153 	2040 	2038
f 2153 	2038 	2154
f 2038 	2040 	2149
f 2038 	2149 	2151
f 2155 	2156 	2157
f 2159 	2155 	2157
f 2159 	2157 	2160
f 2161 	2159 	2160
f 2161 	2160 	2162
f 2162 	2121 	2161
f 2120 	2161 	2121
f 2135 	2164 	2165
f 2135 	2165 	2144
f 2164 	2166 	2167
f 2164 	2167 	2165
f 2166 	2168 	2169
f 2166 	2169 	2167
f 2168 	2170 	2171
f 2168 	2171 	2169
f 2171 	2170 	2172
f 2173 	2099 	2105
f 2173 	2105 	2174
f 2175 	2173 	2174
f 2175 	2174 	2176
f 2177 	2175 	2176
f 2177 	2176 	2178
f 2179 	2108 	2110
f 2177 	2178 	2181
f 2182 	2183 	2184
f 2183 	2185 	2186
f 2183 	2186 	2184
f 2185 	2187 	2188
f 2185 	2188 	2186
f 2187 	2190 	2191
f 2187 	2191 	2188
f 2190 	2179 	2191
f 2110 	2191 	2179
f 2192 	2193 	2194
f 2192 	2194 	2195
f 2194 	2193 	2196
f 2194 	2196 	2197
f 2197 	2196 	2199
f 2197 	2199 	2200
f 2200 	2199 	2201
f 2202 	2204 	2216
f 2181 	2205 	2206
f 2181 	2206 	2177
f 2206 	2205 	2207
f 2206 	2207 	2209
f 2209 	2207 	2192
f 2209 	2192 	2195
f 2210 	2211 	2212
f 2210 	2212 	2213
f 2210 	2182 	2211
f 2184 	2211 	2182
f 2204 	2215 	2216
f 2215 	2217 	2219
f 2215 	2219 	2216
f 2217 	2213 	2212
f 2217 	2212 	2219
f 2220 	2200 	2201
f 2220 	2201 	2222
f 2223 	2220 	2222
f 2223 	2222 	2224
f 2225 	2202 	2232
f 2216 	2232 	2202
f 2224 	2156 	2223
f 2155 	2223 	2156
f 2172 	2226 	2227
f 2172 	2227 	2171
f 2226 	2228 	2229
f 2226 	2229 	2227
f 1003 	1002 	444
f 1003 	444 	443
f 2228 	2230 	2232
f 2228 	2232 	2229
f 2232 	2230 	2225
f 981 	2233 	2234
f 2235 	2236 	2237
f 2234 	2233 	2238
f 2236 	2213 	2212
f 2236 	2212 	2237
f 2212 	2213 	2239
f 2212 	2239 	2241
f 571 	2240 	2242
f 571 	2242 	541
f 2239 	2243 	2241
f 2242 	2240 	1001
f 2242 	1001 	1004
f 2244 	2245 	2246
f 2247 	2248 	2249
f 2247 	2249 	2251
f 2244 	2246 	2250
f 2244 	2250 	2252
f 2254 	2255 	2264
f 2256 	2257 	2251
f 2256 	2251 	2249
f 2258 	2252 	2250
f 2258 	2250 	2259
f 2260 	2261 	2257
f 2260 	2257 	2256
f 2262 	2263 	2264
f 2260 	956 	2261
f 955 	2261 	956
f 2263 	2254 	2264
f 2238 	2265 	2267
f 2238 	2267 	2234
f 2266 	2258 	2259
f 2266 	2259 	2268
f 2269 	2270 	2272
f 2265 	2271 	2273
f 2265 	2273 	2267
f 2264 	2270 	2262
f 2269 	2262 	2270
f 2271 	2248 	2247
f 2271 	2247 	2273
f 2266 	2268 	2274
f 2276 	2278 	2279
f 2280 	2275 	2277
f 2280 	2277 	2283
f 2281 	2282 	2279
f 2281 	2279 	2278
f 2284 	2285 	2282
f 2284 	2282 	2281
f 2284 	2272 	2285
f 2270 	2285 	2272
f 2287 	2288 	2289
f 2290 	2287 	2289
f 2290 	2289 	2291
f 2292 	2290 	2291
f 2292 	2291 	2293
f 2294 	2292 	2293
f 2294 	2293 	2295
f 2296 	2297 	2302
f 2298 	2294 	2295
f 2298 	2295 	2299
f 2300 	2301 	2302
f 2301 	2296 	2302
f 2304 	2298 	2299
f 2304 	2299 	2305
f 2243 	2300 	2241
f 2302 	2241 	2300
f 2305 	2245 	2304
f 2244 	2304 	2245
f 2264 	2255 	2237
f 2235 	2237 	2255
f 2274 	2306 	2307
f 2274 	2307 	2266
f 2307 	2306 	2309
f 2307 	2309 	2310
f 2310 	2309 	2312
f 2310 	2312 	2313
f 2314 	2276 	2279
f 2313 	2312 	2316
f 2317 	2318 	2319
f 2318 	2320 	2321
f 2318 	2321 	2319
f 2320 	2322 	2324
f 2320 	2324 	2321
f 2322 	2326 	2327
f 2322 	2327 	2324
f 2326 	2314 	2327
f 2279 	2327 	2314
f 2328 	2329 	2330
f 2328 	2330 	2331
f 2330 	2329 	2332
f 2330 	2332 	2333
f 2333 	2332 	2334
f 2333 	2334 	2335
f 2335 	2334 	2336
f 2337 	2338 	2349
f 2316 	2339 	2340
f 2316 	2340 	2313
f 2340 	2339 	2342
f 2340 	2342 	2343
f 2343 	2342 	2328
f 2343 	2328 	2331
f 2344 	2345 	2346
f 2344 	2346 	2347
f 2344 	2317 	2345
f 2319 	2345 	2317
f 2338 	2348 	2349
f 2348 	2350 	2351
f 2348 	2351 	2349
f 2350 	2347 	2346
f 2350 	2346 	2351
f 2353 	2335 	2336
f 2353 	2336 	2354
f 2355 	2353 	2354
f 2355 	2354 	2356
f 2357 	2337 	2362
f 2349 	2362 	2337
f 2358 	2355 	2356
f 2358 	2356 	2359
f 2360 	2361 	2362
f 2362 	2361 	2357
f 2358 	2359 	2364
f 2358 	2364 	2365
f 2366 	2367 	2368
f 2362 	2368 	2360
f 2367 	2360 	2368
f 2365 	2364 	2369
f 2365 	2369 	2370
f 2371 	2372 	2381
f 2368 	2372 	2366
f 2371 	2366 	2372
f 2370 	2369 	2288
f 2370 	2288 	2287
f 2297 	2374 	2375
f 2297 	2375 	2302
f 2374 	2376 	2377
f 2374 	2377 	2375
f 2376 	2378 	2379
f 2376 	2379 	2377
f 2378 	2380 	2381
f 2378 	2381 	2379
f 2371 	2381 	2380
f 2382 	2383 	2384
f 2383 	2347 	2346
f 2383 	2346 	2384
f 2346 	2347 	2386
f 2346 	2386 	2388
f 2386 	2389 	2388
f 2390 	2391 	2392
f 2390 	2392 	2393
f 2390 	2393 	2394
f 2384 	2401 	2382
f 2395 	2382 	2401
f 2397 	2394 	2393
f 2397 	2393 	2398
f 2399 	2400 	2401
f 2400 	2395 	2401
f 2403 	2397 	2398
f 2403 	2398 	2404
f 2405 	2406 	2407
f 2401 	2406 	2399
f 2405 	2399 	2406
f 2403 	2404 	2408
f 2409 	2410 	2411
f 2413 	2414 	2411
f 2413 	2411 	2410
f 2415 	2416 	2414
f 2415 	2414 	2413
f 2415 	2407 	2416
f 2406 	2416 	2407
f 2417 	2418 	2419
f 2420 	2417 	2419
f 2420 	2419 	2421
f 2422 	2420 	2421
f 2422 	2421 	2423
f 2424 	2422 	2423
f 2424 	2423 	2425
f 2426 	2427 	2431
f 2428 	2424 	2425
f 2428 	2425 	2429
f 2388 	2389 	2431
f 2430 	2431 	2389
f 2430 	2426 	2431
f 2432 	2428 	2429
f 2432 	2429 	2433
f 2433 	2391 	2432
f 2390 	2432 	2391
f 2408 	2434 	2435
f 2408 	2435 	2403
f 2435 	2434 	2436
f 2435 	2436 	2437
f 2437 	2436 	2438
f 2437 	2438 	2439
f 2440 	2409 	2452
f 2411 	2452 	2409
f 2439 	2438 	2441
f 2443 	2444 	2445
f 2444 	2446 	2447
f 2444 	2447 	2445
f 2446 	2449 	2450
f 2446 	2450 	2447
f 2449 	2451 	2452
f 2449 	2452 	2450
f 2452 	2451 	2440
f 2453 	2454 	2455
f 2453 	2455 	2456
f 2455 	2454 	2457
f 2455 	2457 	2459
f 2459 	2457 	2460
f 2459 	2460 	2461
f 2461 	2460 	2462
f 2463 	2464 	2476
f 2441 	2465 	2466
f 2441 	2466 	2439
f 2466 	2465 	2468
f 2466 	2468 	2469
f 2469 	2468 	2453
f 2469 	2453 	2456
f 2470 	2471 	2472
f 2470 	2472 	2473
f 2470 	2443 	2471
f 2445 	2471 	2443
f 2464 	2475 	2476
f 2475 	2478 	2479
f 2475 	2479 	2476
f 2478 	2473 	2472
f 2478 	2472 	2479
f 2480 	2461 	2462
f 2480 	2462 	2481
f 2482 	2480 	2481
f 2482 	2481 	2483
f 2487 	2463 	2488
f 2476 	2488 	2463
f 2484 	2482 	2483
f 2484 	2483 	2485
f 2486 	2487 	2488
f 2484 	2485 	2490
f 2484 	2490 	2491
f 2492 	2493 	2494
f 2488 	2494 	2486
f 2493 	2486 	2494
f 2491 	2490 	2495
f 2491 	2495 	2496
f 2497 	2498 	2507
f 2494 	2498 	2492
f 2497 	2492 	2498
f 2496 	2495 	2418
f 2496 	2418 	2417
f 2427 	2499 	2500
f 2427 	2500 	2431
f 2499 	2501 	2502
f 2499 	2502 	2500
f 2501 	2504 	2505
f 2501 	2505 	2502
f 2504 	2506 	2507
f 2504 	2507 	2505
f 2497 	2507 	2506
f 2520 	2521 	2522
f 2523 	2520 	2522
f 2523 	2522 	2524
f 2526 	2523 	2524
f 2526 	2524 	2527
f 2529 	2530 	2531
f 2530 	2532 	2531
f 2533 	2526 	2527
f 2533 	2527 	2534
f 2542 	2538 	2537
f 2536 	2537 	2538
f 2531 	2537 	2529
f 2536 	2529 	2537
f 2533 	2534 	2539
f 2533 	2539 	2540
f 2541 	2542 	2543
f 2542 	2541 	2538
f 2540 	2539 	2544
f 2540 	2544 	2545
f 2546 	2547 	2552
f 2546 	2543 	2547
f 2542 	2547 	2543
f 2545 	2544 	2548
f 2545 	2548 	2549
f 2550 	2551 	2552
f 2552 	2551 	2546
f 2549 	2548 	2553
f 2554 	2555 	2556
f 2555 	2558 	2559
f 2555 	2559 	2556
f 2558 	2550 	2559
f 2552 	2559 	2550
f 2560 	2561 	2562
f 2563 	2560 	2562
f 2563 	2562 	2564
f 2565 	2566 	2572
f 2568 	2563 	2564
f 2568 	2564 	2569
f 2570 	2571 	2572
f 2571 	2565 	2572
f 2574 	2568 	2569
f 2574 	2569 	2575
f 2576 	2577 	2578
f 2572 	2578 	2570
f 2577 	2570 	2578
f 2574 	2575 	2579
f 2574 	2579 	2580
f 2582 	2583 	2584
f 2578 	2584 	2576
f 2583 	2576 	2584
f 2580 	2579 	2585
f 2580 	2585 	2586
f 2584 	2588 	2582
f 2587 	2582 	2588
f 2586 	2585 	2521
f 2586 	2521 	2520
f 2532 	2589 	2590
f 2532 	2590 	2531
f 2589 	2592 	2593
f 2589 	2593 	2590
f 2587 	2588 	2592
f 2593 	2592 	2588
f 2594 	2595 	2596
f 2598 	2594 	2596
f 2598 	2596 	2599
f 2600 	2598 	2599
f 2600 	2599 	2601
f 2602 	2600 	2601
f 2602 	2601 	2604
f 2605 	2606 	2611
f 2607 	2602 	2604
f 2607 	2604 	2608
f 2609 	2610 	2611
f 2610 	2605 	2611
f 2613 	2607 	2608
f 2613 	2608 	2614
f 2611 	2616 	2609
f 2615 	2609 	2616
f 2614 	2561 	2613
f 2560 	2613 	2561
f 2566 	2617 	2618
f 2566 	2618 	2572
f 2617 	2619 	2620
f 2617 	2620 	2618
f 2615 	2616 	2619
f 2620 	2619 	2616
f 2640 	2549 	2553
f 2640 	2553 	2622
f 2623 	2624 	2625
f 2623 	2625 	2626
f 2625 	2624 	2628
f 2625 	2628 	2629
f 2629 	2628 	2595
f 2629 	2595 	2594
f 2606 	2632 	2634
f 2606 	2634 	2611
f 2633 	2145 	2637
f 2635 	2646 	2152
f 2634 	2632 	2636
f 2090 	2646 	2638
f 2622 	2639 	2640
f 2637 	2148 	2641
f 2642 	2647 	2638
f 2640 	2639 	2643
f 2640 	2643 	2644
f 2645 	2554 	2658
f 2556 	2658 	2554
f 2641 	2152 	2646
f 2635 	2638 	2646
f 2107 	2647 	2097
f 2642 	2097 	2647
f 2090 	2638 	2647
f 2644 	2643 	2623
f 2644 	2623 	2626
f 2649 	2650 	2651
f 2649 	2651 	2652
f 2666 	2663 	2653
f 2663 	2691 	2653
f 2651 	2654 	2655
f 2651 	2655 	2652
f 2657 	2666 	2653
f 2656 	2658 	2655
f 2656 	2655 	2654
f 2659 	2672 	2657
f 2658 	2656 	2645
f 2636 	2660 	2661
f 2636 	2661 	2634
f 2662 	2672 	2659
f 2660 	2664 	2665
f 2660 	2665 	2661
f 2664 	2650 	2649
f 2664 	2649 	2665
f 2667 	2676 	2662
f 2668 	2669 	2670
f 2674 	2668 	2670
f 2674 	2670 	2675
f 2666 	2657 	2672
f 2671 	2672 	2662
f 2633 	2676 	2145
f 2667 	2145 	2676
f 2671 	2662 	2676
f 2677 	2674 	2675
f 2677 	2675 	2678
f 2687 	2694 	2136
f 2679 	2681 	2683
f 2681 	2684 	2683
f 2691 	2692 	2648
f 2648 	2653 	2691
f 2685 	2677 	2678
f 2685 	2678 	2686
f 2699 	2690 	2689
f 2688 	2689 	2690
f 2683 	2689 	2679
f 2688 	2679 	2689
f 2685 	2686 	2696
f 2685 	2696 	2697
f 2694 	2680 	2693
f 2692 	2693 	2680
f 2140 	2136 	2695
f 2695 	2136 	2694
f 2680 	2694 	2687
f 2680 	2682 	2692
f 2682 	2648 	2692
f 2698 	2699 	2700
f 2699 	2698 	2690
f 2702 	2709 	2701
f 2697 	2696 	2703
f 2697 	2703 	2704
f 2705 	2709 	2702
f 2706 	2707 	2708
f 2706 	2700 	2707
f 2699 	2707 	2700
f 2709 	2710 	2701
f 2709 	2705 	2711
f 2704 	2703 	2712
f 2704 	2712 	2713
f 2721 	2719 	2717
f 2714 	2719 	2705
f 2715 	2708 	2716
f 2707 	2716 	2708
f 2718 	2723 	2717
f 2711 	2705 	2719
f 2714 	2717 	2719
f 2720 	2723 	2718
f 2722 	2727 	2720
f 2721 	2717 	2723
f 2724 	2726 	2722
f 2723 	2720 	2727
f 2727 	2722 	2726
f 2729 	3404 	2728
f 2730 	3407 	2729
f 2731 	2728 	3404
f 2732 	3410 	2730
f 2829 	2280 	2283
f 2829 	2283 	2830
f 2832 	2829 	2830
f 2832 	2830 	2833
f 2834 	2836 	2948
f 2843 	2832 	2833
f 2843 	2833 	2844
f 2948 	2850 	2834
f 2847 	2834 	2850
f 2853 	2843 	2844
f 2853 	2844 	2854
f 2856 	2248 	2247
f 2847 	2850 	2248
f 2247 	2248 	2850
f 2861 	2853 	2854
f 2861 	2854 	2862
f 2863 	2864 	2865
f 2247 	2865 	2856
f 2864 	2856 	2865
f 2861 	2862 	2868
f 2869 	2870 	2871
f 2870 	2872 	2873
f 2870 	2873 	2871
f 2872 	2874 	2875
f 2872 	2875 	2873
f 2865 	2875 	2863
f 2874 	2863 	2875
f 2886 	2888 	2890
f 2868 	2893 	2894
f 2868 	2894 	2861
f 2894 	2893 	2896
f 2894 	2896 	2898
f 2898 	2896 	2900
f 2898 	2900 	2901
f 2901 	2900 	2902
f 2901 	2902 	2903
f 2905 	2906 	2907
f 2905 	2869 	2906
f 2871 	2906 	2869
f 2903 	2902 	2910
f 2903 	2910 	2911
f 2913 	2907 	2914
f 2906 	2914 	2907
f 2911 	2910 	2916
f 2911 	2916 	2917
f 2919 	2920 	2921
f 2914 	2921 	2920
f 2914 	2920 	2913
f 2917 	2916 	2925
f 2917 	2925 	3013
f 2929 	2930 	2931
f 2934 	2935 	2931
f 2934 	2931 	2930
f 2934 	2919 	2935
f 2921 	2935 	2919
f 2938 	2939 	2940
f 2943 	2938 	2940
f 2943 	2940 	2944
f 2944 	2277 	2943
f 2275 	2943 	2277
f 2836 	2947 	2948
f 2947 	2949 	2950
f 2947 	2950 	2948
f 2949 	2955 	2957
f 2949 	2957 	2950
f 2955 	2959 	2957
f 2890 	2962 	2886
f 2961 	2886 	2962
f 2963 	2961 	2962
f 2963 	2962 	2965
f 2967 	2963 	2965
f 2967 	2965 	2968
f 2971 	2967 	2968
f 2971 	2968 	2972
f 2974 	2975 	2976
f 2975 	2977 	2976
f 2977 	3010 	2976
f 2978 	2971 	2972
f 2978 	2972 	2979
f 2985 	2987 	2989
f 2976 	2989 	2974
f 2987 	2974 	2989
f 2979 	2939 	2978
f 2938 	2978 	2939
f 2959 	2995 	2996
f 2959 	2996 	2957
f 2995 	2998 	2999
f 2995 	2999 	2996
f 2999 	2998 	3000
f 2999 	3000 	3001
f 2989 	3001 	2985
f 3000 	2985 	3001
f 3003 	3004 	3005
f 3003 	3005 	3006
f 3005 	3004 	2888
f 3005 	2888 	2886
f 3031 	2976 	3010
f 2925 	3012 	3013
f 3013 	3012 	3003
f 3013 	3003 	3006
f 3016 	3017 	3018
f 3016 	3018 	3019
f 3020 	3021 	3019
f 3020 	3019 	3018
f 3020 	2929 	3021
f 2931 	3021 	2929
f 3010 	3030 	3031
f 3030 	3033 	3034
f 3030 	3034 	3031
f 3033 	3017 	3016
f 3033 	3016 	3034
f 3041 	3038 	3039
f 3041 	3039 	3042
f 3044 	3041 	3042
f 3044 	3042 	3045
f 3046 	3044 	3045
f 3046 	3045 	3047
f 3049 	3050 	3165
f 3054 	3046 	3047
f 3054 	3047 	3055
f 3165 	3058 	3049
f 3057 	3049 	3058
f 3060 	3054 	3055
f 3060 	3055 	3061
f 3062 	3017 	3016
f 3057 	3058 	3017
f 3016 	3017 	3058
f 3068 	3060 	3061
f 3068 	3061 	3071
f 3072 	3074 	3076
f 3016 	3076 	3062
f 3074 	3062 	3076
f 3068 	3071 	3079
f 3082 	3083 	3084
f 3083 	3086 	3087
f 3083 	3087 	3084
f 3086 	3089 	3091
f 3086 	3091 	3087
f 3076 	3091 	3072
f 3089 	3072 	3091
f 3079 	3094 	3096
f 3079 	3096 	3068
f 3096 	3094 	3100
f 3096 	3100 	3101
f 3101 	3100 	3103
f 3101 	3103 	3104
f 3104 	3103 	3105
f 3104 	3105 	3106
f 3109 	3110 	3111
f 3109 	3082 	3110
f 3084 	3110 	3082
f 3106 	3105 	3114
f 3116 	3117 	3119
f 3117 	3120 	3121
f 3117 	3121 	3119
f 3120 	3122 	3123
f 3120 	3123 	3121
f 3122 	3129 	3131
f 3122 	3131 	3123
f 3129 	3111 	3131
f 3110 	3131 	3111
f 3136 	3137 	3138
f 3136 	3138 	3139
f 3142 	3138 	3137
f 3142 	3137 	3143
f 3142 	3143 	3181
f 3114 	3146 	3147
f 3114 	3147 	3106
f 3147 	3146 	3149
f 3147 	3149 	3150
f 3150 	3149 	3151
f 3150 	3151 	3152
f 3152 	3151 	3136
f 3152 	3136 	3139
f 3156 	3157 	3158
f 3160 	3156 	3158
f 3160 	3158 	3161
f 3161 	3039 	3160
f 3038 	3160 	3039
f 3050 	3164 	3165
f 3164 	3166 	3167
f 3164 	3167 	3165
f 3166 	3171 	3173
f 3166 	3173 	3167
f 3171 	3178 	3173
f 3180 	3142 	3181
f 3184 	3180 	3181
f 3184 	3181 	3185
f 3186 	3184 	3185
f 3186 	3185 	3187
f 3197 	3190 	3191
f 3193 	3186 	3187
f 3193 	3187 	3194
f 3195 	3196 	3197
f 3197 	3196 	3190
f 3200 	3193 	3194
f 3200 	3194 	3201
f 3204 	3205 	3206
f 3197 	3206 	3195
f 3205 	3195 	3206
f 3201 	3157 	3200
f 3156 	3200 	3157
f 3178 	3208 	3209
f 3178 	3209 	3173
f 3208 	3210 	3211
f 3208 	3211 	3209
f 3211 	3210 	3219
f 3211 	3219 	3220
f 3206 	3220 	3204
f 3219 	3204 	3220
f 99 	3224 	3225
f 99 	3225 	3226
f 3227 	3228 	3226
f 3227 	3226 	3225
f 3227 	3116 	3228
f 3119 	3228 	3116
f 3191 	3233 	3234
f 3191 	3234 	3197
f 3233 	3236 	3237
f 3233 	3237 	3234
f 3236 	3224 	99
f 3236 	99 	3237
f 3239 	3242 	3244
f 3239 	3244 	101
f 3244 	3242 	3247
f 3244 	3247 	106
f 3249 	3250 	3251
f 3250 	3252 	3253
f 3250 	3253 	3251
f 3256 	3257 	3253
f 3256 	3253 	3252
f 105 	3257 	3258
f 3256 	3258 	3257
f 3261 	124 	3262
f 3264 	3261 	3262
f 3264 	3262 	3265
f 3267 	3264 	3265
f 3267 	3265 	3268
f 3269 	3267 	3268
f 3269 	3268 	3270
f 3274 	127 	3272
f 100 	3269 	3270
f 100 	3270 	3281
f 3283 	3284 	99
f 3283 	3272 	3284
f 101 	100 	3281
f 101 	3281 	3287
f 3288 	3224 	99
f 3288 	99 	102
f 99 	3224 	3283
f 101 	3287 	3239
f 3258 	3292 	105
f 3292 	3294 	102
f 3292 	102 	105
f 3294 	3288 	102
f 3247 	3297 	106
f 106 	3297 	3299
f 106 	3299 	107
f 107 	3299 	3300
f 107 	3300 	108
f 108 	3300 	3309
f 108 	3309 	109
f 3311 	3249 	3251
f 109 	3309 	3314
f 3315 	3316 	111
f 3316 	3317 	112
f 3316 	112 	111
f 3317 	3320 	113
f 3317 	113 	112
f 3320 	3322 	110
f 3320 	110 	113
f 3322 	3311 	110
f 3251 	110 	3311
f 3325 	3326 	116
f 3325 	116 	115
f 116 	3326 	3328
f 116 	3328 	117
f 117 	3328 	130
f 3314 	3332 	118
f 3314 	118 	109
f 118 	3332 	3333
f 118 	3333 	119
f 119 	3333 	3335
f 119 	3335 	121
f 121 	3335 	3325
f 121 	3325 	115
f 122 	3341 	3342
f 124 	122 	3342
f 124 	3342 	3345
f 124 	3345 	3262
f 3274 	3349 	127
f 3284 	3272 	127
f 3349 	3353 	128
f 3349 	128 	127
f 3353 	3355 	125
f 3353 	125 	128
f 3355 	3357 	126
f 3355 	126 	125
f 3357 	3358 	126
f 130 	3328 	3365
f 131 	130 	3365
f 131 	3365 	3368
f 133 	131 	3368
f 133 	3368 	3370
f 144 	134 	3374
f 135 	133 	3370
f 135 	3370 	3376
f 3377 	3378 	134
f 3378 	3373 	134
f 3373 	3374 	134
f 138 	135 	3376
f 138 	3376 	3383
f 3384 	3385 	137
f 134 	137 	3377
f 3385 	3377 	137
f 3383 	3341 	138
f 122 	138 	3341
f 3358 	3391 	140
f 3358 	140 	126
f 140 	3391 	3392
f 140 	3392 	141
f 137 	141 	3384
f 3392 	3384 	141
f 146 	3399 	3400
f 146 	3400 	142
f 3401 	143 	142
f 3401 	142 	3400
f 3401 	3315 	143
f 111 	143 	3315
f 3405 	3410 	2732
f 3374 	3406 	144
f 3404 	2729 	3407
f 3410 	3407 	2730
f 3408 	3412 	3405
f 3406 	3409 	145
f 3406 	145 	144
f 3409 	3399 	146
f 3409 	146 	145
f 3410 	3405 	2693
f 2710 	3412 	2701
f 3408 	2701 	3412
f 2693 	3405 	3412
f 3411 	3413 	147
f 147 	3413 	3416
f 147 	3416 	148
f 148 	3416 	3419
f 148 	3419 	177
f 3427 	3446 	3420
f 3421 	3422 	149
f 3423 	3429 	3420
f 3422 	3424 	150
f 3422 	150 	149
f 3425 	3435 	3423
f 3426 	151 	150
f 3426 	150 	3424
f 3428 	3435 	3425
f 3426 	3417 	151
f 155 	3430 	3431
f 3427 	3420 	3429
f 3432 	3437 	3428
f 158 	155 	3431
f 158 	3431 	3433
f 159 	158 	3433
f 159 	3433 	3436
f 3429 	3423 	3435
f 3434 	3435 	3428
f 2728 	3437 	3432
f 2731 	3437 	2728
f 3434 	3428 	3437
f 162 	159 	3436
f 162 	3436 	3439
f 3414 	3449 	3440
f 3440 	3449 	2724
f 166 	162 	3439
f 166 	3439 	3442
f 3443 	3444 	165
f 3444 	3441 	165
f 3449 	3414 	3448
f 3448 	3414 	3447
f 3450 	2724 	3449
f 3415 	3418 	3447
f 2726 	2724 	3450
f 3415 	3447 	3414
f 3446 	3447 	3418
f 3418 	3420 	3446
f 169 	166 	3442
f 169 	3442 	3452
f 3453 	3457 	3451
f 3454 	3399 	146
f 3455 	3457 	3453
f 146 	3399 	3443
f 146 	3443 	165
f 3452 	3411 	169
f 147 	169 	3411
f 151 	3417 	172
f 3459 	172 	3417
f 3457 	3458 	3451
f 3457 	3455 	3461
f 3459 	3462 	171
f 3459 	171 	172
f 146 	171 	3454
f 3462 	3454 	171
f 3465 	3460 	3463
f 3463 	3460 	3455
f 3466 	3467 	174
f 3466 	174 	173
f 3468 	3496 	3465
f 174 	3467 	3469
f 174 	3469 	175
f 175 	3469 	3470
f 3419 	3471 	177
f 177 	3471 	3473
f 177 	3473 	178
f 178 	3473 	3474
f 178 	3474 	179
f 3475 	3421 	180
f 149 	180 	3421
f 179 	3474 	3477
f 179 	3477 	992
f 3478 	180 	995
f 180 	3478 	3475
f 992 	3477 	3480
f 992 	3480 	996
f 3481 	3482 	995
f 3481 	995 	999
f 995 	3482 	3478
f 996 	3480 	3483
f 996 	3483 	1000
f 1005 	3485 	999
f 3484 	999 	3485
f 999 	3484 	3481
f 1000 	3483 	3466
f 1000 	3466 	173
f 3486 	1005 	3487
f 1005 	3486 	3485
f 1007 	3488 	3489
f 1008 	1007 	3489
f 1008 	3489 	3490
f 1011 	1008 	3490
f 1011 	3490 	3491
f 3461 	3455 	3460
f 3494 	3496 	3468
f 3492 	3493 	1016
f 3460 	3465 	728
f 3495 	3501 	3494
f 728 	3465 	3496
f 3491 	3430 	1011
f 155 	1011 	3430
f 3441 	3497 	1018
f 3441 	1018 	165
f 3498 	3500 	3495
f 3496 	3494 	3501
f 3497 	3499 	1019
f 3497 	1019 	1018
f 3499 	3502 	1020
f 3499 	1020 	1019
f 3501 	3495 	3500
f 3502 	3504 	1016
f 3502 	1016 	1020
f 3504 	3492 	1016
f 3506 	3517 	3505
f 1023 	175 	3470
f 1023 	3470 	3507
f 1025 	1023 	3507
f 1025 	3507 	3509
f 3512 	3508 	3505
f 3510 	3520 	3506
f 1027 	1025 	3509
f 1027 	3509 	3511
f 3512 	3505 	3517
f 3514 	3524 	3510
f 1090 	3515 	3516
f 3448 	3524 	3518
f 1029 	1027 	3511
f 1029 	3511 	3519
f 3521 	3522 	1028
f 3517 	3506 	3520
f 3523 	3525 	3518
f 3522 	3515 	1028
f 1090 	1028 	3515
f 3519 	3488 	1029
f 1007 	1029 	3488
f 3520 	3510 	3524
f 3514 	3518 	3524
f 3458 	3525 	3451
f 3523 	3451 	3525
f 3448 	3518 	3525
f 3493 	3526 	1085
f 3493 	1085 	1016
f 3556 	3557 	3531
f 1085 	3526 	3530
f 1085 	3530 	1083
f 3531 	3533 	3556
f 3530 	3532 	1084
f 3530 	1084 	1083
f 3540 	3556 	3533
f 1028 	1084 	3521
f 3532 	3521 	1084
f 1092 	3535 	3536
f 1092 	3536 	1088
f 3538 	3548 	3534
f 3534 	3544 	3533
f 3539 	1089 	1088
f 3539 	1088 	3536
f 3539 	3487 	1089
f 1005 	1089 	3487
f 3547 	3548 	3541
f 3516 	3543 	1090
f 3540 	3533 	3544
f 3545 	3508 	3541
f 3543 	3546 	1091
f 3543 	1091 	1090
f 3546 	3535 	1092
f 3546 	1092 	1091
f 3544 	3534 	3548
f 3538 	3541 	3548
f 3505 	3508 	3545
f 3547 	3541 	3508
f 3549 	3550 	1093
f 3551 	3559 	3498
f 1093 	3550 	3552
f 1093 	3552 	1095
f 3527 	3559 	3551
f 3528 	3531 	3557
f 1095 	3552 	3555
f 1095 	3555 	1121
f 3561 	3562 	1097
f 3559 	3527 	3558
f 3557 	3558 	3527
f 3560 	3498 	3559
f 3527 	3528 	3557
f 3500 	3498 	3560
f 3562 	3563 	1098
f 3562 	1098 	1097
f 3565 	1099 	1098
f 3565 	1098 	3563
f 3566 	3575 	3564
f 3565 	3554 	1099
f 3574 	3575 	3567
f 1100 	3568 	3569
f 3570 	3564 	3575
f 3571 	3577 	3567
f 1101 	1100 	3569
f 1101 	3569 	3572
f 1109 	1101 	3572
f 1109 	3572 	3576
f 3566 	3567 	3575
f 3574 	3567 	3577
f 1111 	1109 	3576
f 1111 	3576 	3578
f 3581 	3588 	3579
f 1115 	1111 	3578
f 1115 	3578 	3583
f 3571 	3579 	3577
f 732 	3577 	3579
f 3584 	3588 	3581
f 3585 	3586 	1114
f 3587 	3593 	3584
f 732 	3579 	3588
f 3586 	3580 	1114
f 3589 	3592 	3587
f 3588 	3584 	3593
f 1117 	1115 	3583
f 1117 	3583 	3590
f 3591 	3535 	1092
f 3593 	3587 	3592
f 1092 	3535 	3585
f 1092 	3585 	1114
f 3590 	3549 	1117
f 1093 	1117 	3549
f 1099 	3554 	1120
f 3595 	1120 	3554
f 3595 	3596 	1119
f 3595 	1119 	1120
f 1092 	1119 	3591
f 3596 	3591 	1119
f 3555 	3598 	1121
f 1121 	3598 	3599
f 1121 	3599 	1123
f 1123 	3599 	3600
f 1123 	3600 	1124
f 3601 	3561 	1125
f 1097 	1125 	3561
f 1124 	3600 	3603
f 3604 	3605 	1127
f 3605 	3606 	1128
f 3605 	1128 	1127
f 3606 	3607 	1129
f 3606 	1129 	1128
f 3607 	3608 	1125
f 3607 	1125 	1129
f 1125 	3608 	3601
f 3610 	3611 	1131
f 3610 	1131 	1130
f 1131 	3611 	3612
f 1131 	3612 	1132
f 1132 	3612 	3613
f 1132 	3613 	1150
f 3603 	3614 	1135
f 3603 	1135 	1124
f 1135 	3614 	3615
f 1135 	3615 	1136
f 1136 	3615 	3616
f 1136 	3616 	1137
f 1137 	3616 	3610
f 1137 	3610 	1130
f 3619 	1138 	3620
f 3619 	3604 	1138
f 1127 	1138 	3604
f 1140 	3623 	3624
f 1142 	1140 	3624
f 1142 	3624 	3626
f 1143 	1142 	3626
f 1143 	3626 	3627
f 3628 	3629 	1144
f 3627 	3568 	1143
f 1100 	1143 	3568
f 3580 	3631 	1147
f 3580 	1147 	1114
f 3631 	3632 	1148
f 3631 	1148 	1147
f 3632 	3633 	1149
f 3632 	1149 	1148
f 3633 	3634 	1144
f 3633 	1144 	1149
f 3634 	3628 	1144
f 1150 	3613 	3635
f 1151 	1150 	3635
f 1151 	3635 	3636
f 1153 	1151 	3636
f 1153 	3636 	3637
f 3638 	1152 	3639
f 3638 	3621 	1152
f 1156 	1153 	3637
f 1156 	3637 	3641
f 3642 	3643 	1155
f 3642 	1155 	1158
f 3643 	3639 	1155
f 1152 	1155 	3639
f 3641 	3623 	1156
f 1140 	1156 	3623
f 3629 	3645 	1159
f 3629 	1159 	1144
f 1159 	3645 	3646
f 1159 	3646 	1157
f 3646 	3648 	1158
f 3646 	1158 	1157
f 3648 	3642 	1158
f 1161 	3649 	3650
f 1161 	3650 	1162
f 3650 	3620 	1162
f 1138 	1162 	3620
f 3621 	3651 	1160
f 3621 	1160 	1152
f 3651 	3649 	1161
f 3651 	1161 	1160
f 3652 	3653 	1163
f 1163 	3653 	3654
f 1163 	3654 	1165
f 3657 	1178 	3656
f 1165 	3654 	3658
f 1165 	3658 	1179
f 3660 	3661 	1166
f 3661 	3662 	1167
f 3661 	1167 	1166
f 3663 	1168 	1167
f 3663 	1167 	3662
f 3663 	3656 	1168
f 1169 	3664 	3665
f 1170 	1169 	3665
f 1170 	3665 	3666
f 1171 	1170 	3666
f 1171 	3666 	3668
f 1173 	1171 	3668
f 1173 	3668 	3669
f 3712 	1198 	3670
f 1175 	1173 	3669
f 1175 	3669 	3671
f 3672 	3673 	1174
f 3673 	3670 	1174
f 1176 	1175 	3671
f 1176 	3671 	3675
f 3676 	3649 	1161
f 1161 	3649 	3672
f 1161 	3672 	1174
f 3675 	3652 	1176
f 1163 	1176 	3652
f 3657 	3678 	1178
f 1168 	3656 	1178
f 3678 	3679 	1177
f 3678 	1177 	1178
f 1161 	1177 	3676
f 3679 	3676 	1177
f 3658 	3680 	1179
f 1179 	3680 	3681
f 1179 	3681 	1180
f 1180 	3681 	3683
f 1180 	3683 	1181
f 3684 	3660 	1182
f 1166 	1182 	3660
f 1181 	3683 	3685
f 1181 	3685 	1189
f 3686 	3688 	1184
f 3686 	1184 	1183
f 3688 	3689 	1185
f 3688 	1185 	1184
f 3689 	3690 	1182
f 3689 	1182 	1185
f 1182 	3690 	3684
f 3692 	3693 	1187
f 3692 	1187 	1186
f 1187 	3693 	3694
f 1187 	3694 	1188
f 1188 	3694 	3695
f 1188 	3695 	1201
f 3685 	3696 	1189
f 1189 	3696 	3697
f 1189 	3697 	1190
f 1190 	3697 	3698
f 1190 	3698 	1191
f 1191 	3698 	3692
f 1191 	3692 	1186
f 3699 	1192 	3700
f 3699 	3686 	1192
f 1183 	1192 	3686
f 1206 	3703 	3704
f 1193 	3705 	3706
f 1194 	1193 	3706
f 1194 	3706 	3707
f 1196 	1194 	3707
f 1196 	3707 	3709
f 3710 	3711 	1197
f 3709 	3664 	1196
f 1169 	1196 	3664
f 1174 	3670 	1198
f 3712 	3714 	1199
f 3712 	1199 	1198
f 3714 	3715 	1200
f 3714 	1200 	1199
f 3715 	3716 	1197
f 3715 	1197 	1200
f 3716 	3710 	1197
f 1201 	3695 	3717
f 1203 	1201 	3717
f 1203 	3717 	3718
f 1513 	1203 	3718
f 1513 	3718 	3719
f 3720 	1206 	3721
f 3720 	3703 	1206
f 1515 	1513 	3719
f 1515 	3719 	3724
f 3725 	3727 	1514
f 3725 	1514 	1518
f 3727 	3721 	1514
f 1206 	1514 	3721
f 3724 	3705 	1515
f 1193 	1515 	3705
f 3711 	3729 	1516
f 3711 	1516 	1197
f 1516 	3729 	3733
f 1516 	3733 	1517
f 3733 	3737 	1518
f 3733 	1518 	1517
f 3737 	3725 	1518
f 1525 	3738 	3740
f 1525 	3740 	1526
f 3740 	3700 	1526
f 1192 	1526 	3700
f 3704 	3742 	1524
f 3704 	1524 	1206
f 3742 	3738 	1525
f 3742 	1525 	1524
f 3744 	3745 	1529
f 1529 	3745 	3746
f 1529 	3746 	1532
f 3748 	1560 	3747
f 1532 	3746 	3749
f 1532 	3749 	1577
f 3751 	3752 	1533
f 3752 	3753 	1534
f 3752 	1534 	1533
f 3754 	1535 	1534
f 3754 	1534 	3753
f 3754 	3747 	1535
f 1540 	3755 	3756
f 1543 	1540 	3756
f 1543 	3756 	3757
f 1545 	1543 	3757
f 1545 	3757 	3758
f 1547 	1545 	3758
f 1547 	3758 	3759
f 3776 	1573 	3760
f 1553 	1547 	3759
f 1553 	3759 	3761
f 3762 	3763 	1551
f 3763 	3760 	1551
f 1556 	1553 	3761
f 1556 	3761 	3765
f 3766 	3738 	1525
f 1525 	3738 	3762
f 1525 	3762 	1551
f 3765 	3744 	1556
f 1529 	1556 	3744
f 3748 	3767 	1560
f 1535 	3747 	1560
f 3767 	3769 	1559
f 3767 	1559 	1560
f 1525 	1559 	3766
f 3769 	3766 	1559
f 1562 	3770 	3771
f 1564 	1562 	3771
f 1564 	3771 	3772
f 1567 	1564 	3772
f 1567 	3772 	3773
f 3775 	1630 	3774
f 3773 	3755 	1567
f 1540 	1567 	3755
f 1551 	3760 	1573
f 3776 	3777 	1575
f 3776 	1575 	1573
f 3777 	3779 	1576
f 3777 	1576 	1575
f 3779 	3780 	1569
f 3779 	1569 	1576
f 3780 	3774 	1569
f 1577 	3749 	3781
f 1578 	1577 	3781
f 1578 	3781 	3782
f 1582 	1578 	3782
f 1582 	3782 	3784
f 1582 	3784 	3785
f 3802 	3786 	1588
f 3786 	3787 	1590
f 3786 	1590 	1588
f 3787 	3788 	1591
f 3787 	1591 	1590
f 3788 	3789 	1586
f 3788 	1586 	1591
f 3789 	3751 	1586
f 1533 	1586 	3751
f 3790 	3791 	1594
f 3790 	1594 	1593
f 1594 	3791 	3793
f 1594 	3793 	1596
f 1596 	3793 	3795
f 1596 	3795 	1614
f 3785 	3796 	1598
f 3785 	1598 	1582
f 1598 	3796 	3798
f 1598 	3798 	1601
f 1601 	3798 	3799
f 1601 	3799 	1604
f 1604 	3799 	3790
f 1604 	3790 	1593
f 3801 	1609 	1608
f 3801 	1608 	57
f 3802 	1610 	1609
f 3802 	1609 	3801
f 1588 	1610 	3802
f 3803 	3804 	1607
f 3804 	57 	1608
f 3804 	1608 	1607
f 3795 	3805 	1614
f 1618 	1614 	3805
f 1618 	3805 	3806
f 1623 	1618 	3806
f 1623 	3806 	3808
f 3810 	1620 	3811
f 3810 	3803 	1620
f 1607 	1620 	3803
f 1629 	1623 	3808
f 1629 	3808 	3812
f 22 	3813 	1628
f 3813 	3811 	1628
f 1620 	1628 	3811
f 1629 	3812 	3770
f 1629 	3770 	1562
f 3775 	3816 	1630
f 1569 	3774 	1630
f 3817 	3821 	3815
f 1630 	3816 	3818
f 1630 	3818 	1631
f 3819 	3823 	3817
f 3818 	23 	1632
f 3818 	1632 	1631
f 3820 	3823 	3819
f 1628 	1632 	22
f 23 	22 	1632
f 26 	25 	1637
f 26 	1637 	1670
f 3829 	3815 	3821
f 3822 	3825 	3820
f 1637 	25 	24
f 1637 	24 	1640
f 30 	29 	1674
f 30 	1674 	1643
f 3821 	3817 	3823
f 3558 	3823 	3820
f 3570 	3825 	3564
f 3822 	3564 	3825
f 3558 	3820 	3825
f 1640 	24 	28
f 1640 	28 	1644
f 1647 	34 	1643
f 32 	1643 	34
f 32 	30 	1643
f 1644 	28 	27
f 3830 	3828 	3814
f 3815 	3829 	3814
f 3830 	3814 	3829
f 3826 	3814 	3828
f 40 	39 	1645
f 41 	1646 	1645
f 41 	1645 	39
f 43 	1647 	1646
f 43 	1646 	41
f 1647 	43 	34
f 3836 	3843 	3835
f 3838 	3845 	3835
f 1652 	49 	48
f 1655 	1652 	48
f 1655 	48 	47
f 3837 	3842 	3836
f 1658 	1655 	47
f 1658 	47 	46
f 3838 	3835 	3843
f 3841 	3842 	3840
f 1661 	1658 	46
f 1661 	46 	45
f 51 	1688 	52
f 1666 	1661 	45
f 1666 	45 	44
f 3843 	3836 	3842
f 3837 	3840 	3842
f 3841 	3840 	3828
f 3826 	3828 	3840
f 56 	55 	1664
f 3844 	3848 	3589
f 55 	52 	1664
f 3831 	3848 	3844
f 3832 	3846 	3831
f 3845 	3846 	3833
f 3833 	3835 	3845
f 3832 	3833 	3846
f 3848 	3849 	3589
f 1670 	1666 	44
f 1670 	44 	50
f 58 	57 	1608
f 1608 	57 	56
f 1608 	56 	1664
f 3848 	3831 	3847
f 3846 	3847 	3831
f 3592 	3589 	3849
f 1670 	50 	26
f 3851 	3856 	3850
f 29 	59 	1674
f 59 	60 	1673
f 59 	1673 	1674
f 3855 	3856 	3852
f 1608 	1673 	58
f 60 	58 	1673
f 3853 	3850 	3856
f 3854 	3857 	3852
f 1676 	65 	64
f 1677 	1676 	64
f 1677 	64 	63
f 1679 	1677 	63
f 1679 	63 	62
f 3851 	3852 	3856
f 3855 	3852 	3857
f 1681 	1679 	62
f 1681 	62 	61
f 67 	66 	1682
f 67 	1682 	1686
f 3860 	3863 	3859
f 3854 	3859 	3857
f 1682 	66 	68
f 737 	3857 	3859
f 3861 	3863 	3860
f 61 	49 	1681
f 1652 	1681 	49
f 3862 	3868 	3861
f 737 	3859 	3863
f 51 	71 	1688
f 1664 	52 	1688
f 71 	74 	1689
f 71 	1689 	1688
f 3864 	3866 	3862
f 3863 	3861 	3868
f 3868 	3862 	3866
f 3936 	3869 	3864
f 3866 	3864 	3869
f 3873 	3883 	3872
f 3875 	3892 	3873
f 3876 	3892 	3875
f 3901 	3872 	3883
f 3887 	3895 	3876
f 3883 	3873 	3892
f 3847 	3892 	3876
f 3853 	3895 	3850
f 3887 	3850 	3895
f 3847 	3876 	3895
f 3902 	3899 	3871
f 3872 	3901 	3871
f 3902 	3871 	3901
f 3896 	3871 	3899
f 3911 	3929 	3908
f 3913 	3919 	3912
f 3912 	3920 	3911
f 3911 	3916 	3929
f 3916 	3911 	3920
f 3918 	3919 	3917
f 3920 	3912 	3919
f 3913 	3917 	3919
f 3918 	3917 	3899
f 3896 	3899 	3917
f 3932 	3934 	3903
f 3864 	3927 	3936
f 3903 	3904 	3932
f 3904 	3908 	3932
f 3929 	3932 	3908
f 3927 	3903 	3936
f 3934 	3936 	3903
f 3940 	3947 	3937
f 3946 	3947 	3943
f 3944 	3937 	3947
f 3945 	3955 	3943
f 2713 	2712 	3950
f 3940 	3943 	3947
f 3946 	3943 	3955
f 3957 	3958 	3959
f 3963 	3972 	3960
f 3958 	3964 	3965
f 3958 	3965 	3959
f 3968 	3972 	3963
f 743 	3955 	3960
f 3945 	3960 	3955
f 2716 	3965 	3964
f 2716 	3964 	2715
f 3970 	3979 	3968
f 743 	3960 	3972
f 3971 	3973 	3974
f 3975 	3978 	3970
f 3972 	3968 	3979
f 3977 	3971 	3974
f 3977 	3974 	3980
f 3979 	3970 	3978
f 3978 	3975 	3981
f 3982 	3977 	3980
f 3982 	3980 	3984
f 3988 	3990 	3999
f 3991 	4002 	3985
f 3993 	3982 	3984
f 3993 	3984 	3995
f 3994 	4007 	3991
f 3997 	3998 	3999
f 4000 	4007 	3994
f 3998 	3988 	3999
f 4026 	3985 	4002
f 4002 	3991 	4007
f 4003 	4014 	4000
f 4005 	3993 	3995
f 4005 	3995 	4006
f 4008 	4009 	4011
f 3934 	4007 	4000
f 3944 	4014 	3937
f 4003 	3937 	4014
f 3934 	4000 	4014
f 3999 	4011 	3997
f 4009 	3997 	4011
f 4005 	4006 	4020
f 4005 	4020 	4021
f 4023 	4024 	4025
f 4054 	4016 	4022
f 4022 	4016 	3983
f 3985 	4026 	3983
f 4028 	3983 	4026
f 4022 	3983 	4028
f 4011 	4025 	4008
f 4024 	4008 	4025
f 4021 	4020 	4033
f 4021 	4033 	4034
f 4051 	4066 	4039
f 4025 	4038 	4023
f 4037 	4023 	4038
f 4034 	4033 	2669
f 4034 	2669 	2668
f 4042 	4058 	4040
f 4040 	4059 	4039
f 2684 	4049 	4050
f 2684 	4050 	2683
f 4051 	4039 	4059
f 4057 	4058 	4054
f 4049 	2650 	2649
f 4049 	2649 	4050
f 4037 	4038 	2650
f 2649 	2650 	4038
f 4059 	4040 	4058
f 4042 	4054 	4058
f 4057 	4054 	4022
f 4061 	4074 	3975
f 4065 	4062 	4063
f 4065 	4063 	4067
f 4030 	4031 	4071
f 3981 	3975 	4074
f 4030 	4074 	4061
f 4031 	4035 	4071
f 4066 	4071 	4035
f 4035 	4039 	4066
f 4068 	4065 	4067
f 4068 	4067 	4069
f 4070 	4068 	4069
f 4070 	4069 	4073
f 4074 	4030 	4072
f 4071 	4072 	4030
f 4076 	4070 	4073
f 4076 	4073 	4077
f 4078 	4090 	4075
f 4080 	4117 	4079
f 4108 	4075 	4084
f 4089 	4090 	4081
f 4082 	4076 	4077
f 4082 	4077 	4083
f 4084 	4075 	4090
f 4085 	4091 	4081
f 4086 	4087 	4088
f 4087 	4079 	4088
f 4078 	4081 	4090
f 4089 	4081 	4091
f 4083 	3973 	4082
f 3971 	4082 	3973
f 3990 	4094 	4095
f 3990 	4095 	3999
f 4096 	4103 	4093
f 4103 	4118 	4093
f 4094 	4097 	4098
f 4094 	4098 	4095
f 4099 	4107 	4096
f 4098 	4097 	4100
f 4098 	4100 	4101
f 4102 	4107 	4099
f 4088 	4101 	4086
f 4100 	4086 	4101
f 4103 	4096 	4107
f 4104 	4108 	4102
f 4105 	2713 	3950
f 4105 	3950 	4106
f 4072 	4107 	4102
f 4075 	4108 	4104
f 4072 	4102 	4108
f 4106 	4109 	4105
f 4124 	4105 	4109
f 4111 	4112 	4113
f 4111 	4113 	4114
f 4113 	4112 	4063
f 4113 	4063 	4062
f 4119 	4115 	4092
f 4093 	4118 	4092
f 4119 	4092 	4118
f 4110 	4092 	4115
f 4080 	4116 	4117
f 4088 	4079 	4117
f 4117 	4116 	4121
f 4122 	4133 	4120
f 4109 	4123 	4124
f 4125 	4133 	4122
f 4124 	4123 	4111
f 4124 	4111 	4114
f 4127 	4138 	4125
f 4133 	4128 	4120
f 4128 	4091 	4120
f 4085 	4120 	4091
f 4129 	4130 	4131
f 4129 	4131 	4132
f 4134 	4137 	4127
f 4133 	4125 	4138
f 4135 	4136 	4132
f 4135 	4132 	4131
f 4139 	4140 	4136
f 4139 	4136 	4135
f 4138 	4127 	4137
f 4137 	4134 	4141
f 4139 	3957 	4140
f 3959 	4140 	3957
f 4121 	4145 	4146
f 4121 	4146 	4117
f 4145 	4149 	4150
f 4145 	4150 	4146
f 4148 	4159 	4144
f 4149 	4130 	4129
f 4149 	4129 	4150
f 4151 	4176 	4148
f 4152 	4153 	4154
f 4155 	4162 	4134
f 4156 	4152 	4154
f 4156 	4154 	4157
f 4156 	4157 	4158
f 4142 	4162 	4155
f 4143 	4160 	4142
f 4159 	4160 	4144
f 4143 	4144 	4160
f 4161 	4142 	4160
f 4162 	4142 	4161
f 4141 	4134 	4162
f 4163 	4164 	4165
f 4164 	4167 	4168
f 4164 	4168 	4165
f 4167 	4170 	4171
f 4167 	4171 	4168
f 4169 	4175 	4166
f 4166 	4175 	4151
f 4172 	4148 	4176
f 4159 	4148 	4172
f 4170 	4173 	4171
f 4176 	4151 	4175
f 4174 	4175 	4169
f 4174 	4169 	4115
f 4110 	4115 	4169
f 4158 	4177 	4178
f 4158 	4178 	4156
f 4178 	4177 	4180
f 4178 	4180 	4181
f 4182 	4194 	4179
f 4181 	4180 	4184
f 4181 	4184 	4185
f 4186 	4198 	4182
f 4185 	4184 	4187
f 4185 	4187 	4188
f 4190 	4197 	4186
f 4191 	4192 	4193
f 4189 	4179 	4194
f 4198 	4194 	4182
f 4196 	4197 	4195
f 4191 	4163 	4192
f 4165 	4192 	4163
f 4188 	4187 	4199
f 4188 	4199 	4200
f 4198 	4186 	4197
f 4190 	4195 	4197
f 74 	75 	1690
f 74 	1690 	1689
f 4206 	4210 	4205
f 75 	76 	1686
f 75 	1686 	1690
f 4207 	4212 	4206
f 76 	67 	1686
f 1691 	1644 	27
f 1691 	27 	79
f 4209 	4212 	4207
f 4210 	4218 	4205
f 1695 	1691 	79
f 1695 	79 	78
f 4211 	4213 	4209
f 1695 	78 	77
f 80 	1698 	1718
f 4210 	4206 	4212
f 4161 	4212 	4209
f 4189 	4213 	4179
f 4211 	4179 	4213
f 4161 	4209 	4213
f 80 	83 	1699
f 80 	1699 	1698
f 83 	84 	1697
f 83 	1697 	1699
f 84 	40 	1697
f 1645 	1697 	40
f 88 	87 	1701
f 88 	1701 	1700
f 1701 	87 	86
f 1701 	86 	1703
f 4215 	4220 	4214
f 4204 	4220 	4215
f 4218 	4219 	4205
f 4204 	4205 	4219
f 4219 	4220 	4204
f 4217 	4214 	4220
f 1703 	86 	85
f 1703 	85 	1721
f 77 	91 	1705
f 77 	1705 	1695
f 4222 	4224 	4221
f 4221 	4224 	4195
f 1705 	91 	90
f 1705 	90 	1706
f 4223 	4226 	4222
f 4196 	4195 	4224
f 1706 	90 	89
f 1706 	89 	1711
f 4201 	4193 	4203
f 4192 	4203 	4193
f 4225 	4226 	4223
f 4224 	4222 	4228
f 1711 	89 	88
f 1711 	88 	1700
f 93 	1717 	1716
f 93 	1716 	94
f 4200 	4199 	4227
f 4228 	4222 	4226
f 4226 	4225 	4229
f 95 	1718 	1717
f 95 	1717 	93
f 4230 	4231 	4232
f 1718 	95 	80
f 4231 	4235 	4236
f 4231 	4236 	4232
f 98 	97 	1715
f 4235 	4239 	4240
f 4235 	4240 	4236
f 97 	94 	1716
f 97 	1716 	1715
f 4262 	4250 	4238
f 4203 	4240 	4239
f 4203 	4239 	4201
f 85 	154 	1721
f 4256 	4259 	4241
f 4241 	4262 	4238
f 1724 	1721 	154
f 1724 	154 	153
f 4242 	4243 	4244
f 4245 	4253 	4225
f 1727 	1724 	153
f 1727 	153 	152
f 4246 	4242 	4244
f 4246 	4244 	4247
f 156 	1726 	157
f 4248 	4246 	4247
f 4248 	4247 	4249
f 156 	98 	1726
f 1715 	1726 	98
f 4233 	4253 	4245
f 4234 	4251 	4233
f 4250 	4251 	4237
f 4237 	4238 	4250
f 4234 	4237 	4251
f 4252 	4233 	4251
f 4253 	4233 	4252
f 4229 	4225 	4253
f 4255 	4702 	4254
f 152 	65 	1727
f 1676 	1727 	65
f 68 	160 	1730
f 68 	1730 	1682
f 4257 	4248 	4249
f 4257 	4249 	4258
f 160 	161 	1728
f 160 	1728 	1730
f 4261 	4263 	4264
f 4260 	4241 	4259
f 4262 	4241 	4260
f 4217 	4259 	4214
f 4256 	4214 	4259
f 161 	163 	1729
f 161 	1729 	1728
f 4263 	4254 	4264
f 163 	157 	1729
f 1726 	1729 	157
f 168 	167 	1731
f 4267 	4257 	4258
f 4267 	4258 	4269
f 167 	94 	1716
f 167 	1716 	1731
f 4271 	4279 	4268
f 4270 	4272 	4273
f 1716 	94 	190
f 1716 	190 	1732
f 4274 	4286 	4271
f 4264 	4273 	4261
f 4272 	4261 	4273
f 190 	195 	1732
f 4316 	4268 	4266
f 4276 	4282 	4285
f 198 	197 	1733
f 4267 	4269 	4277
f 4267 	4277 	4278
f 4275 	4268 	4279
f 4284 	4285 	4282
f 4280 	4281 	4283
f 1733 	197 	196
f 1733 	196 	1734
f 4273 	4283 	4270
f 4281 	4270 	4283
f 205 	204 	1747
f 205 	1747 	1735
f 4286 	4274 	4285
f 4279 	4271 	4286
f 4276 	4285 	4274
f 4278 	4277 	4287
f 4278 	4287 	4288
f 1736 	1734 	196
f 1736 	196 	203
f 210 	1735 	211
f 4292 	4294 	4289
f 4289 	4294 	4282
f 210 	205 	1735
f 4283 	4291 	4280
f 4290 	4280 	4291
f 4284 	4282 	4294
f 4293 	4298 	4292
f 1736 	203 	201
f 4288 	4287 	4153
f 4288 	4153 	4152
f 4295 	4298 	4293
f 217 	216 	1737
f 217 	1737 	1751
f 4173 	4296 	4297
f 4173 	4297 	4171
f 218 	1738 	1737
f 218 	1737 	216
f 4294 	4292 	4299
f 4299 	4292 	4298
f 4298 	4295 	4300
f 4296 	4130 	4129
f 4296 	4129 	4297
f 219 	1739 	1738
f 219 	1738 	218
f 4290 	4291 	4130
f 4129 	4130 	4291
f 219 	211 	1739
f 1735 	1739 	211
f 1740 	231 	230
f 4303 	4304 	4305
f 4306 	4314 	4302
f 1741 	1740 	230
f 1741 	230 	229
f 4307 	4303 	4305
f 4307 	4305 	4309
f 4308 	4265 	4306
f 1742 	1741 	229
f 1742 	229 	228
f 4310 	4307 	4309
f 4310 	4309 	4312
f 4311 	4265 	4308
f 4314 	4331 	4302
f 1743 	1742 	228
f 1743 	228 	227
f 4313 	4310 	4312
f 4313 	4312 	4315
f 4316 	4266 	4311
f 296 	1776 	234
f 4317 	4313 	4315
f 4317 	4315 	4318
f 1744 	1743 	227
f 1744 	227 	233
f 4314 	4306 	4265
f 4275 	4266 	4268
f 4265 	4311 	4252
f 4252 	4311 	4266
f 195 	234 	1732
f 4319 	4320 	4321
f 1746 	1744 	233
f 1746 	233 	232
f 4321 	4320 	4324
f 4323 	4333 	4322
f 232 	198 	1746
f 1733 	1746 	198
f 4325 	4317 	4318
f 4325 	4318 	4326
f 204 	238 	1747
f 4328 	4329 	4330
f 1731 	1747 	168
f 238 	168 	1747
f 4347 	4322 	4327
f 4301 	4333 	4323
f 4331 	4332 	4302
f 4301 	4302 	4332
f 4332 	4333 	4301
f 4327 	4322 	4333
f 201 	245 	1748
f 201 	1748 	1736
f 1748 	245 	244
f 1748 	244 	1749
f 1749 	244 	242
f 247 	1752 	1766
f 4337 	4342 	4336
f 247 	251 	1753
f 247 	1753 	1752
f 251 	255 	1751
f 251 	1751 	1753
f 4339 	4349 	4337
f 1751 	255 	217
f 4340 	4345 	4295
f 263 	262 	1756
f 263 	1756 	1754
f 1756 	262 	261
f 1756 	261 	1758
f 4334 	4345 	4340
f 4335 	4343 	4334
f 4342 	4343 	4336
f 4335 	4336 	4343
f 4343 	4344 	4334
f 4345 	4334 	4344
f 4300 	4295 	4345
f 1758 	261 	260
f 1758 	260 	1780
f 4346 	4347 	4339
f 242 	267 	1759
f 242 	1759 	1749
f 1759 	267 	266
f 1759 	266 	1760
f 1760 	266 	264
f 1760 	264 	1761
f 4349 	4339 	4348
f 4342 	4337 	4349
f 4347 	4348 	4339
f 4322 	4347 	4346
f 1761 	264 	263
f 1761 	263 	1754
f 269 	1765 	1763
f 269 	1763 	271
f 273 	1766 	1765
f 273 	1765 	269
f 4354 	4358 	4353
f 4350 	4891 	4344
f 1766 	273 	247
f 4355 	4361 	4354
f 4894 	4353 	4351
f 276 	1762 	1783
f 4357 	4360 	4355
f 4356 	4353 	4358
f 276 	271 	1763
f 276 	1763 	1762
f 4358 	4354 	4361
f 4359 	4360 	4357
f 1768 	285 	284
f 1769 	1768 	284
f 1769 	284 	283
f 1770 	1769 	283
f 1770 	283 	282
f 4361 	4355 	4360
f 4360 	4359 	4362
f 291 	290 	1772
f 4365 	4367 	4364
f 1773 	1770 	282
f 1773 	282 	281
f 4366 	4371 	4365
f 4359 	4364 	4367
f 4359 	4367 	4362
f 293 	292 	1772
f 1772 	292 	291
f 4369 	4371 	4366
f 281 	231 	1773
f 1740 	1773 	231
f 4372 	4365 	4371
f 4367 	4365 	4372
f 4370 	4371 	4369
f 1732 	234 	1776
f 296 	298 	1777
f 296 	1777 	1776
f 298 	300 	1778
f 298 	1778 	1777
f 300 	302 	1775
f 300 	1775 	1778
f 1772 	1775 	293
f 302 	293 	1775
f 1780 	260 	307
f 1781 	1780 	307
f 1781 	307 	306
f 1784 	1781 	306
f 1784 	306 	304
f 1787 	310 	1783
f 309 	1783 	310
f 1783 	309 	276
f 304 	285 	1784
f 1768 	1784 	285
f 290 	312 	1788
f 290 	1788 	1772
f 312 	317 	1785
f 312 	1785 	1788
f 317 	318 	1787
f 317 	1787 	1785
f 1787 	318 	310
f 323 	322 	1789
f 322 	271 	1763
f 322 	1763 	1789
f 1763 	271 	327
f 1763 	327 	1790
f 327 	332 	1790
f 338 	337 	1791
f 1791 	337 	336
f 1791 	336 	1792
f 342 	1804 	1793
f 1794 	1792 	336
f 1794 	336 	340
f 1797 	344 	1793
f 343 	1793 	344
f 343 	342 	1793
f 1794 	340 	339
f 348 	346 	1795
f 351 	1796 	1795
f 351 	1795 	346
f 355 	1797 	1796
f 355 	1796 	351
f 1797 	355 	344
f 1798 	366 	364
f 1799 	1798 	364
f 1799 	364 	363
f 1800 	1799 	363
f 1800 	363 	361
f 1801 	1800 	361
f 1801 	361 	360
f 1829 	1790 	332
f 1829 	332 	418
f 1802 	1801 	360
f 1802 	360 	359
f 1803 	1802 	359
f 1803 	359 	358
f 358 	338 	1803
f 1791 	1803 	338
f 342 	369 	1804
f 1789 	1804 	323
f 369 	323 	1804
f 339 	373 	1805
f 339 	1805 	1794
f 1805 	373 	372
f 1805 	372 	1806
f 1806 	372 	371
f 378 	377 	1808
f 378 	1808 	1820
f 377 	380 	1809
f 377 	1809 	1808
f 380 	382 	1807
f 380 	1807 	1809
f 382 	348 	1807
f 1795 	1807 	348
f 392 	390 	1811
f 392 	1811 	1810
f 1811 	390 	389
f 1811 	389 	1812
f 1812 	389 	387
f 1812 	387 	1834
f 371 	396 	1813
f 371 	1813 	1806
f 1813 	396 	395
f 1813 	395 	1815
f 1815 	395 	394
f 1815 	394 	1816
f 1816 	394 	392
f 1816 	392 	1810
f 399 	1819 	1818
f 399 	1818 	397
f 401 	1820 	1819
f 401 	1819 	399
f 1820 	401 	378
f 405 	404 	1817
f 404 	397 	1818
f 404 	1818 	1817
f 1821 	411 	410
f 1822 	1821 	410
f 1822 	410 	409
f 1824 	1822 	409
f 1824 	409 	407
f 415 	414 	1826
f 1827 	1824 	407
f 1827 	407 	412
f 417 	416 	1826
f 1826 	416 	415
f 412 	366 	1827
f 1798 	1827 	366
f 418 	421 	1831
f 418 	1831 	1829
f 421 	425 	1832
f 421 	1832 	1831
f 425 	426 	1828
f 425 	1828 	1832
f 1826 	1828 	417
f 426 	417 	1828
f 1834 	387 	430
f 1835 	1834 	430
f 1835 	430 	429
f 1837 	1835 	429
f 1837 	429 	428
f 434 	1836 	435
f 434 	405 	1836
f 1817 	1836 	405
f 428 	411 	1837
f 1821 	1837 	411
f 414 	438 	1840
f 414 	1840 	1826
f 438 	441 	1838
f 438 	1838 	1840
f 441 	442 	1839
f 441 	1839 	1838
f 442 	435 	1839
f 1836 	1839 	435
f 4321 	4330 	4319
f 4329 	4319 	4330
f 4326 	4243 	4325
f 4242 	4325 	4243
f 4255 	4699 	4702
f 4264 	4254 	4702
f 4699 	4707 	4708
f 4699 	4708 	4702
f 4708 	4707 	4711
f 4708 	4711 	4712
f 4330 	4712 	4328
f 4711 	4328 	4712
f 4715 	4200 	4227
f 4715 	4227 	4716
f 4716 	4720 	4715
f 4731 	4715 	4720
f 4721 	4722 	4724
f 4721 	4724 	4725
f 4724 	4722 	4304
f 4724 	4304 	4303
f 4324 	4726 	4321
f 4744 	4321 	4726
f 4720 	4730 	4731
f 4731 	4730 	4721
f 4731 	4721 	4725
f 4733 	4735 	4736
f 4733 	4736 	4737
f 4738 	4740 	4737
f 4738 	4737 	4736
f 4738 	4230 	4740
f 4232 	4740 	4230
f 4726 	4743 	4744
f 4743 	4746 	4747
f 4743 	4747 	4744
f 4746 	4735 	4733
f 4746 	4733 	4747
f 4750 	4751 	4752
f 4754 	4750 	4752
f 4754 	4752 	4755
f 4754 	4755 	4756
f 4758 	4760 	4762
f 4760 	4765 	4766
f 4760 	4766 	4762
f 4765 	4769 	4770
f 4765 	4770 	4766
f 4769 	4773 	4770
f 4756 	4775 	4776
f 4756 	4776 	4754
f 4776 	4775 	4778
f 4776 	4778 	4779
f 4779 	4778 	4780
f 4779 	4780 	4781
f 4781 	4780 	4782
f 4781 	4782 	4783
f 4788 	4789 	4791
f 4788 	4758 	4789
f 4762 	4789 	4758
f 4783 	4782 	4797
f 4783 	4797 	4798
f 4799 	4791 	4800
f 4789 	4800 	4791
f 4798 	4797 	4804
f 4806 	4807 	4808
f 4807 	4811 	4812
f 4807 	4812 	4808
f 4811 	4814 	4815
f 4811 	4815 	4812
f 4800 	4815 	4814
f 4800 	4814 	4799
f 4816 	4817 	4819
f 4826 	4816 	4819
f 4826 	4819 	4827
f 4830 	4826 	4827
f 4830 	4827 	4831
f 4835 	5457 	4834
f 4836 	4830 	4831
f 4836 	4831 	4837
f 4841 	4842 	4843
f 4842 	4834 	4843
f 4845 	4836 	4837
f 4845 	4837 	4846
f 4848 	4849 	4850
f 4843 	4850 	4841
f 4849 	4841 	4850
f 4845 	4846 	4852
f 4845 	4852 	4853
f 4854 	4855 	4856
f 4850 	4856 	4848
f 4855 	4848 	4856
f 4853 	4852 	4865
f 4853 	4865 	4866
f 4856 	4870 	4854
f 4869 	4854 	4870
f 4875 	4882 	4373
f 4877 	4882 	4875
f 4880 	4884 	4877
f 4879 	4373 	4882
f 4883 	4893 	4880
f 4882 	4877 	4884
f 4885 	4350 	4883
f 4884 	4880 	4889
f 4891 	4350 	4885
f 4889 	4880 	4893
f 4894 	4351 	4891
f 4893 	4883 	4350
f 4356 	4351 	4353
f 4344 	4891 	4351
f 4909 	4922 	4901
f 4903 	4909 	4901
f 4905 	4373 	4907
f 4908 	4903 	4907
f 4909 	4903 	4908
f 4905 	4907 	4903
f 4879 	4907 	4373
f 4369 	4913 	4920
f 4370 	4369 	4920
f 4913 	4897 	4920
f 4919 	4920 	4897
f 4918 	4919 	4897
f 4918 	4897 	4898
f 4898 	4900 	4918
f 4900 	4901 	4922
f 4918 	4900 	4922
f 4926 	4930 	4924
f 4930 	4936 	4929
f 4928 	4924 	4930
f 4939 	4947 	4936
f 4926 	4936 	4930
f 4944 	4947 	4939
f 4946 	4954 	4944
f 4929 	4936 	4947
f 4947 	4944 	4951
f 4950 	4954 	4946
f 4952 	4955 	4950
f 4951 	4944 	4954
f 4954 	4950 	4955
f 4958 	4972 	4957
f 4963 	4975 	4958
f 4968 	4975 	4963
f 4967 	4957 	4972
f 4973 	4978 	4968
f 4972 	4958 	4975
f 4974 	4975 	4968
f 4924 	4978 	4973
f 4928 	4978 	4924
f 4974 	4968 	4978
f 4984 	4986 	5004
f 5003 	5004 	4986
f 4981 	4984 	5004
f 4987 	5007 	4986
f 4957 	4967 	4990
f 4967 	5006 	4990
f 4979 	4981 	5005
f 5006 	5007 	4990
f 4987 	4990 	5007
f 5003 	4986 	5007
f 5024 	5025 	5011
f 5011 	4979 	5024
f 5015 	5024 	4979
f 5005 	5015 	4979
f 5004 	5005 	4981
f 5019 	5027 	5018
f 4952 	5018 	5029
f 4952 	5029 	4955
f 5027 	5009 	5026
f 5025 	5026 	5009
f 5028 	5018 	5027
f 5029 	5018 	5028
f 5009 	5027 	5019
f 5009 	5010 	5025
f 5010 	5011 	5025
f 5033 	5037 	5030
f 5035 	5037 	5033
f 5038 	5030 	5037
f 5037 	5035 	5044
f 5048 	5054 	5046
f 5046 	5054 	5035
f 5052 	5059 	5048
f 5044 	5035 	5054
f 5055 	5059 	5052
f 5054 	5048 	5057
f 5058 	5068 	5055
f 5057 	5048 	5059
f 5060 	5138 	5058
f 5059 	5055 	5068
f 5075 	5082 	5074
f 5078 	5085 	5075
f 5071 	5074 	5080
f 5081 	5085 	5078
f 5080 	5074 	5082
f 5084 	5086 	5081
f 5082 	5075 	5085
f 5026 	5085 	5081
f 5030 	5086 	5084
f 5038 	5086 	5030
f 5026 	5081 	5086
f 5097 	5110 	5095
f 5099 	5109 	5097
f 5103 	5109 	5099
f 5104 	5112 	5103
f 5110 	5097 	5109
f 5125 	5095 	5110
f 5108 	5109 	5103
f 5080 	5111 	5071
f 5111 	5112 	5071
f 5104 	5071 	5112
f 5108 	5103 	5112
f 5117 	5091 	5134
f 5133 	5134 	5091
f 5091 	5095 	5133
f 5125 	5133 	5095
f 5131 	5136 	5060
f 5131 	5115 	5136
f 5135 	5136 	5115
f 5137 	5060 	5136
f 5138 	5060 	5137
f 5068 	5058 	5138
f 5134 	5135 	5115
f 5115 	5117 	5134
f 5143 	5148 	5141
f 5145 	5148 	5143
f 5149 	5141 	5148
f 5148 	5145 	5150
f 5162 	5160 	5154
f 5158 	5168 	5154
f 5150 	5145 	5160
f 5145 	5153 	5160
f 5153 	5154 	5160
f 5161 	5168 	5158
f 5163 	5175 	5161
f 5162 	5154 	5168
f 5171 	5174 	5163
f 5168 	5161 	5175
f 5175 	5163 	5174
f 5183 	5194 	5181
f 5185 	5201 	5183
f 5178 	5181 	5186
f 5187 	5201 	5185
f 5186 	5181 	5194
f 5197 	5204 	5187
f 5194 	5183 	5201
f 5135 	5201 	5187
f 5141 	5204 	5197
f 5149 	5204 	5141
f 5135 	5187 	5204
f 5209 	5226 	5207
f 5207 	5237 	5205
f 5212 	5225 	5209
f 5214 	5225 	5212
f 5215 	5207 	5226
f 5216 	5229 	5214
f 5178 	5229 	5216
f 5226 	5209 	5225
f 5224 	5225 	5214
f 5186 	5227 	5178
f 5229 	5178 	5227
f 5224 	5214 	5229
f 5237 	5238 	5205
f 5215 	5237 	5207
f 5236 	5240 	5171
f 5236 	5231 	5240
f 5239 	5240 	5231
f 5241 	5171 	5240
f 5174 	5171 	5241
f 5238 	5239 	5231
f 5231 	5232 	5238
f 5232 	5205 	5238
f 5252 	5256 	5250
f 5255 	5256 	5252
f 5257 	5250 	5256
f 5256 	5255 	5259
f 5263 	5270 	5261
f 5265 	5274 	5263
f 5267 	5277 	5265
f 5271 	5277 	5267
f 5270 	5263 	5274
f 5275 	5278 	5271
f 5274 	5265 	5277
f 5239 	5277 	5271
f 5250 	5278 	5275
f 5257 	5278 	5250
f 5239 	5271 	5278
f 5293 	5286 	5282
f 5281 	5286 	5255
f 5284 	5298 	5282
f 5259 	5255 	5286
f 5281 	5282 	5286
f 5290 	5298 	5284
f 5296 	5304 	5290
f 5293 	5282 	5298
f 5300 	5302 	5296
f 5298 	5290 	5304
f 5304 	5296 	5302
f 5327 	5348 	5310
f 5316 	5338 	5310
f 5323 	5337 	5316
f 5328 	5337 	5323
f 5327 	5310 	5338
f 5333 	5351 	5300
f 5306 	5351 	5333
f 5307 	5309 	5349
f 5338 	5316 	5337
f 5336 	5337 	5328
f 5329 	5340 	5328
f 5261 	5340 	5329
f 5270 	5339 	5261
f 5339 	5340 	5261
f 5336 	5328 	5340
f 5351 	5306 	5350
f 5349 	5350 	5306
f 5352 	5300 	5351
f 5302 	5300 	5352
f 5306 	5307 	5349
f 5348 	5349 	5309
f 5309 	5310 	5348
f 5356 	5361 	5353
f 5359 	5361 	5356
f 5363 	5353 	5361
f 5361 	5359 	5365
f 5371 	5382 	5366
f 5376 	5386 	5371
f 5378 	5390 	5376
f 5383 	5390 	5378
f 5382 	5371 	5386
f 5387 	5391 	5383
f 5386 	5376 	5390
f 5350 	5390 	5383
f 5353 	5391 	5387
f 5363 	5391 	5353
f 5350 	5383 	5391
f 5403 	5364 	5395
f 5393 	5364 	5359
f 5397 	6004 	5395
f 5365 	5359 	5364
f 5393 	5395 	5364
f 5400 	6004 	5397
f 4866 	4865 	4751
f 4866 	4751 	4750
f 4773 	5423 	5424
f 4773 	5424 	4770
f 5423 	4735 	4733
f 5423 	4733 	5424
f 4869 	4870 	4735
f 4733 	4735 	4870
f 5425 	5426 	5427
f 5425 	5427 	5428
f 5429 	5427 	5426
f 5429 	5426 	5430
f 5433 	5429 	5430
f 5433 	5430 	5434
f 5433 	5434 	5435
f 5436 	4798 	4804
f 5436 	4804 	5437
f 5438 	5436 	5437
f 5438 	5437 	5439
f 5425 	5428 	5438
f 5425 	5438 	5439
f 5440 	5433 	5435
f 5440 	5435 	5441
f 5442 	5440 	5441
f 5442 	5441 	5443
f 5450 	5444 	5445
f 5446 	5442 	5443
f 5446 	5443 	5447
f 5448 	5449 	5450
f 5450 	5449 	5444
f 5451 	5446 	5447
f 5451 	5447 	5452
f 5453 	5454 	5455
f 5450 	5455 	5448
f 5454 	5448 	5455
f 5452 	4817 	5451
f 4816 	5451 	4817
f 4835 	5456 	5457
f 4843 	4834 	5457
f 5456 	5458 	5459
f 5456 	5459 	5457
f 5459 	5458 	5460
f 5459 	5460 	5461
f 5455 	5461 	5453
f 5460 	5453 	5461
f 5462 	5463 	5464
f 5462 	5464 	5465
f 5466 	5467 	5465
f 5466 	5465 	5464
f 5466 	4806 	5467
f 4808 	5467 	4806
f 5445 	5468 	5469
f 5445 	5469 	5450
f 5468 	5470 	5471
f 5468 	5471 	5469
f 5470 	5463 	5462
f 5470 	5462 	5471
f 5472 	5473 	5474
f 5472 	5474 	5475
f 5478 	5479 	5480
f 5479 	5481 	5482
f 5479 	5482 	5480
f 5481 	5484 	5485
f 5481 	5485 	5482
f 5484 	5487 	5485
f 5488 	5489 	5490
f 5491 	5488 	5490
f 5491 	5490 	5492
f 5494 	5491 	5492
f 5494 	5492 	5495
f 5496 	5494 	5495
f 5496 	5495 	5497
f 5498 	5499 	5504
f 5500 	5496 	5497
f 5500 	5497 	5501
f 5502 	5503 	5504
f 5503 	5498 	5504
f 5505 	5500 	5501
f 5505 	5501 	5506
f 5504 	5508 	5502
f 5507 	5502 	5508
f 5506 	5473 	5505
f 5472 	5505 	5473
f 5487 	5510 	5511
f 5487 	5511 	5485
f 5510 	5513 	5514
f 5510 	5514 	5511
f 5507 	5508 	5513
f 5514 	5513 	5508
f 5515 	5516 	5517
f 5517 	5518 	5515
f 5552 	5515 	5518
f 5475 	5519 	5520
f 5475 	5520 	5472
f 5520 	5519 	5522
f 5520 	5522 	5523
f 5523 	5522 	5526
f 5523 	5526 	5527
f 5527 	5526 	5528
f 5527 	5528 	5529
f 5480 	5536 	5478
f 5529 	5528 	5533
f 5529 	5533 	5534
f 5535 	5531 	5536
f 5531 	5478 	5536
f 5534 	5533 	5539
f 5534 	5539 	5540
f 5541 	5542 	5543
f 5542 	5535 	5543
f 5536 	5543 	5535
f 5540 	5539 	5545
f 5546 	5547 	5548
f 5547 	5549 	5550
f 5547 	5550 	5548
f 5549 	5541 	5550
f 5543 	5550 	5541
f 5552 	5518 	5553
f 5554 	5552 	5553
f 5554 	5553 	5555
f 5556 	5554 	5555
f 5556 	5555 	5557
f 5558 	5559 	5564
f 5560 	5556 	5557
f 5560 	5557 	5561
f 5562 	5563 	5564
f 5563 	5558 	5564
f 5566 	5560 	5561
f 5566 	5561 	5567
f 5564 	5569 	5562
f 5568 	5562 	5569
f 5567 	5489 	5566
f 5488 	5566 	5489
f 5499 	5571 	5572
f 5499 	5572 	5504
f 5571 	5573 	5574
f 5571 	5574 	5572
f 5573 	5575 	5576
f 5573 	5576 	5574
f 5575 	5577 	5578
f 5575 	5578 	5576
f 5568 	5569 	5577
f 5578 	5577 	5569
f 5579 	5580 	5581
f 5579 	5581 	5582
f 5581 	5580 	5583
f 5581 	5583 	5584
f 5584 	5583 	5516
f 5584 	5516 	5515
f 5559 	5585 	5586
f 5559 	5586 	5564
f 5586 	5585 	5587
f 5545 	5589 	5590
f 5545 	5590 	5540
f 5590 	5589 	5591
f 5590 	5591 	5592
f 5594 	5546 	5603
f 5548 	5603 	5546
f 5592 	5591 	5579
f 5592 	5579 	5582
f 5595 	5596 	5597
f 5595 	5597 	5598
f 5597 	5599 	5600
f 5597 	5600 	5598
f 5602 	5603 	5600
f 5602 	5600 	5599
f 5603 	5602 	5594
f 5587 	5606 	5607
f 5587 	5607 	5586
f 5606 	5608 	5609
f 5606 	5609 	5607
f 5608 	5596 	5595
f 5608 	5595 	5609
f 5611 	5612 	5613
f 5611 	5613 	5614
f 5611 	5614 	5615
f 5616 	5617 	5629
f 5615 	5614 	5618
f 5620 	5621 	5622
f 5621 	5623 	5624
f 5621 	5624 	5622
f 5623 	5628 	5629
f 5623 	5629 	5624
f 5628 	5616 	5629
f 5632 	5633 	5634
f 5635 	5632 	5634
f 5635 	5634 	5636
f 5637 	5635 	5636
f 5637 	5636 	5638
f 5643 	5637 	5638
f 5643 	5638 	5644
f 5645 	5646 	5651
f 5647 	5643 	5644
f 5647 	5644 	5648
f 5649 	5650 	5651
f 5650 	5645 	5651
f 5652 	5647 	5648
f 5652 	5648 	5653
f 5651 	5656 	5649
f 5655 	5649 	5656
f 5653 	5612 	5652
f 5611 	5652 	5612
f 5617 	5658 	5659
f 5617 	5659 	5629
f 5658 	5596 	5595
f 5658 	5595 	5659
f 5655 	5656 	5596
f 5595 	5596 	5656
f 1843 	1842 	576
f 1843 	576 	575
f 1843 	575 	574
f 580 	578 	1846
f 578 	582 	1844
f 578 	1844 	1846
f 582 	584 	1845
f 582 	1845 	1844
f 584 	585 	1845
f 574 	591 	1847
f 574 	1847 	1843
f 1847 	591 	590
f 1847 	590 	1850
f 1850 	590 	589
f 1850 	589 	1851
f 1851 	589 	588
f 1851 	588 	1852
f 1846 	1853 	580
f 1852 	588 	587
f 1852 	587 	1854
f 595 	1853 	1855
f 595 	594 	1853
f 594 	580 	1853
f 1854 	587 	593
f 1854 	593 	1856
f 598 	597 	1855
f 598 	1855 	1857
f 1855 	597 	595
f 1856 	593 	592
f 600 	599 	1858
f 599 	601 	1857
f 599 	1857 	1858
f 1857 	601 	598
f 1859 	607 	606
f 1860 	1859 	606
f 1860 	606 	605
f 1944 	1862 	610
f 611 	610 	1862
f 1863 	1860 	605
f 1863 	605 	604
f 614 	613 	1862
f 613 	611 	1862
f 1865 	1863 	604
f 1865 	604 	609
f 616 	615 	1864
f 1862 	1864 	614
f 615 	614 	1864
f 1865 	609 	608
f 1865 	608 	1867
f 618 	617 	1866
f 1864 	1866 	616
f 617 	616 	1866
f 576 	1842 	608
f 1867 	608 	1842
f 585 	619 	1870
f 585 	1870 	1845
f 619 	621 	1868
f 619 	1868 	1870
f 1868 	621 	622
f 1868 	622 	1869
f 1866 	1869 	618
f 622 	618 	1869
f 1871 	628 	627
f 1873 	1871 	627
f 1873 	627 	626
f 1932 	1873 	626
f 1932 	626 	625
f 1933 	1932 	625
f 1933 	625 	624
f 632 	631 	1934
f 1935 	1933 	624
f 1935 	624 	623
f 635 	634 	1934
f 635 	1934 	1936
f 634 	632 	1934
f 1937 	1935 	623
f 1937 	623 	630
f 485 	636 	1936
f 636 	635 	1936
f 630 	607 	1937
f 1859 	1937 	607
f 610 	745 	1944
f 745 	485 	1941
f 745 	1941 	1944
f 1941 	485 	1936
f 748 	747 	1946
f 748 	1946 	1945
f 1946 	747 	746
f 1946 	746 	1947
f 1947 	746 	628
f 1947 	628 	1871
f 631 	752 	1952
f 631 	1952 	1934
f 752 	753 	1952
f 1962 	1952 	753
f 592 	750 	1954
f 592 	1954 	1856
f 1954 	750 	749
f 1954 	749 	1959
f 754 	600 	1969
f 1858 	1969 	600
f 1959 	749 	748
f 1959 	748 	1945
f 1964 	756 	755
f 1964 	755 	1965
f 755 	806 	1967
f 755 	1967 	1965
f 808 	1969 	1967
f 808 	1967 	806
f 1969 	808 	754
f 5830 	5662 	5829
f 5830 	5829 	5831
f 5830 	5831 	5832
f 5618 	5833 	5834
f 5618 	5834 	5615
f 5834 	5833 	5836
f 5834 	5836 	5837
f 5837 	5836 	5839
f 5837 	5839 	5841
f 5622 	5847 	5620
f 5841 	5839 	5844
f 5841 	5844 	5845
f 5846 	5847 	5848
f 5846 	5842 	5847
f 5842 	5620 	5847
f 5845 	5844 	5850
f 5845 	5850 	5851
f 5852 	5848 	5853
f 5847 	5853 	5848
f 5851 	5850 	5856
f 5851 	5856 	5857
f 5859 	5860 	5861
f 5853 	5861 	5860
f 5853 	5860 	5852
f 5857 	5856 	5863
f 5864 	5865 	5866
f 5864 	5859 	5865
f 5861 	5865 	5859
f 5867 	5830 	5832
f 5867 	5832 	5868
f 5869 	5867 	5868
f 5869 	5868 	5870
f 5871 	5869 	5870
f 5871 	5870 	5872
f 5875 	5903 	5874
f 5876 	5871 	5872
f 5876 	5872 	5877
f 5878 	5879 	5880
f 5879 	5874 	5880
f 5881 	5876 	5877
f 5881 	5877 	5882
f 5883 	5884 	5885
f 5883 	5885 	5895
f 5880 	5885 	5878
f 5884 	5878 	5885
f 5882 	5633 	5881
f 5632 	5881 	5633
f 5646 	5888 	5889
f 5646 	5889 	5651
f 5888 	5890 	5891
f 5888 	5891 	5889
f 5890 	5892 	5893
f 5890 	5893 	5891
f 5892 	5894 	5895
f 5892 	5895 	5893
f 5895 	5894 	5883
f 5896 	5897 	5898
f 5896 	5898 	5899
f 5898 	5897 	5829
f 5898 	5829 	5662
f 5875 	5902 	5903
f 5880 	5874 	5903
f 5903 	5902 	5904
f 5863 	5905 	5906
f 5863 	5906 	5857
f 5906 	5905 	5896
f 5906 	5896 	5899
f 5908 	5909 	5910
f 5908 	5910 	5911
f 5912 	5913 	5911
f 5912 	5911 	5910
f 5914 	5915 	5913
f 5914 	5913 	5912
f 5914 	5866 	5915
f 5865 	5915 	5866
f 5904 	5916 	5917
f 5904 	5917 	5903
f 5916 	5918 	5919
f 5916 	5919 	5917
f 5918 	5909 	5908
f 5918 	5908 	5919
f 5920 	5921 	5922
f 5920 	5922 	5923
f 5920 	5923 	5924
f 5925 	5926 	5936
f 5924 	5923 	5928
f 5930 	5931 	5932
f 5931 	5933 	5934
f 5931 	5934 	5932
f 5933 	5935 	5936
f 5933 	5936 	5934
f 5935 	5925 	5936
f 5938 	5939 	5940
f 5942 	5938 	5940
f 5942 	5940 	5943
f 5944 	5942 	5943
f 5944 	5943 	5945
f 5946 	5944 	5945
f 5946 	5945 	5947
f 5948 	5949 	5954
f 5950 	5946 	5947
f 5950 	5947 	5951
f 5952 	5953 	5954
f 5953 	5948 	5954
f 5955 	5950 	5951
f 5955 	5951 	5956
f 5954 	5958 	5952
f 5957 	5952 	5958
f 5956 	5921 	5955
f 5920 	5955 	5921
f 5926 	5959 	5960
f 5926 	5960 	5936
f 5959 	5909 	5908
f 5959 	5908 	5960
f 5957 	5958 	5909
f 5908 	5909 	5958
f 5928 	5961 	5962
f 5928 	5962 	5924
f 5962 	5961 	5964
f 5962 	5964 	5965
f 5965 	5964 	5967
f 5965 	5967 	5968
f 5968 	5967 	5969
f 5968 	5969 	5970
f 5971 	5972 	5973
f 5971 	5930 	5972
f 5932 	5972 	5930
f 5970 	5969 	5975
f 5970 	5975 	5976
f 5977 	5973 	5978
f 5972 	5978 	5973
f 5976 	5975 	5979
f 5980 	5981 	5982
f 5981 	5983 	5984
f 5981 	5984 	5982
f 5983 	5985 	5986
f 5983 	5986 	5984
f 5978 	5986 	5985
f 5978 	5985 	5977
f 5987 	5988 	5989
f 5990 	5987 	5989
f 5990 	5989 	5991
f 5990 	5991 	5992
f 5979 	5994 	5995
f 5979 	5995 	5976
f 5995 	5994 	5996
f 5995 	5996 	6049
f 5997 	5990 	5992
f 5997 	5992 	5998
f 5999 	5997 	5998
f 5999 	5998 	6001
f 5404 	6011 	5400
f 5403 	5395 	6004
f 6002 	5999 	6001
f 6002 	6001 	6003
f 6006 	6010 	5404
f 6004 	5400 	6011
f 6005 	6007 	6008
f 6008 	6007 	6009
f 6011 	5404 	6010
f 6012 	6002 	6003
f 6012 	6003 	6013
f 6016 	6017 	6018
f 6008 	6018 	6005
f 6017 	6005 	6018
f 6029 	6287 	6021
f 6020 	6012 	6013
f 6020 	6013 	6022
f 6023 	6024 	6025
f 6023 	6025 	6038
f 6026 	6046 	6021
f 6019 	6021 	6287
f 6018 	6025 	6016
f 6024 	6016 	6025
f 6027 	6045 	6026
f 6022 	5939 	6020
f 5938 	6020 	5939
f 5949 	6028 	6030
f 5949 	6030 	5954
f 6031 	6045 	6027
f 6028 	6032 	6033
f 6028 	6033 	6030
f 6032 	6035 	6036
f 6032 	6036 	6033
f 5382 	6284 	5366
f 6035 	6037 	6038
f 6035 	6038 	6036
f 6038 	6037 	6023
f 6040 	6041 	6042
f 6040 	6042 	6043
f 6039 	6290 	6006
f 6014 	6290 	6039
f 6287 	6288 	6019
f 6042 	6041 	5988
f 6042 	5988 	5987
f 753 	810 	1962
f 6009 	6047 	6008
f 6058 	6008 	6047
f 5996 	6048 	6049
f 810 	811 	1963
f 810 	1963 	1962
f 6049 	6048 	6040
f 6049 	6040 	6043
f 811 	756 	1964
f 811 	1964 	1963
f 6050 	6051 	6052
f 6050 	6052 	6053
f 1972 	815 	814
f 6054 	6055 	6053
f 6054 	6053 	6052
f 1974 	1972 	814
f 1974 	814 	813
f 6054 	5980 	6055
f 5982 	6055 	5980
f 1979 	1974 	813
f 1979 	813 	812
f 6047 	6057 	6058
f 6057 	6059 	6060
f 6057 	6060 	6058
f 6059 	6051 	6050
f 6059 	6050 	6060
f 1979 	812 	816
f 6061 	6062 	6063
f 819 	818 	1987
f 6061 	6063 	6065
f 6061 	6065 	6066
f 818 	823 	1983
f 818 	1983 	1987
f 6067 	6068 	6076
f 823 	825 	1984
f 823 	1984 	1983
f 6066 	6065 	6069
f 825 	817 	1984
f 6070 	6071 	6072
f 6071 	6073 	6074
f 6071 	6074 	6072
f 816 	834 	1990
f 816 	1990 	1979
f 6073 	6075 	6076
f 6073 	6076 	6074
f 1990 	834 	833
f 1990 	833 	1991
f 6075 	6067 	6076
f 1991 	833 	832
f 1991 	832 	1993
f 6077 	6078 	6079
f 839 	819 	1998
f 1987 	1998 	819
f 6080 	6077 	6079
f 6080 	6079 	6081
f 6082 	6080 	6081
f 6082 	6081 	6083
f 1993 	832 	831
f 1993 	831 	2001
f 6084 	6082 	6083
f 6084 	6083 	6085
f 843 	1998 	845
f 6086 	6087 	6093
f 1998 	843 	839
f 6089 	6084 	6085
f 6089 	6085 	6090
f 2001 	831 	837
f 2001 	837 	2005
f 6091 	6092 	6093
f 6092 	6086 	6093
f 848 	845 	2004
f 1998 	2004 	845
f 6095 	6089 	6090
f 6095 	6090 	6096
f 2005 	837 	836
f 2005 	836 	2009
f 6093 	6098 	6091
f 6097 	6091 	6098
f 855 	854 	2008
f 6096 	6062 	6095
f 6061 	6095 	6062
f 2004 	2008 	854
f 2004 	854 	848
f 6068 	6099 	6100
f 6068 	6100 	6076
f 2009 	836 	835
f 6099 	6051 	6050
f 6099 	6050 	6100
f 860 	2014 	861
f 6097 	6098 	6051
f 6050 	6051 	6098
f 860 	855 	2014
f 2008 	2014 	855
f 6069 	6102 	6103
f 6069 	6103 	6066
f 6103 	6102 	6104
f 6103 	6104 	6105
f 2017 	873 	872
f 6105 	6104 	6106
f 6105 	6106 	6107
f 2020 	2017 	872
f 2020 	872 	870
f 6107 	6106 	6108
f 6107 	6108 	6109
f 2025 	2020 	870
f 2025 	870 	868
f 6110 	6111 	6112
f 878 	877 	2028
f 6110 	6070 	6111
f 6072 	6111 	6070
f 6109 	6108 	6114
f 6109 	6114 	6115
f 2029 	2025 	868
f 2029 	868 	876
f 883 	881 	2028
f 883 	2028 	2032
f 6116 	6112 	6117
f 6111 	6117 	6112
f 881 	878 	2028
f 6115 	6114 	6118
f 2033 	2029 	876
f 2033 	876 	875
f 6119 	6120 	6121
f 890 	889 	2032
f 6120 	6122 	6123
f 6120 	6123 	6121
f 889 	883 	2032
f 6122 	6124 	6125
f 6122 	6125 	6123
f 6117 	6125 	6124
f 6117 	6124 	6116
f 2033 	875 	874
f 2033 	874 	2039
f 6127 	6128 	6129
f 6127 	6129 	6130
f 895 	893 	2035
f 6131 	6129 	6128
f 6131 	6128 	6132
f 2032 	2035 	890
f 893 	890 	2035
f 6133 	6131 	6132
f 6133 	6132 	6134
f 2039 	874 	815
f 2039 	815 	1972
f 6133 	6134 	6135
f 6118 	6136 	6137
f 6118 	6137 	6115
f 1984 	817 	2044
f 901 	2044 	817
f 6137 	6136 	6138
f 6137 	6138 	6139
f 901 	756 	1964
f 901 	1964 	2044
f 6139 	6138 	6127
f 6139 	6127 	6130
f 1964 	756 	905
f 1964 	905 	2041
f 6140 	6133 	6135
f 6140 	6135 	6141
f 2035 	2041 	895
f 905 	895 	2041
f 6142 	6140 	6141
f 6142 	6141 	6143
f 2047 	920 	919
f 6150 	6144 	6145
f 6146 	6142 	6143
f 6146 	6143 	6147
f 2048 	2047 	919
f 2048 	919 	918
f 6148 	6149 	6150
f 2051 	2048 	918
f 2051 	918 	916
f 6150 	6149 	6144
f 2054 	2051 	916
f 2054 	916 	914
f 6151 	6146 	6147
f 6151 	6147 	6152
f 6153 	6154 	6155
f 2057 	2054 	914
f 2057 	914 	912
f 6150 	6155 	6148
f 6154 	6148 	6155
f 6156 	6151 	6152
f 6156 	6152 	6157
f 2063 	2057 	912
f 2063 	912 	910
f 6158 	6159 	6160
f 6158 	6160 	6170
f 6155 	6160 	6153
f 6159 	6153 	6160
f 6157 	6078 	6156
f 6077 	6156 	6078
f 6087 	6162 	6163
f 6087 	6163 	6093
f 6162 	6164 	6165
f 6162 	6165 	6163
f 6164 	6166 	6167
f 6164 	6167 	6165
f 6166 	6169 	6170
f 6166 	6170 	6167
f 6170 	6169 	6158
f 6171 	6172 	6173
f 6171 	6173 	6174
f 6176 	6178 	6174
f 6176 	6174 	6173
f 6176 	6119 	6178
f 6121 	6178 	6119
f 6145 	6179 	6180
f 6145 	6180 	6150
f 6179 	6181 	6182
f 6179 	6182 	6180
f 6181 	6172 	6171
f 6181 	6171 	6182
f 6046 	6026 	6045
f 6029 	6021 	6046
f 6044 	6045 	6031
f 6284 	6285 	5366
f 6034 	6285 	6031
f 6034 	5366 	6285
f 6044 	6031 	6285
f 6290 	6014 	6289
f 6288 	6289 	6014
f 6291 	6006 	6290
f 6010 	6006 	6291
f 6014 	6015 	6288
f 6015 	6019 	6288
f 6294 	6301 	6293
f 6300 	6301 	6295
f 6298 	6302 	6295
f 6296 	6293 	6301
f 6294 	6295 	6301
f 6300 	6295 	6302
f 6305 	6308 	6304
f 6306 	6310 	6305
f 6307 	6312 	6306
f 6309 	6312 	6307
f 6308 	6305 	6310
f 6311 	6313 	6309
f 6310 	6306 	6312
f 6289 	6312 	6309
f 6296 	6313 	6293
f 6311 	6293 	6313
f 6289 	6309 	6313
f 6315 	6320 	6314
f 6298 	6314 	6302
f 6318 	6302 	6314
f 6316 	6320 	6315
f 6319 	6323 	6316
f 6318 	6314 	6320
f 6321 	6322 	6319
f 6320 	6316 	6323
f 6323 	6319 	6322
f 6346 	6347 	6321
f 6327 	6328 	6343
f 6329 	6340 	6328
f 6331 	6339 	6329
f 6334 	6339 	6331
f 6332 	6328 	6340
f 6303 	6342 	6334
f 6346 	6321 	6335
f 6346 	6335 	6325
f 6326 	6327 	6344
f 6343 	6328 	6332
f 6343 	6344 	6327
f 6340 	6329 	6339
f 6339 	6334 	6338
f 6308 	6341 	6304
f 6341 	6342 	6304
f 6338 	6334 	6342
f 6303 	6304 	6342
f 6346 	6325 	6345
f 6344 	6345 	6325
f 6325 	6326 	6344
f 6322 	6321 	6347
f 6349 	6355 	6348
f 6354 	6355 	6350
f 6352 	6356 	6350
f 6351 	6348 	6355
f 6349 	6350 	6355
f 6354 	6350 	6356
f 6358 	6397 	6357
f 6361 	6364 	6358
f 6362 	6366 	6361
f 6363 	6370 	6362
f 6365 	6370 	6363
f 6364 	6361 	6366
f 6366 	6362 	6370
f 6368 	6371 	6365
f 6345 	6370 	6365
f 6348 	6371 	6368
f 6351 	6371 	6348
f 6345 	6365 	6371
f 6373 	6378 	6372
f 6352 	6372 	6356
f 6376 	6356 	6372
f 6374 	6378 	6373
f 6377 	6381 	6374
f 6376 	6372 	6378
f 6379 	6380 	6377
f 6378 	6374 	6381
f 6381 	6377 	6380
f 6380 	6379 	6382
f 6385 	6386 	6392
f 6387 	6395 	6386
f 6388 	6394 	6387
f 6389 	6386 	6395
f 6393 	6394 	6390
f 6357 	6397 	6390
f 6391 	6401 	6379
f 6383 	6401 	6391
f 6384 	6385 	6398
f 6392 	6398 	6385
f 6392 	6386 	6389
f 6383 	6384 	6398
f 6398 	6399 	6383
f 6395 	6387 	6394
f 6388 	6390 	6394
f 6364 	6396 	6358
f 6397 	6358 	6396
f 6393 	6390 	6397
f 6382 	6379 	6401
f 6401 	6383 	6399
f 6404 	6410 	6402
f 6409 	6410 	6405
f 6425 	6402 	6407
f 6408 	6411 	6405
f 6407 	6402 	6410
f 6404 	6405 	6410
f 6409 	6405 	6411
f 6415 	6418 	6414
f 6416 	6420 	6415
f 6417 	6423 	6416
f 6453 	6414 	6418
f 6419 	6423 	6417
f 6418 	6415 	6420
f 6421 	6425 	6419
f 6420 	6416 	6423
f 6399 	6423 	6419
f 6402 	6425 	6421
f 6399 	6419 	6425
f 6427 	6432 	6426
f 6426 	6411 	6408
f 6429 	6432 	6427
f 6411 	6426 	6430
f 6431 	6436 	6429
f 6430 	6426 	6432
f 6434 	6435 	6431
f 6432 	6429 	6436
f 6436 	6431 	6435
f 6448 	6438 	6457
f 6435 	6434 	6437
f 6440 	6441 	6449
f 6442 	6452 	6441
f 6444 	6451 	6442
f 6447 	6451 	6444
f 6456 	6457 	6438
f 6455 	6456 	6438
f 6455 	6438 	6439
f 6449 	6455 	6440
f 6449 	6441 	6446
f 6439 	6440 	6455
f 6452 	6442 	6451
f 6446 	6441 	6452
f 6450 	6451 	6447
f 6413 	6454 	6447
f 6414 	6454 	6413
f 6454 	6414 	6453
f 6450 	6447 	6454
f 6434 	6448 	6457
f 6437 	6434 	6457
f 6460 	6466 	6458
f 6464 	6466 	6461
f 6493 	6458 	6462
f 6463 	6469 	6461
f 6462 	6458 	6466
f 6460 	6461 	6466
f 6464 	6461 	6469
f 6472 	6495 	6471
f 6473 	6478 	6472
f 6474 	6482 	6473
f 6475 	6484 	6474
f 6480 	6484 	6475
f 6478 	6473 	6482
f 6483 	6493 	6480
f 6482 	6474 	6484
f 6456 	6484 	6480
f 6458 	6493 	6483
f 6456 	6480 	6493
f 6522 	6471 	6495
f 6478 	6496 	6472
f 6495 	6472 	6496
f 6500 	6508 	6499
f 6463 	6499 	6469
f 6503 	6508 	6500
f 6504 	6513 	6503
f 6505 	6469 	6499
f 6505 	6499 	6508
f 6510 	6512 	6504
f 6508 	6503 	6513
f 6513 	6504 	6512
f 6512 	6510 	6514
f 928 	927 	2062
f 928 	2062 	2065
f 927 	921 	2062
f 6516 	6517 	6527
f 910 	873 	2063
f 2017 	2063 	873
f 6519 	6532 	6518
f 6521 	6526 	6518
f 877 	931 	2069
f 877 	2069 	2028
f 6520 	6531 	6519
f 931 	481 	2064
f 931 	2064 	2069
f 6521 	6518 	6532
f 6522 	6531 	6520
f 2064 	481 	935
f 2064 	935 	2065
f 935 	928 	2065
f 6524 	6529 	6510
f 941 	939 	2073
f 941 	2073 	2072
f 2073 	939 	920
f 2073 	920 	2047
f 6515 	6529 	6524
f 6516 	6527 	6515
f 6527 	6528 	6515
f 6527 	6517 	6526
f 6517 	6518 	6526
f 6529 	6515 	6528
f 6514 	6510 	6529
f 921 	946 	2077
f 921 	2077 	2062
f 946 	947 	2077
f 2088 	2077 	947
f 6532 	6519 	6531
f 6530 	6531 	6522
f 6530 	6522 	6495
f 835 	943 	2081
f 835 	2081 	2009
f 6535 	6539 	6534
f 2081 	943 	941
f 2081 	941 	2072
f 6536 	6543 	6535
f 2090 	951 	950
f 2090 	950 	2091
f 6538 	6542 	6536
f 957 	2092 	2091
f 957 	2091 	950
f 6537 	6534 	6539
f 6543 	6539 	6535
f 6541 	6542 	6540
f 958 	2093 	2092
f 958 	2092 	957
f 6543 	6536 	6542
f 6538 	6540 	6542
f 958 	861 	2093
f 2014 	2093 	861
f 947 	964 	2088
f 6545 	6558 	6544
f 6546 	6547 	6557
f 964 	1006 	2089
f 964 	2089 	2088
f 6550 	6557 	6547
f 1006 	951 	2090
f 1006 	2090 	2089
f 6548 	6552 	6547
f 6549 	6554 	6548
f 2097 	1013 	1012
f 6551 	6554 	6549
f 2100 	2097 	1012
f 2100 	1012 	1010
f 6550 	6547 	6552
f 6553 	6555 	6551
f 2104 	2100 	1010
f 2104 	1010 	1009
f 6552 	6548 	6554
f 6528 	6554 	6551
f 6537 	6555 	6534
f 6553 	6534 	6555
f 6528 	6551 	6555
f 2104 	1009 	1014
f 6557 	6558 	6546
f 6545 	6546 	6558
f 6556 	6544 	6558
f 1022 	1021 	2111
f 1021 	1024 	2106
f 1021 	2106 	2111
f 6560 	6562 	6559
f 6559 	6562 	6540
f 1024 	1026 	2107
f 1024 	2107 	2106
f 6561 	6564 	6560
f 1026 	1015 	2107
f 6541 	6540 	6562
f 6563 	6564 	6561
f 6562 	6560 	6565
f 1014 	1033 	2114
f 1014 	2114 	2104
f 6565 	6560 	6564
f 6564 	6563 	6566
f 2114 	1033 	1032
f 2114 	1032 	2118
f 2118 	1032 	1031
f 2118 	1031 	2119
f 2119 	1031 	1030
f 2119 	1030 	2126
f 6573 	6576 	6570
f 6576 	6580 	6570
f 2129 	1040 	2123
f 1039 	2123 	1040
f 6574 	6584 	6573
f 1039 	1022 	2123
f 2111 	2123 	1022
f 6544 	6584 	6574
f 2126 	1030 	1036
f 2126 	1036 	2130
f 6577 	6583 	6563
f 1043 	2129 	2133
f 2129 	1043 	1040
f 6567 	6583 	6577
f 6568 	6581 	6567
f 6580 	6581 	6569
f 6569 	6570 	6580
f 6568 	6569 	6581
f 6581 	6582 	6567
f 6583 	6567 	6582
f 6566 	6563 	6583
f 2130 	1036 	1035
f 2130 	1035 	2136
f 6585 	6573 	6584
f 6576 	6573 	6585
f 6556 	6584 	6544
f 1049 	1048 	2133
f 1049 	2133 	2141
f 6586 	6606 	6582
f 2133 	1048 	1043
f 6589 	6594 	6588
f 2136 	1035 	1034
f 6587 	6582 	6606
f 6591 	6598 	6589
f 1056 	1055 	2140
f 6587 	6588 	6592
f 6593 	6597 	6591
f 1058 	2141 	2140
f 1058 	2140 	1055
f 6592 	6588 	6594
f 6596 	6597 	6595
f 2141 	1058 	1049
f 6598 	6591 	6597
f 6594 	6589 	6598
f 6593 	6595 	6597
f 2145 	1067 	1066
f 2148 	2145 	1066
f 2148 	1066 	1065
f 2152 	2148 	1065
f 2152 	1065 	1064
f 6632 	6633 	6601
f 1072 	2676 	1074
f 6605 	6632 	6602
f 6603 	6607 	6602
f 2635 	2152 	1064
f 2635 	1064 	1070
f 6604 	6586 	6603
f 1080 	1079 	2633
f 1080 	2633 	2637
f 6606 	6586 	6604
f 1079 	1074 	2633
f 6605 	6602 	6607
f 6608 	6587 	6606
f 2638 	2635 	1070
f 2638 	1070 	1069
f 6588 	6587 	6608
f 6607 	6603 	6586
f 1082 	1081 	2637
f 6610 	6612 	6609
f 6609 	6612 	6595
f 1081 	1080 	2637
f 6611 	6614 	6610
f 2638 	1069 	1068
f 2638 	1068 	2642
f 6596 	6595 	6612
f 6613 	6614 	6611
f 1087 	1086 	2641
f 6612 	6610 	6615
f 6615 	6610 	6614
f 6614 	6613 	6616
f 2637 	2641 	1082
f 1086 	1082 	2641
f 2642 	1068 	1013
f 2642 	1013 	2097
f 6620 	6628 	6619
f 2107 	1015 	2647
f 1094 	2647 	1015
f 6621 	6623 	6620
f 1094 	951 	2090
f 1094 	2090 	2647
f 6622 	6630 	6621
f 2090 	951 	1096
f 2090 	1096 	2646
f 6623 	6621 	6631
f 6629 	6630 	6599
f 2641 	2646 	1087
f 1096 	1087 	2646
f 6613 	6624 	6627
f 6616 	6613 	6627
f 6624 	6617 	6627
f 6626 	6627 	6617
f 6625 	6626 	6617
f 6625 	6617 	6618
f 6618 	6619 	6625
f 6623 	6628 	6620
f 6625 	6619 	6628
f 2653 	2648 	1107
f 2653 	1107 	1106
f 2657 	2653 	1106
f 2657 	1106 	1105
f 6631 	6621 	6630
f 6622 	6599 	6630
f 6600 	6633 	6599
f 6601 	6602 	6632
f 6600 	6601 	6633
f 6629 	6599 	6633
f 2659 	2657 	1105
f 2659 	1105 	1104
f 2662 	2659 	1104
f 2662 	1104 	1103
f 660 	646 	6634
f 1112 	1110 	2663
f 1112 	2663 	2666
f 6637 	192 	6636
f 2663 	1110 	1113
f 6638 	491 	6637
f 6635 	6636 	185
f 2667 	2662 	1103
f 2667 	1103 	1102
f 187 	487 	6638
f 185 	6636 	192
f 1118 	1116 	2666
f 186 	487 	187
f 1116 	1112 	2666
f 192 	6637 	491
f 491 	6638 	487
f 487 	186 	484
f 1102 	1067 	2667
f 2145 	2667 	1067
f 640 	718 	505
f 1072 	1675 	2676
f 2633 	1074 	2676
f 1675 	479 	2671
f 1675 	2671 	2676
f 646 	660 	644
f 2671 	479 	1678
f 2671 	1678 	2672
f 648 	6634 	646
f 656 	715 	644
f 2666 	2672 	1118
f 1678 	1118 	2672
f 652 	6634 	648
f 2687 	2136 	1034
f 2687 	1034 	1108
f 656 	644 	660
f 657 	6635 	652
f 6626 	6634 	652
f 1684 	1683 	2682
f 1684 	2682 	2680
f 6636 	6635 	657
f 6626 	652 	6635
f 1107 	2648 	1683
f 2682 	1683 	2648
f 664 	674 	186
f 666 	674 	664
f 1113 	1687 	2663
f 2691 	2663 	1687
f 668 	680 	666
f 484 	186 	674
f 1108 	1685 	2687
f 671 	680 	668
f 2687 	1685 	1684
f 2687 	1684 	2680
f 682 	666 	680
f 674 	666 	682
f 678 	680 	671
f 2693 	1694 	1692
f 2693 	1692 	2694
f 1696 	2695 	2694
f 1696 	2694 	1692
f 1696 	1056 	2695
f 2140 	2695 	1056
f 693 	700 	690
f 1687 	1702 	2691
f 695 	722 	693
f 1702 	1704 	2692
f 1702 	2692 	2691
f 1704 	1694 	2693
f 1704 	2693 	2692
f 2701 	1712 	1710
f 2702 	2701 	1710
f 2702 	1710 	1708
f 671 	703 	706
f 678 	671 	706
f 703 	686 	706
f 707 	706 	686
f 713 	707 	686
f 713 	686 	685
f 690 	710 	688
f 685 	688 	713
f 700 	710 	690
f 713 	688 	710
f 2705 	2702 	1708
f 2705 	1708 	1707
f 700 	693 	724
f 724 	693 	722
f 722 	695 	505
f 642 	718 	640
f 642 	644 	715
f 715 	718 	642
f 718 	720 	505
f 722 	505 	720
f 2705 	1707 	1713
f 1720 	1719 	2711
f 780 	783 	766
f 1719 	1722 	2709
f 1719 	2709 	2711
f 761 	766 	783
f 768 	778 	766
f 1722 	1723 	2710
f 1722 	2710 	2709
f 1723 	1714 	2710
f 771 	802 	783
f 780 	766 	778
f 1713 	2736 	2714
f 1713 	2714 	2705
f 2714 	2736 	2735
f 2714 	2735 	2717
f 2717 	2735 	2734
f 2717 	2734 	2718
f 788 	800 	785
f 2718 	2734 	2733
f 2718 	2733 	2720
f 791 	824 	788
f 2721 	2741 	2719
f 2740 	2719 	2741
f 793 	824 	791
f 2740 	1720 	2719
f 2711 	2719 	1720
f 2720 	2733 	2739
f 2720 	2739 	2722
f 800 	788 	824
f 830 	824 	793
f 2742 	2721 	2723
f 771 	827 	802
f 795 	827 	793
f 2721 	2742 	2741
f 2722 	2739 	2738
f 2722 	2738 	2724
f 761 	783 	802
f 795 	802 	827
f 830 	793 	827
f 2745 	2744 	2723
f 2745 	2723 	2727
f 2723 	2744 	2742
f 850 	853 	842
f 2724 	2738 	2737
f 2747 	2746 	2726
f 785 	847 	842
f 847 	850 	842
f 847 	785 	800
f 838 	842 	853
f 949 	937 	853
f 2748 	2727 	2726
f 2748 	2726 	2746
f 768 	859 	778
f 2727 	2748 	2745
f 2728 	2753 	2752
f 865 	892 	863
f 863 	892 	859
f 2729 	2728 	2752
f 2729 	2752 	2751
f 867 	888 	865
f 778 	859 	871
f 2730 	2729 	2751
f 2730 	2751 	2750
f 2757 	3437 	2758
f 871 	859 	892
f 888 	867 	886
f 892 	865 	888
f 2732 	2730 	2750
f 2732 	2750 	2756
f 2760 	2759 	2731
f 2760 	2731 	3404
f 2759 	2758 	2731
f 3405 	2732 	2756
f 3405 	2756 	2755
f 906 	886 	867
f 2764 	2762 	3404
f 908 	913 	906
f 2762 	2760 	3404
f 3405 	2755 	2754
f 3405 	2754 	3408
f 924 	926 	900
f 900 	903 	924
f 897 	900 	926
f 915 	898 	926
f 897 	926 	898
f 2767 	2766 	3407
f 2767 	3407 	3410
f 884 	886 	906
f 913 	884 	906
f 908 	898 	913
f 915 	913 	898
f 3404 	3407 	2764
f 2766 	2764 	3407
f 930 	1038 	903
f 3408 	2754 	1712
f 3408 	1712 	2701
f 944 	924 	903
f 933 	937 	953
f 2710 	1714 	3412
f 2768 	3412 	1714
f 949 	953 	937
f 2768 	1694 	2693
f 2768 	2693 	3412
f 2693 	1694 	2770
f 2693 	2770 	3410
f 1038 	930 	953
f 944 	903 	1038
f 933 	953 	930
f 838 	853 	937
f 2770 	2767 	3410
f 1047 	1208 	1042
f 2780 	2779 	3415
f 2780 	3415 	3414
f 3418 	3415 	2779
f 3418 	2779 	2778
f 1208 	1062 	1042
f 1051 	1078 	1047
f 3420 	3418 	2778
f 3420 	2778 	2777
f 1054 	1228 	1062
f 3423 	3420 	2777
f 3423 	2777 	2776
f 1208 	1047 	1078
f 1060 	1078 	1051
f 3425 	3423 	2776
f 3425 	2776 	2775
f 3427 	2783 	2782
f 3428 	3425 	2775
f 3428 	2775 	2774
f 1217 	1232 	1214
f 2786 	2785 	3427
f 3427 	2785 	2783
f 1244 	1210 	1225
f 1219 	1232 	1217
f 3432 	3428 	2774
f 3432 	2774 	2772
f 2788 	2787 	3429
f 1225 	1214 	1232
f 915 	1232 	1219
f 3427 	3429 	2786
f 2787 	2786 	3429
f 1054 	1234 	1228
f 1221 	1234 	1219
f 2772 	2753 	3432
f 2728 	3432 	2753
f 2757 	2789 	3437
f 2731 	2758 	3437
f 1042 	1062 	1228
f 1221 	1228 	1234
f 915 	1219 	1234
f 2789 	475 	3434
f 2789 	3434 	3437
f 3434 	475 	2791
f 3434 	2791 	3435
f 1240 	1210 	1246
f 1246 	1249 	1240
f 3429 	3435 	2788
f 2791 	2788 	3435
f 3440 	2724 	2737
f 3440 	2737 	2781
f 1244 	1246 	1210
f 1214 	1225 	1210
f 1251 	1235 	1249
f 1238 	1240 	1249
f 2780 	3414 	3440
f 2780 	3440 	2781
f 3448 	2794 	2793
f 3448 	2793 	3449
f 1257 	1273 	1255
f 1255 	1273 	1060
f 2795 	3450 	3449
f 2795 	3449 	2793
f 1259 	1269 	1257
f 1273 	1076 	1060
f 1078 	1060 	1076
f 1271 	1257 	1269
f 1273 	1257 	1271
f 1312 	1297 	1282
f 1280 	1282 	1297
f 1284 	1269 	1259
f 1287 	1291 	1284
f 1277 	1280 	1300
f 1297 	1300 	1280
f 1278 	1277 	1300
f 1278 	1300 	1292
f 1267 	1269 	1284
f 1291 	1267 	1284
f 1287 	1278 	1291
f 1292 	1291 	1278
f 1301 	1312 	1282
f 1304 	1308 	1301
f 1312 	1301 	1310
f 1235 	1308 	1304
f 1238 	1249 	1235
f 1308 	1235 	1251
f 1310 	1301 	1308
f 1323 	1344 	1320
f 1344 	1335 	1320
f 1325 	1342 	1323
f 1340 	1342 	1332
f 1344 	1323 	1342
f 1325 	1332 	1342
f 1349 	1363 	1346
f 1363 	1340 	1332
f 1332 	1346 	1363
f 1351 	1358 	1349
f 1360 	1349 	1358
f 1363 	1349 	1360
f 1369 	1318 	1367
f 1397 	1364 	1378
f 1372 	1318 	1369
f 1378 	1367 	1318
f 1292 	1318 	1372
f 1335 	1330 	1382
f 1374 	1316 	1372
f 1320 	1335 	1382
f 1374 	1382 	1316
f 1316 	1382 	1330
f 1292 	1372 	1316
f 1389 	1401 	1385
f 1399 	1401 	1391
f 1397 	1399 	1364
f 1367 	1378 	1364
f 1391 	1364 	1399
f 1389 	1391 	1401
f 1403 	1385 	1401
f 1436 	1423 	1411
f 1412 	1358 	1351
f 1414 	1417 	1412
f 1423 	1425 	1409
f 1409 	1411 	1423
f 1406 	1409 	1425
f 1418 	1407 	1425
f 1406 	1425 	1407
f 1356 	1358 	1412
f 1417 	1356 	1412
f 1414 	1407 	1417
f 1418 	1417 	1407
f 1426 	1436 	1411
f 1428 	1432 	1426
f 1436 	1426 	1434
f 1385 	1432 	1428
f 1403 	1432 	1385
f 1434 	1426 	1432
f 1451 	1473 	1447
f 1453 	1471 	1451
f 1460 	1471 	1453
f 1463 	1447 	1473
f 1473 	1451 	1471
f 1471 	1460 	1469
f 1475 	1493 	1460
f 1478 	1493 	1475
f 1480 	1488 	1478
f 1469 	1460 	1493
f 1491 	1478 	1488
f 1493 	1478 	1491
f 1480 	1563 	1488
f 1498 	1508 	1495
f 1500 	1445 	1498
f 1508 	1498 	1445
f 1502 	1445 	1500
f 8811 	8812 	6756
f 2795 	2747 	3450
f 2726 	3450 	2747
f 2782 	2797 	3446
f 2782 	3446 	3427
f 2797 	2798 	3447
f 2797 	3447 	3446
f 2798 	2794 	3448
f 2798 	3448 	3447
f 3451 	2802 	2801
f 3453 	3451 	2801
f 3453 	2801 	2800
f 3455 	3453 	2800
f 3455 	2800 	2799
f 2866 	3525 	2804
f 3455 	2799 	2803
f 2806 	2805 	3460
f 2805 	2808 	3461
f 2805 	3461 	3460
f 2808 	2809 	3457
f 2808 	3457 	3461
f 2809 	2810 	3458
f 2809 	3458 	3457
f 2810 	2804 	3458
f 2803 	2814 	3463
f 2803 	3463 	3455
f 3463 	2814 	2813
f 3463 	2813 	3465
f 3465 	2813 	2812
f 3465 	2812 	3468
f 3468 	2812 	2811
f 3468 	2811 	3494
f 2819 	2806 	3460
f 3494 	2811 	2817
f 3494 	2817 	3495
f 2822 	729 	728
f 2822 	728 	3496
f 729 	2819 	728
f 3460 	728 	2819
f 3495 	2817 	2816
f 3495 	2816 	3498
f 2823 	2822 	3496
f 2823 	3496 	3501
f 3498 	2816 	2815
f 2826 	2825 	3500
f 2828 	3501 	3500
f 2828 	3500 	2825
f 3501 	2828 	2823
f 3505 	2839 	2838
f 3506 	3505 	2838
f 3506 	2838 	2837
f 3510 	3506 	2837
f 3510 	2837 	2835
f 2846 	2845 	3508
f 2846 	3508 	3512
f 2845 	2848 	3508
f 3514 	3510 	2835
f 3514 	2835 	2842
f 2852 	2851 	3512
f 2852 	3512 	3517
f 2851 	2846 	3512
f 3518 	3514 	2842
f 3518 	2842 	2841
f 2857 	2855 	3517
f 2855 	2852 	3517
f 3518 	2841 	2840
f 3518 	2840 	3523
f 2860 	2859 	3520
f 3517 	3520 	2857
f 2859 	2857 	3520
f 3523 	2840 	2802
f 3523 	2802 	3451
f 3458 	2804 	3525
f 2866 	2794 	3448
f 2866 	3448 	3525
f 3448 	2794 	2867
f 3448 	2867 	3524
f 3520 	3524 	2860
f 2867 	2860 	3524
f 2884 	2883 	3528
f 2884 	3528 	3527
f 3528 	2883 	2882
f 3528 	2882 	3531
f 3531 	2882 	2881
f 3531 	2881 	3533
f 3534 	3533 	2881
f 3534 	2881 	2880
f 3538 	3534 	2880
f 3538 	2880 	2879
f 3540 	2889 	2887
f 3541 	3538 	2879
f 3541 	2879 	2878
f 2892 	2891 	3540
f 3540 	2891 	2889
f 3545 	3541 	2878
f 3545 	2878 	2877
f 2899 	2897 	3544
f 3540 	3544 	2892
f 2897 	2892 	3544
f 2877 	2839 	3545
f 3505 	3545 	2839
f 2848 	473 	3547
f 2848 	3547 	3508
f 3547 	473 	2904
f 3547 	2904 	3548
f 3544 	3548 	2899
f 2904 	2899 	3548
f 3551 	3498 	2815
f 3551 	2815 	2885
f 2884 	3527 	3551
f 2884 	3551 	2885
f 3558 	2909 	2908
f 3558 	2908 	3559
f 2912 	3560 	3559
f 2912 	3559 	2908
f 2912 	2826 	3560
f 3500 	3560 	2826
f 2887 	2915 	3556
f 2887 	3556 	3540
f 2915 	2918 	3557
f 2915 	3557 	3556
f 2918 	2909 	3558
f 2918 	3558 	3557
f 3564 	2926 	2924
f 3566 	3564 	2924
f 3566 	2924 	2923
f 3567 	3566 	2923
f 3567 	2923 	2922
f 2933 	2932 	3570
f 3571 	3567 	2922
f 3571 	2922 	2928
f 2937 	2936 	3570
f 2937 	3570 	3575
f 2936 	2933 	3570
f 3571 	2928 	2927
f 2942 	2941 	3577
f 2941 	2945 	3574
f 2941 	3574 	3577
f 2946 	3575 	3574
f 2946 	3574 	2945
f 2946 	2937 	3575
f 2927 	2953 	3579
f 2927 	3579 	3571
f 3579 	2953 	2952
f 3579 	2952 	3581
f 3581 	2952 	2951
f 3581 	2951 	3584
f 2960 	2942 	732
f 3577 	732 	2942
f 3584 	2951 	2958
f 3584 	2958 	3587
f 2964 	733 	732
f 2964 	732 	3588
f 732 	733 	2960
f 3587 	2958 	2956
f 3587 	2956 	3589
f 2966 	2964 	3588
f 2966 	3588 	3593
f 3589 	2956 	2954
f 2970 	2969 	3592
f 2973 	3593 	3592
f 2973 	3592 	2969
f 3593 	2973 	2966
f 3814 	3826 	2988
f 3814 	2988 	2986
f 1463 	1457 	1511
f 1505 	1440 	1502
f 1502 	1418 	1445
f 1447 	1463 	1511
f 1505 	1511 	1440
f 1440 	1511 	1457
f 1418 	1502 	1440
f 1522 	1542 	1519
f 1539 	1542 	1527
f 1537 	1539 	1495
f 1537 	1495 	1508
f 1527 	1495 	1539
f 1522 	1527 	1542
f 1546 	1519 	1542
f 1606 	1581 	1558
f 1566 	1571 	1563
f 1581 	1585 	1555
f 1555 	1558 	1581
f 1550 	1555 	1585
f 1572 	1552 	1585
f 1550 	1585 	1552
f 1486 	1488 	1563
f 1571 	1486 	1563
f 1566 	1552 	1571
f 1572 	1571 	1552
f 1587 	1606 	1558
f 1592 	1600 	1587
f 1606 	1587 	1603
f 1519 	1600 	1592
f 1546 	1600 	1519
f 1603 	1587 	1600
f 1616 	1642 	1611
f 1622 	1636 	1616
f 1639 	1642 	1616
f 1639 	1616 	1636
f 1654 	1943 	1651
f 1659 	1943 	1654
f 1648 	1651 	1672
f 1672 	1651 	1943
f 1642 	1627 	1938
f 1665 	1949 	1659
f 1943 	1659 	1951
f 1611 	1642 	1938
f 1665 	1938 	1949
f 1949 	1938 	1627
f 1951 	1659 	1949
f 1648 	1961 	1957
f 1961 	1648 	1672
f 1961 	1968 	1957
f 1968 	1971 	1957
f 1953 	1957 	1971
f 1622 	1975 	1636
f 1980 	2007 	1977
f 1977 	2007 	1975
f 1985 	2003 	1980
f 1636 	1975 	1989
f 1989 	1975 	2007
f 2003 	1985 	2000
f 2007 	1980 	2003
f 2016 	2019 	2043
f 2027 	2000 	1985
f 2031 	2037 	2027
f 2043 	2046 	2016
f 2012 	2016 	2046
f 2013 	2012 	2046
f 2013 	2046 	2038
f 1996 	2000 	2027
f 2037 	1996 	2027
f 2031 	2013 	2037
f 2038 	2037 	2013
f 2049 	2075 	2019
f 2052 	2071 	2049
f 2043 	2019 	2061
f 2075 	2049 	2071
f 2061 	2019 	2075
f 2052 	2056 	2071
f 2068 	2071 	2056
f 1953 	1971 	2056
f 2068 	2056 	1971
f 2083 	2117 	2078
f 2087 	2113 	2083
f 2117 	2083 	2113
f 2102 	2078 	2117
f 2087 	2099 	2113
f 2110 	2113 	2099
f 2127 	2151 	2124
f 2131 	2151 	2127
f 2120 	2124 	2144
f 2144 	2124 	2151
f 2102 	2096 	2146
f 2138 	2154 	2131
f 2151 	2131 	2038
f 2078 	2102 	2146
f 2138 	2146 	2154
f 2154 	2146 	2096
f 2038 	2131 	2154
f 2167 	2169 	2161
f 2159 	2161 	2169
f 2144 	2165 	2120
f 2165 	2167 	2120
f 2161 	2120 	2167
f 2227 	2155 	2171
f 2175 	2191 	2173
f 2177 	2186 	2175
f 2173 	2191 	2099
f 2110 	2099 	2191
f 2188 	2175 	2186
f 2191 	2175 	2188
f 2200 	2216 	2197
f 2216 	2219 	2197
f 2206 	2186 	2177
f 2209 	2211 	2206
f 2194 	2197 	2219
f 2195 	2194 	2219
f 2195 	2219 	2212
f 2184 	2186 	2206
f 2211 	2184 	2206
f 2209 	2195 	2211
f 2212 	2211 	2195
f 2200 	2220 	2232
f 2223 	2227 	2220
f 2220 	2229 	2232
f 2216 	2200 	2232
f 2155 	2227 	2223
f 2155 	2159 	2169
f 2169 	2171 	2155
f 2229 	2220 	2227
f 2252 	2285 	2244
f 2258 	2282 	2252
f 2279 	2282 	2266
f 2285 	2252 	2282
f 2270 	2244 	2285
f 2258 	2266 	2282
f 2292 	2241 	2290
f 2287 	2290 	2302
f 2241 	2292 	2294
f 2302 	2290 	2241
f 2212 	2241 	2294
f 2270 	2264 	2304
f 2298 	2237 	2294
f 2244 	2270 	2304
f 2298 	2304 	2237
f 2237 	2304 	2264
f 2212 	2294 	2237
f 2310 	2327 	2307
f 2313 	2321 	2310
f 2307 	2327 	2266
f 2279 	2266 	2327
f 2324 	2310 	2321
f 2327 	2310 	2324
f 2333 	2335 	2349
f 2340 	2321 	2313
f 2343 	2345 	2340
f 2349 	2351 	2333
f 2330 	2333 	2351
f 2331 	2330 	2351
f 2331 	2351 	2346
f 2319 	2321 	2340
f 2345 	2319 	2340
f 2343 	2331 	2345
f 2346 	2345 	2331
f 2335 	2353 	2362
f 2355 	2372 	2353
f 2349 	2335 	2362
f 2381 	2372 	2358
f 3815 	3814 	2986
f 3815 	2986 	2984
f 2362 	2353 	2368
f 2365 	2379 	2358
f 3817 	3815 	2984
f 3817 	2984 	2983
f 2368 	2353 	2372
f 2355 	2358 	2372
f 2370 	2379 	2365
f 3819 	3817 	2983
f 3819 	2983 	2982
f 3820 	3819 	2982
f 3820 	2982 	2981
f 2287 	2377 	2370
f 2375 	2287 	2302
f 2375 	2377 	2287
f 2379 	2370 	2377
f 2381 	2358 	2379
f 2991 	2990 	3829
f 3822 	3820 	2981
f 3822 	2981 	2980
f 2424 	2384 	2346
f 2994 	2993 	3821
f 3829 	3821 	2991
f 2993 	2991 	3821
f 2394 	2416 	2390
f 2980 	2926 	3822
f 3564 	3822 	2926
f 2397 	2414 	2394
f 2932 	2997 	3825
f 2932 	3825 	3570
f 2401 	2432 	2406
f 2403 	2414 	2397
f 2997 	2909 	3558
f 2997 	3558 	3825
f 2406 	2390 	2416
f 2416 	2394 	2414
f 2414 	2403 	2411
f 3558 	2909 	3002
f 3558 	3002 	3823
f 3821 	3823 	2994
f 3002 	2994 	3823
f 3826 	3008 	3007
f 2422 	2388 	2420
f 3826 	3007 	2988
f 2346 	2388 	2424
f 2417 	2420 	2431
f 2990 	3009 	3829
f 2431 	2420 	2388
f 2422 	2424 	2388
f 2428 	2432 	2384
f 2424 	2428 	2384
f 2390 	2406 	2432
f 2401 	2384 	2432
f 2435 	2452 	2403
f 2437 	2452 	2435
f 2439 	2447 	2437
f 2411 	2403 	2452
f 2450 	2437 	2447
f 2452 	2437 	2450
f 2439 	2466 	2447
f 2459 	2461 	2476
f 2445 	2447 	2466
f 2469 	2471 	2466
f 2476 	2479 	2459
f 2455 	2459 	2479
f 2456 	2455 	2479
f 2456 	2479 	2472
f 2445 	2466 	2471
f 2469 	2456 	2471
f 2472 	2471 	2456
f 2461 	2480 	2488
f 2482 	2498 	2480
f 2476 	2461 	2488
f 2507 	2498 	2484
f 2488 	2480 	2494
f 2491 	2505 	2484
f 2494 	2480 	2498
f 2482 	2484 	2498
f 2496 	2505 	2491
f 2417 	2502 	2496
f 2500 	2417 	2431
f 2500 	2502 	2417
f 2505 	2496 	2502
f 2507 	2484 	2505
f 2542 	2537 	2523
f 2520 	2523 	2537
f 2526 	2547 	2523
f 2531 	2586 	2537
f 2552 	2547 	2533
f 2540 	2559 	2533
f 2542 	2523 	2547
f 2526 	2533 	2547
f 2545 	2559 	2540
f 2549 	2556 	2545
f 2552 	2533 	2559
f 2559 	2545 	2556
f 2563 	2584 	2560
f 2568 	2588 	2563
f 2578 	2560 	2584
f 2574 	2588 	2568
f 2584 	2563 	2588
f 2531 	2590 	2586
f 2593 	2588 	2574
f 2520 	2537 	2586
f 2580 	2586 	2590
f 2574 	2580 	2590
f 2574 	2590 	2593
f 2600 	2616 	2598
f 2602 	2616 	2600
f 2594 	2598 	2611
f 2607 	2618 	2602
f 2611 	2598 	2616
f 2578 	2572 	2613
f 2616 	2602 	2620
f 2560 	2578 	2613
f 2607 	2613 	2618
f 2618 	2613 	2572
f 2620 	2602 	2618
f 2549 	2640 	2658
f 2629 	2665 	2625
f 2626 	2625 	2665
f 2634 	2661 	2594
f 2634 	2594 	2611
f 2594 	2661 	2629
f 2644 	2626 	2652
f 2556 	2549 	2658
f 2665 	2629 	2661
f 2626 	2665 	2649
f 2655 	2640 	2652
f 2658 	2640 	2655
f 2644 	2652 	2640
f 2649 	2652 	2626
f 2699 	2689 	2674
f 2668 	2674 	2689
f 2677 	2707 	2674
f 2683 	4034 	2689
f 2685 	2707 	2677
f 2697 	3965 	2685
f 2699 	2674 	2707
f 2704 	3965 	2697
f 2707 	2685 	2716
f 2713 	3959 	2704
f 2716 	2685 	3965
f 3965 	2704 	3959
f 3977 	4011 	3971
f 3982 	4025 	3977
f 3993 	4038 	3982
f 3999 	3971 	4011
f 4011 	3977 	4025
f 4005 	4038 	3993
f 4025 	3982 	4038
f 2649 	4038 	4005
f 2683 	4050 	4034
f 4021 	4050 	4005
f 3009 	3011 	3830
f 3009 	3830 	3829
f 3011 	3014 	3828
f 3011 	3828 	3830
f 3014 	3015 	3828
f 3028 	3027 	3832
f 3028 	3832 	3831
f 3832 	3027 	3026
f 3832 	3026 	3833
f 3833 	3026 	3025
f 3833 	3025 	3835
f 3836 	3835 	3025
f 3836 	3025 	3024
f 3837 	3836 	3024
f 3837 	3024 	3023
f 3840 	3837 	3023
f 3840 	3023 	3022
f 3036 	3035 	3838
f 3036 	3838 	3843
f 3838 	3035 	3032
f 3022 	3008 	3840
f 3826 	3840 	3008
f 3015 	471 	3841
f 3015 	3841 	3828
f 3841 	471 	3040
f 3841 	3040 	3842
f 3040 	3043 	3843
f 3040 	3843 	3842
f 3043 	3036 	3843
f 3844 	3589 	2954
f 3844 	2954 	3029
f 3028 	3831 	3844
f 3028 	3844 	3029
f 3048 	3845 	3032
f 3838 	3032 	3845
f 3847 	3052 	3051
f 3847 	3051 	3848
f 3056 	3849 	3848
f 3056 	3848 	3051
f 3056 	2970 	3849
f 3592 	3849 	2970
f 3048 	3059 	3845
f 3059 	3063 	3846
f 3059 	3846 	3845
f 3063 	3052 	3847
f 3063 	3847 	3846
f 3850 	3067 	3066
f 3851 	3850 	3066
f 3851 	3066 	3065
f 3852 	3851 	3065
f 3852 	3065 	3064
f 3075 	3073 	3853
f 3854 	3852 	3064
f 3854 	3064 	3070
f 3078 	3077 	3853
f 3078 	3853 	3856
f 3077 	3075 	3853
f 3854 	3070 	3069
f 3081 	3080 	3857
f 3080 	3085 	3855
f 3080 	3855 	3857
f 3088 	3856 	3855
f 3088 	3855 	3085
f 3088 	3078 	3856
f 3069 	3095 	3859
f 3069 	3859 	3854
f 3859 	3095 	3093
f 3859 	3093 	3860
f 3860 	3093 	3092
f 3860 	3092 	3861
f 3102 	3081 	737
f 3857 	737 	3081
f 3861 	3092 	3099
f 3861 	3099 	3862
f 3107 	738 	737
f 3107 	737 	3863
f 737 	738 	3102
f 3862 	3099 	3098
f 3862 	3098 	3864
f 3108 	3107 	3863
f 3108 	3863 	3868
f 3864 	3098 	3097
f 3113 	3112 	3869
f 3113 	3869 	3936
f 3112 	3115 	3866
f 3112 	3866 	3869
f 3118 	3868 	3866
f 3118 	3866 	3115
f 3868 	3118 	3108
f 3871 	3896 	3133
f 3871 	3133 	3132
f 3872 	3871 	3132
f 3872 	3132 	3130
f 3873 	3872 	3130
f 3873 	3130 	3128
f 3875 	3873 	3128
f 3875 	3128 	3127
f 3876 	3875 	3127
f 3876 	3127 	3126
f 3135 	3134 	3901
f 3887 	3876 	3126
f 3887 	3126 	3125
f 3141 	3140 	3883
f 3901 	3883 	3135
f 3140 	3135 	3883
f 3125 	3067 	3887
f 3850 	3887 	3067
f 3073 	3144 	3895
f 3073 	3895 	3853
f 3144 	3052 	3847
f 3144 	3847 	3895
f 3847 	3052 	3148
f 3847 	3148 	3892
f 3883 	3892 	3141
f 3148 	3141 	3892
f 3896 	3154 	3153
f 3896 	3153 	3133
f 3134 	3155 	3901
f 3155 	3159 	3902
f 3155 	3902 	3901
f 3159 	3162 	3899
f 3159 	3899 	3902
f 3162 	3163 	3899
f 3176 	3175 	3904
f 3176 	3904 	3903
f 3904 	3175 	3174
f 3904 	3174 	3908
f 3908 	3174 	3172
f 3908 	3172 	3911
f 3912 	3911 	3172
f 3912 	3172 	3170
f 3913 	3912 	3170
f 3913 	3170 	3169
f 3929 	3916 	3179
f 3917 	3913 	3169
f 3917 	3169 	3168
f 3183 	3182 	3916
f 3183 	3916 	3920
f 3916 	3182 	3179
f 3168 	3154 	3917
f 3896 	3917 	3154
f 3163 	466 	3918
f 3163 	3918 	3899
f 3918 	466 	3189
f 3918 	3189 	3919
f 3189 	3192 	3920
f 3189 	3920 	3919
f 3192 	3183 	3920
f 3927 	3864 	3097
f 3927 	3097 	3177
f 3927 	3177 	3176
f 3927 	3176 	3903
f 3198 	3929 	3179
f 3929 	3198 	3199
f 3934 	3203 	3202
f 3934 	3202 	3936
f 3936 	3202 	3113
f 3199 	3207 	3932
f 3199 	3932 	3929
f 3207 	3203 	3934
f 3207 	3934 	3932
f 3937 	3216 	3215
f 3940 	3937 	3215
f 3940 	3215 	3214
f 3943 	3940 	3214
f 3943 	3214 	3213
f 3945 	3943 	3213
f 3945 	3213 	3218
f 3223 	3222 	3944
f 3223 	3944 	3947
f 3222 	3221 	3944
f 3945 	3218 	3217
f 3231 	3230 	3955
f 3230 	3232 	3946
f 3230 	3946 	3955
f 3235 	3947 	3946
f 3235 	3946 	3232
f 3235 	3223 	3947
f 3217 	3243 	3960
f 3217 	3960 	3945
f 3960 	3243 	3241
f 3960 	3241 	3963
f 3963 	3241 	3240
f 3963 	3240 	3968
f 3248 	3231 	743
f 3955 	743 	3231
f 3968 	3240 	3238
f 3968 	3238 	3970
f 3254 	744 	743
f 3254 	743 	3972
f 743 	744 	3248
f 3970 	3238 	3246
f 3970 	3246 	3975
f 3255 	3254 	3972
f 3255 	3972 	3979
f 3975 	3246 	3245
f 3260 	3259 	3981
f 3259 	3263 	3978
f 3259 	3978 	3981
f 3266 	3979 	3978
f 3266 	3978 	3263
f 3979 	3266 	3255
f 3983 	4016 	3279
f 3983 	3279 	3278
f 3985 	3983 	3278
f 3985 	3278 	3277
f 3991 	3985 	3277
f 3991 	3277 	3276
f 3994 	3991 	3276
f 3994 	3276 	3275
f 4000 	3994 	3275
f 4000 	3275 	3273
f 3282 	3280 	4026
f 4003 	4000 	3273
f 4003 	3273 	3271
f 3285 	4002 	4007
f 4026 	4002 	3282
f 3285 	3282 	4002
f 3271 	3216 	4003
f 3937 	4003 	3216
f 3221 	3286 	4014
f 3221 	4014 	3944
f 3286 	3203 	3934
f 3286 	3934 	4014
f 3934 	3203 	3289
f 3934 	3289 	4007
f 3289 	3285 	4007
f 4016 	4054 	3291
f 4016 	3291 	3290
f 4016 	3290 	3279
f 3280 	3293 	4026
f 3293 	3295 	4028
f 3293 	4028 	4026
f 3295 	3296 	4022
f 3295 	4022 	4028
f 3296 	3298 	4022
f 3307 	3306 	4031
f 3307 	4031 	4030
f 4031 	3306 	3305
f 4031 	3305 	4035
f 4035 	3305 	3304
f 4035 	3304 	4039
f 4040 	4039 	3304
f 4040 	3304 	3303
f 4042 	4040 	3303
f 4042 	3303 	3302
f 4054 	4042 	3302
f 4054 	3302 	3301
f 3313 	3312 	4051
f 3313 	4051 	4059
f 4051 	3312 	3310
f 4054 	3301 	3291
f 3298 	463 	4057
f 3298 	4057 	4022
f 4057 	463 	3318
f 4057 	3318 	4058
f 3318 	3321 	4059
f 3318 	4059 	4058
f 2668 	2689 	4034
f 4021 	4034 	4050
f 2649 	4005 	4050
f 3321 	3313 	4059
f 4061 	3975 	3245
f 4061 	3245 	3308
f 4061 	3308 	3307
f 4061 	3307 	4030
f 4117 	4146 	4065
f 3323 	3260 	4074
f 3981 	4074 	3260
f 4070 	4101 	4068
f 4051 	3310 	4066
f 3324 	4066 	3310
f 4076 	4101 	4070
f 4065 	4068 	4088
f 4066 	3324 	3327
f 4082 	4095 	4076
f 4072 	3331 	3330
f 4072 	3330 	4074
f 4074 	3330 	3323
f 3327 	3334 	4071
f 3327 	4071 	4066
f 4088 	4068 	4101
f 4098 	4101 	4076
f 3971 	4095 	4082
f 3999 	4095 	3971
f 4098 	4076 	4095
f 3334 	3331 	4072
f 3334 	4072 	4071
f 4124 	4114 	4132
f 4136 	4140 	4105
f 4075 	4104 	3338
f 4078 	4075 	3338
f 4078 	3338 	3337
f 4078 	3337 	3336
f 4078 	3336 	4081
f 4062 	4065 	4146
f 4088 	4117 	4065
f 4108 	4084 	3343
f 3344 	3343 	4084
f 4081 	3336 	3340
f 4081 	3340 	4085
f 3348 	3347 	4084
f 3348 	4084 	4090
f 4146 	4150 	4062
f 4113 	4062 	4150
f 4114 	4113 	4150
f 4114 	4150 	4129
f 3347 	3344 	4084
f 4085 	3340 	3339
f 2713 	4105 	4140
f 3959 	2713 	4140
f 4132 	4136 	4105
f 4105 	4124 	4132
f 4129 	4132 	4114
f 3352 	3350 	4091
f 3350 	3354 	4089
f 3350 	4089 	4091
f 4156 	4168 	4152
f 3356 	4090 	4089
f 3356 	4089 	3354
f 3356 	3348 	4090
f 4092 	4110 	3366
f 4092 	3366 	3364
f 4171 	4288 	4168
f 4168 	4156 	4165
f 4093 	4092 	3364
f 4093 	3364 	3363
f 4096 	4093 	3363
f 4096 	3363 	3362
f 4181 	4192 	4178
f 4099 	4096 	3362
f 4099 	3362 	3361
f 4185 	4240 	4181
f 4178 	4192 	4156
f 4102 	4099 	3361
f 4102 	3361 	3360
f 4165 	4156 	4192
f 4188 	4240 	4185
f 3367 	4118 	3369
f 4104 	4102 	3360
f 4104 	3360 	3359
f 4192 	4181 	4203
f 4232 	4236 	4200
f 3372 	3371 	4103
f 3372 	4103 	4107
f 3371 	3369 	4103
f 4203 	4181 	4240
f 4188 	4200 	4236
f 4240 	4188 	4236
f 4104 	3359 	3338
f 3343 	3375 	4108
f 4246 	4273 	4242
f 3375 	3331 	4072
f 3375 	4072 	4108
f 4248 	4283 	4246
f 4072 	3331 	3379
f 4072 	3379 	4107
f 4257 	4291 	4248
f 3379 	3372 	4107
f 4110 	3382 	3381
f 4264 	4242 	4273
f 4110 	3381 	3366
f 4273 	4246 	4283
f 4267 	4291 	4257
f 3367 	3386 	4118
f 4103 	3369 	4118
f 3386 	3387 	4119
f 3386 	4119 	4118
f 3387 	3388 	4115
f 3387 	4115 	4119
f 4283 	4248 	4291
f 4171 	4297 	4288
f 4278 	4297 	4267
f 3388 	3389 	4115
f 3339 	3397 	4120
f 3339 	4120 	4085
f 4120 	3397 	3396
f 4120 	3396 	4122
f 4152 	4168 	4288
f 4278 	4288 	4297
f 4297 	4129 	4267
f 4291 	4267 	4129
f 4122 	3396 	3395
f 4122 	3395 	4125
f 4125 	3395 	3394
f 4125 	3394 	4127
f 3398 	4128 	4133
f 4310 	4330 	4307
f 3398 	3352 	4128
f 4091 	4128 	3352
f 4313 	4712 	4310
f 4321 	4744 	4307
f 4127 	3394 	3393
f 4127 	3393 	4134
f 3403 	3402 	4133
f 3403 	4133 	4138
f 4317 	4712 	4313
f 4133 	3402 	3398
f 4321 	4307 	4330
f 4325 	4702 	4317
f 3867 	3865 	4141
f 4330 	4310 	4712
f 4708 	4712 	4317
f 4242 	4702 	4325
f 4264 	4702 	4242
f 4708 	4317 	4702
f 3865 	3870 	4137
f 3865 	4137 	4141
f 3874 	4138 	4137
f 3874 	4137 	3870
f 4232 	4200 	4715
f 4138 	3874 	3403
f 3884 	3882 	4143
f 3884 	4143 	4142
f 4143 	3882 	3881
f 4143 	3881 	4144
f 4744 	4747 	4303
f 4303 	4307 	4744
f 4724 	4303 	4747
f 4144 	3881 	3880
f 4144 	3880 	4148
f 4151 	4148 	3880
f 4151 	3880 	3879
f 4725 	4724 	4747
f 4747 	4733 	4725
f 4151 	3879 	3878
f 4159 	4172 	3888
f 4740 	4715 	4737
f 4232 	4715 	4740
f 4715 	4731 	4737
f 4731 	4725 	4737
f 4733 	4737 	4725
f 4155 	4134 	3393
f 4155 	3393 	3885
f 3884 	4142 	4155
f 3884 	4155 	3885
f 4754 	4766 	4750
f 3893 	4162 	4161
f 3893 	4161 	3894
f 3893 	3867 	4162
f 4141 	4162 	3867
f 4770 	4866 	4766
f 4766 	4754 	4762
f 3888 	3897 	4159
f 4776 	4789 	4754
f 3897 	3900 	4160
f 3897 	4160 	4159
f 3900 	3894 	4161
f 3900 	4161 	4160
f 4781 	4815 	4779
f 4779 	4789 	4776
f 4166 	4151 	3878
f 4166 	3878 	3906
f 4169 	4166 	3906
f 4169 	3906 	3905
f 4762 	4754 	4789
f 4783 	4815 	4781
f 3910 	3909 	4172
f 3910 	4172 	4176
f 4789 	4779 	4800
f 4798 	4812 	4783
f 3909 	3889 	4172
f 3889 	3888 	4172
f 4169 	3905 	3382
f 4169 	3382 	4110
f 4800 	4779 	4815
f 4812 	4798 	4808
f 4815 	4783 	4812
f 3389 	460 	4174
f 3389 	4174 	4115
f 4174 	460 	3914
f 4174 	3914 	4175
f 4826 	4850 	4816
f 3914 	3915 	4176
f 3914 	4176 	4175
f 3915 	3910 	4176
f 4830 	4856 	4826
f 4179 	4211 	3923
f 4836 	4870 	4830
f 4182 	4179 	3923
f 4182 	3923 	3922
f 4843 	4816 	4850
f 4182 	3922 	3921
f 4182 	3921 	4186
f 4850 	4826 	4856
f 4845 	4870 	4836
f 4186 	3921 	3926
f 4186 	3926 	4190
f 3931 	3930 	4189
f 4856 	4830 	4870
f 3930 	3928 	4189
f 4770 	5424 	4866
f 4853 	5424 	4845
f 4190 	3926 	3925
f 4190 	3925 	4195
f 4198 	3935 	4194
f 3933 	4194 	3935
f 4189 	4194 	3931
f 3933 	3931 	4194
f 4750 	4766 	4866
f 4853 	4866 	5424
f 5424 	4733 	4845
f 4870 	4845 	4733
f 4195 	3925 	3924
f 3939 	3938 	4196
f 3941 	4197 	4196
f 3941 	4196 	3938
f 5450 	5469 	5433
f 3942 	4198 	4197
f 3942 	4197 	3941
f 5429 	5433 	5469
f 4198 	3942 	3935
f 5436 	4808 	4798
f 4204 	4215 	3956
f 4204 	3956 	3954
f 5438 	5465 	5436
f 4205 	4204 	3954
f 4205 	3954 	3953
f 4206 	4205 	3953
f 4206 	3953 	3952
f 5467 	4808 	5436
f 5462 	5465 	5428
f 4207 	4206 	3952
f 4207 	3952 	3951
f 5440 	5455 	5433
f 4209 	4207 	3951
f 4209 	3951 	3949
f 3961 	4218 	3962
f 5442 	5461 	5440
f 4211 	4209 	3949
f 4211 	3949 	3948
f 5446 	5461 	5442
f 3967 	3966 	4210
f 5450 	5433 	5455
f 5451 	5457 	5446
f 3966 	3962 	4210
f 4211 	3948 	3923
f 5455 	5440 	5461
f 5459 	5461 	5446
f 4816 	5457 	5451
f 4843 	5457 	4816
f 5459 	5446 	5457
f 3928 	3969 	4213
f 3928 	4213 	4189
f 3969 	3894 	4161
f 3969 	4161 	4213
f 5427 	5429 	5471
f 5469 	5471 	5429
f 5428 	5427 	5471
f 5428 	5471 	5462
f 4161 	3894 	3976
f 4161 	3976 	4212
f 4210 	4212 	3967
f 3976 	3967 	4212
f 4214 	4256 	3989
f 4214 	3989 	3987
f 4215 	4214 	3987
f 4215 	3987 	3986
f 4215 	3986 	3956
f 3961 	3992 	4218
f 4210 	3962 	4218
f 3992 	3996 	4219
f 3992 	4219 	4218
f 3996 	4001 	4220
f 3996 	4220 	4219
f 4001 	458 	4217
f 4001 	4217 	4220
f 4217 	458 	4004
f 3924 	4015 	4221
f 3924 	4221 	4195
f 4221 	4015 	4013
f 4221 	4013 	4222
f 4222 	4013 	4012
f 4222 	4012 	4223
f 4196 	4224 	4017
f 4196 	4017 	3939
f 4223 	4012 	4010
f 4223 	4010 	4225
f 4019 	4018 	4224
f 4019 	4224 	4228
f 4224 	4018 	4017
f 4029 	4027 	4229
f 4027 	4032 	4226
f 4027 	4226 	4229
f 4036 	4228 	4226
f 4036 	4226 	4032
f 4228 	4036 	4019
f 4047 	4046 	4234
f 4047 	4234 	4233
f 4234 	4046 	4045
f 4234 	4045 	4237
f 4237 	4045 	4044
f 4237 	4044 	4238
f 4241 	4238 	4044
f 4241 	4044 	4043
f 5467 	5436 	5465
f 5438 	5428 	5465
f 4043 	4041 	4241
f 4256 	4241 	4041
f 4262 	4053 	4052
f 4245 	4225 	4010
f 4245 	4010 	4048
f 5485 	5505 	5482
f 5472 	5520 	5482
f 4047 	4233 	4245
f 4047 	4245 	4048
f 4055 	4253 	4252
f 4055 	4252 	4056
f 4055 	4029 	4253
f 4229 	4253 	4029
f 5494 	5508 	5491
f 4052 	4060 	4250
f 4052 	4250 	4262
f 5496 	5508 	5494
f 5488 	5491 	5504
f 4060 	4064 	4251
f 4060 	4251 	4250
f 4064 	4056 	4252
f 4064 	4252 	4251
f 4256 	4041 	4202
f 4256 	4202 	3989
f 5504 	5491 	5508
f 5496 	5500 	5511
f 4004 	4374 	4259
f 4004 	4259 	4217
f 5485 	5511 	5505
f 5500 	5505 	5511
f 4374 	4375 	4260
f 4374 	4260 	4259
f 5508 	5496 	5514
f 4375 	4376 	4262
f 4375 	4262 	4260
f 4262 	4376 	4053
f 5472 	5482 	5505
f 5514 	5496 	5511
f 4378 	4377 	4266
f 4377 	4056 	4252
f 4377 	4252 	4266
f 4252 	4056 	4379
f 4252 	4379 	4265
f 4379 	4380 	4265
f 4268 	4384 	4383
f 5523 	5536 	5520
f 4271 	4268 	4383
f 4271 	4383 	4382
f 5527 	5536 	5523
f 4274 	4271 	4382
f 4274 	4382 	4381
f 5529 	5550 	5527
f 5536 	5480 	5520
f 5482 	5520 	5480
f 5534 	5550 	5529
f 4276 	4274 	4381
f 4276 	4381 	4387
f 4392 	4391 	4275
f 5536 	5527 	5543
f 5540 	5548 	5534
f 4391 	4388 	4275
f 5543 	5527 	5550
f 5550 	5534 	5548
f 4282 	4276 	4387
f 4282 	4387 	4386
f 4393 	4279 	4394
f 4275 	4279 	4392
f 4393 	4392 	4279
f 5554 	5569 	5552
f 5515 	5552 	5564
f 4282 	4386 	4385
f 5556 	5569 	5554
f 4396 	4395 	4284
f 5560 	5576 	5556
f 5564 	5552 	5569
f 5566 	5576 	5560
f 5569 	5556 	5578
f 5488 	5572 	5566
f 5572 	5488 	5504
f 5574 	5566 	5572
f 5576 	5566 	5574
f 5578 	5556 	5576
f 5584 	5609 	5581
f 5582 	5581 	5609
f 5586 	5607 	5515
f 5564 	5586 	5515
f 5515 	5607 	5584
f 5540 	5590 	5603
f 5592 	5582 	5598
f 5548 	5540 	5603
f 5609 	5584 	5607
f 5582 	5609 	5595
f 5600 	5590 	5598
f 5603 	5590 	5600
f 5592 	5598 	5590
f 5595 	5598 	5582
f 5615 	5624 	5611
f 5624 	5615 	5622
f 5637 	5656 	5635
f 5643 	5656 	5637
f 5632 	5635 	5651
f 5651 	5635 	5656
f 5624 	5629 	5652
f 5647 	5659 	5643
f 5656 	5643 	5595
f 5611 	5624 	5652
f 5647 	5652 	5659
f 5659 	5652 	5629
f 5595 	5643 	5659
f 5880 	5903 	5830
f 5837 	5847 	5834
f 5834 	5847 	5615
f 5841 	5861 	5837
f 5622 	5615 	5847
f 5845 	5861 	5841
f 5847 	5837 	5853
f 5851 	5865 	5845
f 5853 	5837 	5861
f 5861 	5845 	5865
f 5857 	5915 	5851
f 5830 	5867 	5880
f 5869 	5885 	5867
f 5871 	5885 	5869
f 5876 	5893 	5871
f 5880 	5867 	5885
f 5895 	5885 	5871
f 5881 	5893 	5876
f 5632 	5889 	5881
f 5889 	5632 	5651
f 5891 	5881 	5889
f 5893 	5881 	5891
f 5895 	5871 	5893
f 5903 	5917 	5830
f 5662 	5830 	5917
f 5906 	5899 	5911
f 5917 	5919 	5662
f 5898 	5662 	5919
f 5899 	5898 	5919
f 5899 	5919 	5908
f 5913 	5857 	5911
f 5915 	5857 	5913
f 5865 	5851 	5915
f 5857 	5906 	5911
f 5908 	5911 	5899
f 5924 	5934 	5920
f 5934 	5924 	5932
f 4397 	4285 	4284
f 4397 	4284 	4395
f 4398 	4286 	4285
f 4398 	4285 	4397
f 4398 	4394 	4286
f 4279 	4286 	4394
f 4385 	4401 	4289
f 4385 	4289 	4282
f 5944 	5958 	5942
f 4289 	4401 	4400
f 4289 	4400 	4292
f 5946 	5958 	5944
f 5938 	5942 	5954
f 4292 	4400 	4399
f 4292 	4399 	4293
f 4284 	4294 	4405
f 4284 	4405 	4396
f 4293 	4399 	4403
f 4293 	4403 	4295
f 4407 	4406 	4294
f 5954 	5942 	5958
f 4294 	4406 	4405
f 5934 	5936 	5955
f 5950 	5960 	5946
f 4295 	4403 	4402
f 5958 	5946 	5908
f 4408 	4409 	4298
f 4408 	4298 	4300
f 5920 	5934 	5955
f 5950 	5955 	5960
f 5960 	5955 	5936
f 5908 	5946 	5960
f 4411 	4299 	4298
f 4411 	4298 	4409
f 4411 	4407 	4299
f 4294 	4299 	4407
f 5965 	5972 	5962
f 4301 	4323 	4418
f 4301 	4418 	4417
f 5968 	5986 	5965
f 5962 	5972 	5924
f 4302 	4301 	4417
f 4302 	4417 	4416
f 5970 	5986 	5968
f 5932 	5924 	5972
f 4306 	4302 	4416
f 4306 	4416 	4415
f 5972 	5965 	5978
f 5982 	5984 	5976
f 4308 	4306 	4415
f 4308 	4415 	4414
f 4311 	4308 	4414
f 4311 	4414 	4413
f 4419 	4331 	4420
f 5978 	5965 	5986
f 5970 	5976 	5984
f 5986 	5970 	5984
f 4316 	4311 	4413
f 4316 	4413 	4412
f 4422 	4421 	4314
f 4421 	4420 	4314
f 4412 	4384 	4316
f 4268 	4316 	4384
f 5982 	5976 	5995
f 4378 	4266 	4388
f 4275 	4388 	4266
f 4380 	4422 	4265
f 4314 	4265 	4422
f 5997 	6018 	5990
f 5999 	6025 	5997
f 6002 	6025 	5999
f 6008 	5990 	6018
f 6012 	6036 	6002
f 6018 	5997 	6025
f 6038 	6025 	6002
f 6020 	6036 	6012
f 5938 	6030 	6020
f 6030 	5938 	5954
f 6033 	6020 	6030
f 6036 	6020 	6033
f 6038 	6002 	6036
f 4322 	4427 	4426
f 4323 	4322 	4426
f 4323 	4426 	4425
f 6008 	6058 	5990
f 5987 	5990 	6058
f 6058 	6060 	5987
f 4323 	4425 	4418
f 4419 	4428 	4331
f 4314 	4420 	4331
f 6042 	5987 	6060
f 6050 	6043 	6060
f 6042 	6060 	6043
f 4428 	4429 	4332
f 4428 	4332 	4331
f 4429 	4431 	4333
f 4429 	4333 	4332
f 6055 	5995 	6053
f 5982 	5995 	6055
f 5995 	6049 	6053
f 6049 	6043 	6053
f 6050 	6053 	6043
f 4431 	455 	4327
f 4431 	4327 	4333
f 4327 	455 	4432
f 4327 	4432 	4347
f 6066 	6074 	6061
f 4438 	4437 	4335
f 4438 	4335 	4334
f 4335 	4437 	4436
f 4335 	4436 	4336
f 4336 	4436 	4435
f 4336 	4435 	4337
f 6074 	6066 	6072
f 4339 	4337 	4435
f 4339 	4435 	4434
f 4339 	4434 	4433
f 6082 	6098 	6080
f 6084 	6098 	6082
f 6077 	6080 	6093
f 6093 	6080 	6098
f 6074 	6076 	6095
f 6089 	6100 	6084
f 6098 	6084 	6050
f 6061 	6074 	6095
f 6089 	6095 	6100
f 6100 	6095 	6076
f 6050 	6084 	6100
f 6103 	6111 	6066
f 6107 	6125 	6105
f 6105 	6111 	6103
f 6109 	6125 	6107
f 6072 	6066 	6111
f 6111 	6105 	6117
f 6115 	6123 	6109
f 6117 	6105 	6125
f 6123 	6115 	6121
f 6125 	6109 	6123
f 6133 	6180 	6131
f 6137 	6121 	6115
f 6139 	6174 	6137
f 6121 	6137 	6178
f 6171 	6174 	6130
f 6142 	6160 	6140
f 6140 	6155 	6133
f 6146 	6160 	6142
f 6150 	6133 	6155
f 6151 	6167 	6146
f 6155 	6140 	6160
f 6170 	6160 	6146
f 6156 	6167 	6151
f 6077 	6163 	6156
f 6163 	6077 	6093
f 6165 	6156 	6163
f 6167 	6156 	6165
f 6170 	6146 	6167
f 6129 	6131 	6182
f 6180 	6182 	6131
f 6150 	6180 	6133
f 6130 	6129 	6182
f 6130 	6182 	6171
f 6178 	6137 	6174
f 6139 	6130 	6174
f 4342 	4349 	4441
f 4340 	4295 	4402
f 4340 	4402 	4440
f 4438 	4334 	4340
f 4438 	4340 	4440
f 4443 	4345 	4344
f 4443 	4344 	4444
f 4300 	4345 	4443
f 4300 	4443 	4408
f 4441 	4445 	4342
f 4445 	4446 	4343
f 4445 	4343 	4342
f 4446 	4444 	4344
f 4446 	4344 	4343
f 4346 	4339 	4433
f 4346 	4433 	4448
f 4448 	4427 	4346
f 4322 	4346 	4427
f 4432 	4449 	4347
f 4449 	4450 	4348
f 4449 	4348 	4347
f 4450 	4451 	4349
f 4450 	4349 	4348
f 4451 	4442 	4349
f 4442 	4441 	4349
f 4453 	4452 	4351
f 4453 	4351 	4356
f 4452 	4444 	4344
f 4452 	4344 	4351
f 4344 	4444 	4455
f 4344 	4455 	4350
f 4893 	4350 	4456
f 4455 	4456 	4350
f 4353 	4463 	4462
f 4354 	4353 	4462
f 4354 	4462 	4461
f 4355 	4354 	4461
f 4355 	4461 	4460
f 4464 	4453 	4356
f 4357 	4355 	4460
f 4357 	4460 	4459
f 4467 	4466 	4356
f 4467 	4356 	4358
f 4466 	4464 	4356
f 4359 	4357 	4459
f 4359 	4459 	4458
f 4361 	4469 	4358
f 4468 	4358 	4469
f 4468 	4467 	4358
f 4359 	4458 	4457
f 4472 	4470 	4362
f 4473 	4360 	4362
f 4473 	4362 	4470
f 4474 	4361 	4360
f 4474 	4360 	4473
f 4361 	4474 	4469
f 4457 	4480 	4364
f 4457 	4364 	4359
f 4364 	4480 	4479
f 4364 	4479 	4365
f 4365 	4479 	4478
f 4365 	4478 	4366
f 4481 	4472 	4367
f 4362 	4367 	4472
f 4366 	4478 	4477
f 4366 	4477 	4369
f 4483 	4482 	4367
f 4367 	4482 	4481
f 4369 	4477 	4476
f 4485 	4484 	4370
f 4484 	4486 	4371
f 4484 	4371 	4370
f 4487 	4372 	4371
f 4487 	4371 	4486
f 4487 	4483 	4372
f 4367 	4372 	4483
f 4373 	4491 	4490
f 4875 	4373 	4490
f 4875 	4490 	4489
f 4877 	4875 	4489
f 4877 	4489 	4488
f 4499 	4498 	4879
f 4880 	4877 	4488
f 4880 	4488 	4496
f 4500 	452 	4879
f 4879 	452 	4499
f 4883 	4880 	4496
f 4883 	4496 	4495
f 4502 	4501 	4882
f 7935 	7936 	7960
f 7968 	7942 	7940
f 7945 	7942 	7968
f 7950 	7951 	7933
f 7960 	7961 	7935
f 7961 	7964 	7938
f 7961 	7938 	7935
f 7940 	7938 	7967
f 7964 	7967 	7938
f 7967 	7968 	7940
f 7971 	7945 	7968
f 7945 	7971 	7946
f 7972 	7946 	7971
f 7974 	7948 	7946
f 7974 	7946 	7972
f 7933 	7948 	7950
f 7974 	7950 	7948
f 7933 	7936 	7935
f 7933 	7935 	7938
f 7933 	7938 	7940
f 7933 	7940 	7942
f 7945 	7946 	7942
f 7948 	7942 	7946
f 7933 	7942 	7948
f 8025 	7936 	8024
f 8030 	8031 	8026
f 8026 	7936 	8025
f 8029 	7936 	8026
f 7933 	8024 	7936
f 8029 	8026 	8031
f 8025 	8056 	8026
f 7960 	7936 	8029
f 8031 	8059 	8029
f 8056 	8058 	8026
f 6785 	8065 	8030
f 8031 	8030 	8064
f 8054 	8024 	7951
f 7933 	7951 	8024
f 8025 	8024 	8055
f 8054 	8055 	8024
f 8055 	8056 	8025
f 8060 	7960 	8029
f 8060 	8029 	8059
f 8062 	8059 	8031
f 8064 	8030 	8065
f 8062 	8031 	8064
f 8096 	8097 	8095
f 8094 	8095 	8097
f 8093 	8094 	8097
f 8093 	8097 	8098
f 8093 	8098 	8099
f 8097 	8096 	8103
f 8102 	8103 	8096
f 8102 	8096 	8104
f 8102 	8104 	8105
f 8102 	8105 	8106
f 8102 	8106 	8107
f 8102 	8107 	8108
f 8102 	8108 	8109
f 8102 	8109 	8110
f 8102 	8110 	8111
f 8102 	8111 	8112
f 8102 	8112 	8113
f 8102 	8113 	8114
f 8098 	8233 	8099
f 8233 	8093 	8099
f 6751 	6773 	6750
f 6765 	6750 	6773
f 6763 	6765 	6773
f 6773 	6751 	6752
f 6773 	6774 	6763
f 6763 	6755 	6756
f 6763 	6756 	6758
f 6763 	6758 	6759
f 6763 	6759 	6760
f 6763 	6760 	6761
f 6773 	6752 	6769
f 6773 	6769 	6770
f 6773 	6770 	6771
f 6773 	6771 	6772
f 6775 	6763 	6774
f 6755 	6763 	6767
f 6767 	6763 	6775
f 6777 	6772 	6771
f 8026 	6778 	6779
f 8026 	6779 	6780
f 8026 	6780 	6781
f 8026 	6781 	6782
f 8026 	6782 	6784
f 8026 	6784 	6785
f 8026 	6785 	8030
f 6989 	6988 	8137
f 8137 	6988 	6987
f 8137 	6987 	8138
f 6994 	6993 	8142
f 8138 	6987 	6986
f 8138 	6986 	8140
f 6996 	8142 	6997
f 6996 	6994 	8142
f 8140 	6986 	6992
f 8140 	6992 	8143
f 6998 	8144 	6999
f 6998 	6997 	8144
f 8142 	8144 	6997
f 8143 	6992 	6991
f 8143 	6991 	8147
f 7001 	6999 	8148
f 8144 	8148 	6999
f 8147 	6991 	6990
f 7003 	7002 	8151
f 7002 	7004 	8152
f 7002 	8152 	8151
f 7004 	6190 	6189
f 7004 	6189 	8152
f 6190 	7001 	6189
f 8148 	6189 	7001
f 8153 	7011 	7010
f 8154 	8153 	7010
f 8154 	7010 	7009
f 8156 	8154 	7009
f 8156 	7009 	7008
f 8157 	8156 	7008
f 8157 	7008 	7007
f 8166 	8160 	7016
f 8158 	8157 	7007
f 8158 	7007 	7006
f 7017 	7016 	8160
f 7018 	7017 	8160
f 8161 	8158 	7006
f 8161 	7006 	7015
f 7019 	6730 	6729
f 6729 	6730 	7018
f 6729 	7018 	8160
f 8161 	7015 	6989
f 8161 	6989 	8137
f 6993 	7020 	8162
f 6993 	8162 	8142
f 7020 	7021 	8163
f 7020 	8163 	8162
f 6729 	8163 	7019
f 7021 	7019 	8163
f 8164 	8147 	6990
f 8164 	6990 	7013
f 8164 	7013 	7012
f 8165 	7024 	7023
f 7023 	7011 	8165
f 8153 	8165 	7011
f 7016 	7025 	8166
f 7025 	7026 	8167
f 7025 	8167 	8166
f 7026 	7027 	8168
f 7026 	8168 	8167
f 7027 	7028 	8168
f 7034 	8169 	7035
f 8187 	7035 	8169
f 8170 	8169 	7034
f 8170 	7034 	7033
f 8171 	8170 	7033
f 8171 	7033 	7032
f 8172 	8171 	7032
f 8172 	7032 	7031
f 7038 	7037 	8174
f 8173 	8172 	7031
f 8173 	7031 	7030
f 7040 	7039 	8174
f 7039 	7038 	8174
f 8175 	8173 	7030
f 8175 	7030 	7036
f 6812 	7041 	8176
f 8174 	8176 	7040
f 7041 	7040 	8176
f 7036 	7024 	8175
f 8165 	8175 	7024
f 7028 	7042 	8180
f 7028 	8180 	8168
f 7042 	6812 	8181
f 7042 	8181 	8180
f 8181 	6812 	8176
f 7045 	7044 	8185
f 7045 	8185 	8186
f 8185 	7044 	7043
f 8185 	7043 	8187
f 8187 	7043 	7035
f 7037 	7048 	8188
f 7037 	8188 	8174
f 7048 	7049 	8188
f 8201 	8188 	7049
f 7012 	7047 	8191
f 7012 	8191 	8164
f 8191 	7047 	7046
f 8191 	7046 	8192
f 8151 	8198 	7003
f 8192 	7046 	7045
f 8192 	7045 	8186
f 8194 	7052 	7051
f 8194 	7051 	8195
f 7051 	7053 	8196
f 7051 	8196 	8195
f 7054 	8198 	8196
f 7054 	8196 	7053
f 7054 	7050 	8198
f 7050 	7003 	8198
f 7049 	7056 	8201
f 7056 	7057 	8202
f 7056 	8202 	8201
f 7057 	7052 	8194
f 7057 	8194 	8202
f 7062 	7061 	8203
f 8203 	7061 	7060
f 8203 	7060 	8204
f 7067 	7066 	8206
f 8204 	7060 	7059
f 8204 	7059 	8205
f 7068 	8206 	7069
f 4879 	4882 	4500
f 4501 	4500 	4882
f 4885 	4883 	4495
f 4885 	4495 	4494
f 4514 	4513 	4884
f 4882 	4884 	4502
f 4513 	4502 	4884
f 4891 	4885 	4494
f 4891 	4494 	4493
f 4516 	4515 	4889
f 4884 	4889 	4514
f 4515 	4514 	4889
f 4894 	4891 	4493
f 4894 	4493 	4492
f 4518 	4893 	4456
f 4889 	4893 	4516
f 4518 	4516 	4893
f 4492 	4463 	4894
f 4353 	4894 	4463
f 4524 	4523 	4898
f 4524 	4898 	4897
f 4898 	4523 	4522
f 4898 	4522 	4900
f 4900 	4522 	4521
f 4900 	4521 	4901
f 4903 	4901 	4521
f 4903 	4521 	4520
f 4905 	4903 	4520
f 4905 	4520 	4519
f 4519 	4491 	4905
f 4373 	4905 	4491
f 4498 	4527 	4907
f 4498 	4907 	4879
f 4527 	4528 	4908
f 4527 	4908 	4907
f 4528 	4530 	4909
f 4528 	4909 	4908
f 4909 	4530 	4526
f 4913 	4369 	4476
f 4913 	4476 	4525
f 4913 	4525 	4524
f 4913 	4524 	4897
f 4532 	4920 	4919
f 4532 	4919 	4531
f 4532 	4485 	4920
f 4370 	4920 	4485
f 4526 	4534 	4922
f 4526 	4922 	4909
f 4534 	4535 	4918
f 4534 	4918 	4922
f 4535 	4531 	4919
f 4535 	4919 	4918
f 4924 	4540 	4539
f 4926 	4924 	4539
f 4926 	4539 	4537
f 4926 	4537 	4536
f 4542 	4541 	4929
f 4541 	4543 	4930
f 4541 	4930 	4929
f 4543 	4544 	4928
f 4543 	4928 	4930
f 4544 	4545 	4928
f 4536 	4551 	4936
f 4536 	4936 	4926
f 4936 	4551 	4550
f 4936 	4550 	4939
f 4939 	4550 	4549
f 4939 	4549 	4944
f 4944 	4549 	4548
f 4944 	4548 	4946
f 4929 	4947 	4542
f 4946 	4548 	4547
f 4946 	4547 	4950
f 4555 	4947 	4951
f 4555 	4554 	4947
f 4554 	4542 	4947
f 4950 	4547 	4553
f 4950 	4553 	4952
f 4558 	489 	4951
f 4951 	489 	4555
f 8095 	8238 	8096
f 8238 	8240 	8096
f 8246 	8113 	8112
f 8114 	8113 	8246
f 8097 	8103 	8228
f 8104 	8260 	8105
f 8105 	8260 	8106
f 7068 	7067 	8206
f 8268 	8109 	8108
f 8205 	7059 	7065
f 8205 	7065 	8226
f 8110 	8109 	8268
f 7071 	8227 	7072
f 8228 	8229 	8097
f 7071 	7069 	8227
f 8206 	8227 	7069
f 8098 	8097 	8230
f 8229 	8230 	8097
f 8226 	7065 	7064
f 8226 	7064 	8232
f 8230 	8233 	8098
f 7073 	8234 	7074
f 8093 	8233 	8235
f 8235 	8236 	8094
f 8235 	8094 	8093
f 7073 	7072 	8234
f 8227 	8234 	7072
f 8095 	8094 	8237
f 8236 	8237 	8094
f 8232 	7064 	7063
f 8237 	8238 	8095
f 7076 	7075 	8239
f 7076 	8239 	8311
f 8104 	8096 	8240
f 7075 	7077 	8241
f 7075 	8241 	8239
f 8243 	8111 	8242
f 8110 	8242 	8111
f 7077 	6198 	6197
f 7077 	6197 	8241
f 8112 	8111 	8245
f 8243 	8245 	8111
f 6198 	7074 	6197
f 8234 	6197 	7074
f 8245 	8246 	8112
f 8248 	7083 	7082
f 8114 	8246 	8249
f 8250 	8248 	7082
f 8250 	7082 	7081
f 8249 	8252 	8102
f 8249 	8102 	8114
f 8253 	8250 	7081
f 8253 	7081 	7080
f 8102 	8252 	8103
f 8254 	8103 	8252
f 8257 	8253 	7080
f 8257 	7080 	7079
f 8228 	8103 	8254
f 7086 	7085 	8262
f 8240 	8258 	8104
f 8259 	8257 	7079
f 8259 	7079 	7078
f 8258 	8260 	8104
f 7052 	7087 	8262
f 8260 	8263 	8106
f 7087 	7086 	8262
f 8263 	8264 	8107
f 8263 	8107 	8106
f 8265 	8259 	7078
f 8265 	7078 	7084
f 8108 	8107 	8267
f 8264 	8267 	8107
f 7088 	7052 	8194
f 7088 	8194 	8270
f 8108 	8267 	8268
f 8194 	7052 	8262
f 8242 	8110 	8268
f 4952 	4553 	4552
f 8265 	7084 	7062
f 8265 	7062 	8203
f 4560 	4559 	4955
f 7066 	7089 	8269
f 7066 	8269 	8206
f 4559 	4561 	4954
f 4559 	4954 	4955
f 4561 	4558 	4954
f 4951 	4954 	4558
f 7089 	7090 	8270
f 7089 	8270 	8269
f 4957 	4568 	4567
f 7090 	7088 	8270
f 4958 	4957 	4567
f 4958 	4567 	4566
f 8273 	7093 	7092
f 4963 	4958 	4566
f 4963 	4566 	4565
f 8274 	8273 	7092
f 8274 	7092 	7091
f 4570 	4569 	4967
f 7091 	7083 	8274
f 8248 	8274 	7083
f 4968 	4963 	4565
f 4968 	4565 	4564
f 7085 	7094 	8279
f 7085 	8279 	8262
f 4572 	4571 	4967
f 7094 	7095 	8281
f 7094 	8281 	8279
f 4571 	4570 	4967
f 7095 	7096 	8282
f 7095 	8282 	8281
f 4973 	4968 	4564
f 4973 	4564 	4563
f 8299 	8282 	7097
f 7096 	7097 	8282
f 4574 	4573 	4972
f 8286 	8304 	7103
f 4967 	4972 	4572
f 4573 	4572 	4972
f 4563 	4540 	4973
f 4924 	4973 	4540
f 7103 	7102 	8286
f 8288 	8286 	7102
f 4545 	4575 	4978
f 4545 	4978 	4928
f 8289 	8288 	7102
f 8289 	7102 	7101
f 4575 	4577 	4974
f 4575 	4974 	4978
f 8290 	8289 	7101
f 8290 	7101 	7100
f 4974 	4577 	4578
f 4974 	4578 	4975
f 8292 	8290 	7100
f 8292 	7100 	7099
f 4972 	4975 	4574
f 4578 	4574 	4975
f 7107 	8306 	7108
f 4979 	4586 	4585
f 8294 	8292 	7099
f 8294 	7099 	7098
f 4981 	4979 	4585
f 4981 	4585 	4584
f 7110 	7109 	8296
f 4984 	4981 	4584
f 4984 	4584 	4583
f 7109 	7108 	8296
f 4986 	4984 	4583
f 4986 	4583 	4582
f 7098 	7093 	8294
f 8273 	8294 	7093
f 4987 	4986 	4582
f 4987 	4582 	4581
f 4990 	4987 	4581
f 4990 	4581 	4580
f 7097 	7111 	8299
f 7111 	6810 	8300
f 7111 	8300 	8299
f 4580 	4568 	4990
f 4957 	4990 	4568
f 8300 	6810 	7112
f 8300 	7112 	8301
f 4569 	4588 	5006
f 4569 	5006 	4967
f 4588 	4590 	5007
f 4588 	5007 	5006
f 8296 	8301 	7110
f 7112 	7110 	8301
f 4590 	4592 	5003
f 4590 	5003 	5007
f 8302 	8232 	7063
f 8302 	7063 	7106
f 5003 	4592 	4593
f 5003 	4593 	5004
f 8303 	8302 	7106
f 8303 	7106 	7105
f 4593 	4594 	5005
f 4593 	5005 	5004
f 8303 	7105 	7104
f 4594 	4595 	5005
f 7114 	7113 	8304
f 7114 	8304 	8305
f 4598 	4597 	5010
f 4598 	5010 	5009
f 7103 	8304 	7113
f 5010 	4597 	4596
f 5010 	4596 	5011
f 7107 	7116 	8306
f 8296 	7108 	8306
f 5011 	4596 	4586
f 5011 	4586 	4979
f 7116 	7117 	8306
f 8312 	8306 	7117
f 4595 	4601 	5015
f 4595 	5015 	5005
f 7104 	7115 	8307
f 7104 	8307 	8303
f 4601 	4602 	5015
f 5024 	5015 	4602
f 8307 	7115 	7114
f 8307 	7114 	8305
f 4552 	4600 	5018
f 4552 	5018 	4952
f 8308 	7119 	7118
f 8308 	7118 	8309
f 5018 	4600 	4599
f 5018 	4599 	5019
f 7121 	8310 	8309
f 7121 	8309 	7118
f 4603 	4560 	5029
f 4955 	5029 	4560
f 7122 	8311 	8310
f 7122 	8310 	7121
f 5019 	4599 	4598
f 5019 	4598 	5009
f 8311 	7122 	7076
f 5026 	4605 	4604
f 5026 	4604 	5027
f 7117 	7124 	8312
f 4604 	4606 	5028
f 4604 	5028 	5027
f 7124 	7125 	8313
f 7124 	8313 	8312
f 4608 	5029 	5028
f 4608 	5028 	4606
f 7125 	7119 	8308
f 7125 	8308 	8313
f 5029 	4608 	4603
f 4602 	4611 	5024
f 7130 	7128 	8314
f 4611 	4613 	5025
f 4611 	5025 	5024
f 8314 	7128 	7127
f 8314 	7127 	8315
f 4613 	4605 	5026
f 4613 	5026 	5025
f 7135 	7134 	8317
f 8315 	7127 	7126
f 8315 	7126 	8316
f 5030 	4618 	4617
f 7136 	8317 	7137
f 5033 	5030 	4617
f 5033 	4617 	4616
f 7136 	7135 	8317
f 5033 	4616 	4615
f 5033 	4615 	5035
f 8316 	7126 	7133
f 8316 	7133 	8319
f 4654 	5086 	4655
f 7138 	8321 	7139
f 5035 	4615 	4653
f 7138 	7137 	8321
f 8317 	8321 	7137
f 4657 	4656 	5044
f 8319 	7133 	7132
f 8319 	7132 	8323
f 4656 	4659 	5037
f 4656 	5037 	5044
f 7141 	8325 	7142
f 4659 	4660 	5038
f 4659 	5038 	5037
f 7141 	7139 	8325
f 8321 	8325 	7139
f 4660 	4655 	5038
f 8323 	7132 	7131
f 4653 	4666 	5046
f 4653 	5046 	5035
f 7144 	7143 	8326
f 5046 	4666 	4665
f 5046 	4665 	5048
f 7143 	7145 	8327
f 7143 	8327 	8326
f 5048 	4665 	4664
f 5048 	4664 	5052
f 7145 	7146 	8328
f 7145 	8328 	8327
f 7146 	6212 	6211
f 7146 	6211 	8328
f 6212 	7142 	6211
f 8325 	6211 	7142
f 8329 	7153 	7152
f 8330 	8329 	7152
f 8330 	7152 	7151
f 8331 	8330 	7151
f 8331 	7151 	7150
f 8332 	8331 	7150
f 8332 	7150 	7149
f 7156 	7155 	8334
f 8333 	8332 	7149
f 8333 	7149 	7148
f 7119 	7157 	8334
f 7157 	7156 	8334
f 8335 	8333 	7148
f 8335 	7148 	7154
f 7158 	7119 	8308
f 7158 	8308 	8338
f 8308 	7119 	8334
f 8335 	7154 	7130
f 8335 	7130 	8314
f 7134 	7159 	8336
f 7134 	8336 	8317
f 7159 	7160 	8338
f 7159 	8338 	8336
f 7160 	7158 	8338
f 8339 	7163 	7162
f 8340 	8339 	7162
f 8340 	7162 	7161
f 7161 	7153 	8340
f 8329 	8340 	7153
f 7155 	7164 	8341
f 7155 	8341 	8334
f 7164 	7165 	8342
f 7164 	8342 	8341
f 7165 	7166 	8343
f 7165 	8343 	8342
f 7166 	7167 	8343
f 8344 	8358 	7170
f 8344 	7170 	7169
f 8344 	7169 	7168
f 8345 	8323 	7131
f 8345 	7131 	7173
f 8346 	8345 	7173
f 8346 	7173 	7172
f 8346 	7172 	7171
f 7168 	7178 	8347
f 7168 	8347 	8344
f 8348 	8347 	7178
f 8348 	7178 	7177
f 8349 	8348 	7177
f 8349 	7177 	7176
f 8350 	8349 	7176
f 8350 	7176 	7175
f 7181 	7180 	8351
f 7180 	7182 	8351
f 7182 	7191 	8351
f 8352 	8350 	7175
f 8352 	7175 	7174
f 7184 	7183 	8353
f 8351 	8353 	7181
f 7183 	7181 	8353
f 7174 	7163 	8352
f 8339 	8352 	7163
f 7167 	7185 	8354
f 7167 	8354 	8343
f 7185 	6808 	8355
f 7185 	8355 	8354
f 8355 	6808 	7187
f 8355 	7187 	8356
f 8353 	8356 	7184
f 7187 	7184 	8356
f 7189 	7188 	8358
f 7189 	8358 	8359
f 8358 	7188 	7170
f 8365 	8351 	7191
f 7171 	7190 	8360
f 7171 	8360 	8346
f 8360 	7190 	7189
f 8360 	7189 	8359
f 8362 	7193 	7192
f 8362 	7192 	8363
f 7194 	8364 	8363
f 7194 	8363 	7192
f 7194 	7144 	8364
f 8326 	8364 	7144
f 7191 	7195 	8365
f 7195 	7196 	8366
f 7195 	8366 	8365
f 7196 	7193 	8362
f 7196 	8362 	8366
f 7200 	7199 	8367
f 8367 	7199 	7198
f 8367 	7198 	8369
f 7205 	7204 	8372
f 8369 	7198 	7197
f 8369 	7197 	8370
f 7206 	8372 	7207
f 7206 	7205 	8372
f 8370 	7197 	7203
f 8370 	7203 	8375
f 8378 	7209 	8376
f 7208 	8376 	7209
f 7208 	7207 	8376
f 8372 	8376 	7207
f 8375 	7203 	7202
f 8375 	7202 	8377
f 7211 	8378 	7212
f 8378 	7211 	7209
f 8377 	7202 	7201
f 7214 	7213 	8384
f 7213 	7215 	8385
f 7213 	8385 	8384
f 7215 	7216 	8386
f 7215 	8386 	8385
f 6750 	6765 	8599
f 7216 	6229 	6228
f 7216 	6228 	8386
f 8600 	6751 	6750
f 6751 	8601 	6752
f 6229 	7212 	6228
f 8378 	6228 	7212
f 8602 	8604 	6752
f 6769 	6752 	8604
f 8387 	7222 	7221
f 8388 	8387 	7221
f 8388 	7221 	7220
f 8390 	8388 	7220
f 8390 	7220 	7219
f 8811 	6756 	6755
f 8391 	8390 	7219
f 8391 	7219 	7218
f 7225 	7224 	8401
f 8396 	8391 	7218
f 8396 	7218 	7217
f 7193 	7227 	8401
f 8399 	8400 	8398
f 8397 	8398 	8400
f 7227 	7225 	8401
f 8403 	8396 	7217
f 8403 	7217 	7223
f 8404 	8405 	8402
f 8400 	8402 	8405
f 8400 	8405 	8406
f 8400 	8406 	8407
f 8400 	8407 	8408
f 8400 	8408 	8409
f 8400 	8409 	8484
f 7229 	7193 	8362
f 7229 	8362 	8413
f 8397 	8420 	8398
f 8362 	7193 	8401
f 8398 	8422 	8399
f 8403 	7223 	7200
f 8403 	7200 	8367
f 8400 	8399 	8425
f 8422 	8425 	8399
f 7204 	7230 	8412
f 7204 	8412 	8372
f 8425 	8427 	8400
f 7230 	7231 	8413
f 7230 	8413 	8412
f 7231 	7229 	8413
f 8414 	7235 	7234
f 8415 	8414 	7234
f 8415 	7234 	7233
f 8405 	8436 	8406
f 7233 	7222 	8415
f 8387 	8415 	7222
f 8436 	8407 	8406
f 7224 	7236 	8416
f 7224 	8416 	8401
f 7236 	7237 	8417
f 7236 	8417 	8416
f 7237 	7238 	8418
f 7237 	8418 	8417
f 8397 	8419 	8420
f 7238 	7239 	8418
f 8398 	8420 	8421
f 8421 	8422 	8398
f 7244 	7243 	8423
f 7244 	8423 	8424
f 8426 	8423 	7243
f 8426 	7243 	7242
f 8402 	8400 	8427
f 8426 	7242 	7241
f 8429 	8409 	8428
f 8430 	8377 	7201
f 8430 	7201 	7247
f 8427 	8431 	8402
f 8432 	8430 	7247
f 8432 	7247 	7246
f 8404 	8402 	8433
f 8431 	8433 	8402
f 8434 	8432 	7246
f 8434 	7246 	7245
f 8435 	8405 	8433
f 8404 	8433 	8405
f 7244 	8424 	8434
f 7244 	8434 	7245
f 8435 	8436 	8405
f 8407 	8436 	8437
f 7241 	7254 	8438
f 7241 	8438 	8426
f 8407 	8437 	8408
f 8439 	8408 	8437
f 8440 	8438 	7254
f 8440 	7254 	7253
f 8428 	8409 	8408
f 8428 	8408 	8439
f 8441 	8440 	7253
f 8441 	7253 	7252
f 8483 	8445 	7256
f 8442 	8441 	7252
f 8442 	7252 	7251
f 7259 	7258 	8445
f 7259 	8445 	8453
f 7258 	7257 	8445
f 7257 	7256 	8445
f 8449 	8442 	7251
f 8449 	7251 	7250
f 7261 	7260 	8453
f 7260 	7259 	8453
f 7250 	7235 	8449
f 8414 	8449 	7235
f 8456 	8457 	8455
f 8457 	8458 	8455
f 8458 	8459 	8455
f 8459 	8460 	8455
f 8454 	8455 	8460
f 7239 	7262 	8461
f 7239 	8461 	8418
f 7262 	6806 	8462
f 7262 	8462 	8461
f 8462 	6806 	7263
f 8462 	7263 	8463
f 8453 	8463 	7261
f 7263 	7261 	8463
f 8464 	8465 	8466
f 8464 	8466 	8467
f 8464 	8467 	8468
f 8464 	8468 	8469
f 8464 	8469 	8470
f 8464 	8470 	8471
f 8464 	8471 	8472
f 8464 	8472 	8473
f 8464 	8473 	8474
f 8475 	8477 	8474
f 8456 	8477 	8475
f 8455 	8477 	8456
f 8464 	8474 	8477
f 8476 	7265 	7264
f 8476 	7264 	8478
f 7266 	8479 	8478
f 7266 	8478 	7264
f 8400 	8480 	8481
f 8400 	8481 	8482
f 8400 	8482 	8397
f 7266 	7214 	8479
f 8384 	8479 	7214
f 7256 	7267 	8483
f 8486 	8400 	8485
f 8487 	8400 	8486
f 8488 	8400 	8487
f 8489 	8400 	8488
f 8480 	8400 	8489
f 8484 	8485 	8400
f 7267 	7268 	8490
f 7267 	8490 	8483
f 7268 	7265 	8476
f 7268 	8476 	8490
f 7273 	7272 	8491
f 8491 	7272 	7271
f 8491 	7271 	8492
f 7278 	7277 	8494
f 8492 	7271 	7270
f 8492 	7270 	8493
f 7280 	8494 	7281
f 7280 	7278 	8494
f 8493 	7270 	7276
f 8493 	7276 	8495
f 8498 	7285 	8496
f 7283 	8496 	7285
f 7283 	7281 	8496
f 8494 	8496 	7281
f 8495 	7276 	7275
f 8495 	7275 	8497
f 6240 	7287 	8498
f 7286 	8498 	7287
f 8498 	7286 	7285
f 8497 	7275 	7274
f 7289 	7288 	8499
f 7288 	7290 	8500
f 7288 	8500 	8499
f 4670 	4657 	5054
f 5044 	5054 	4657
f 7290 	7292 	8501
f 7290 	8501 	8500
f 5052 	4664 	4663
f 5052 	4663 	5055
f 7292 	6241 	6240
f 7292 	6240 	8501
f 4671 	5054 	4672
f 6240 	6241 	7287
f 5054 	4671 	4670
f 8503 	7299 	7298
f 5055 	4663 	4669
f 5055 	4669 	5058
f 8504 	8503 	7298
f 8504 	7298 	7297
f 8505 	8504 	7297
f 8505 	7297 	7296
f 8506 	8505 	7296
f 8506 	7296 	7295
f 493 	4672 	5057
f 5054 	5057 	4672
f 8516 	8508 	7301
f 7302 	7301 	8508
f 5058 	4669 	4668
f 5058 	4668 	5060
f 4675 	4674 	5059
f 8507 	8506 	7295
f 8507 	7295 	7294
f 5057 	5059 	4674
f 5057 	4674 	493
f 7303 	7302 	8508
f 5060 	4668 	4667
f 8510 	8507 	7294
f 8510 	7294 	7300
f 4676 	5068 	4677
f 4676 	4675 	5068
f 5059 	5068 	4675
f 7305 	7265 	8476
f 7305 	8476 	8512
f 8476 	7265 	7303
f 8476 	7303 	8508
f 5071 	4684 	4683
f 5074 	5071 	4683
f 5074 	4683 	4682
f 8510 	7300 	7273
f 8510 	7273 	8491
f 5075 	5074 	4682
f 5075 	4682 	4681
f 7277 	7306 	8511
f 7277 	8511 	8494
f 7306 	7307 	8512
f 7306 	8512 	8511
f 5078 	5075 	4681
f 5078 	4681 	4680
f 7307 	7305 	8512
f 4687 	4686 	5080
f 8513 	7311 	7309
f 5081 	5078 	4680
f 5081 	4680 	4679
f 8514 	8513 	7309
f 8514 	7309 	7308
f 4689 	4688 	5080
f 4689 	5080 	5082
f 4688 	4687 	5080
f 7308 	7299 	8514
f 8503 	8514 	7299
f 5084 	5081 	4679
f 5084 	4679 	4678
f 7301 	7313 	8516
f 4692 	4691 	5082
f 7313 	7314 	8517
f 7313 	8517 	8516
f 4691 	4689 	5082
f 7314 	7315 	8518
f 7314 	8518 	8517
f 7315 	7317 	8519
f 7315 	8519 	8518
f 4678 	4618 	5084
f 5030 	5084 	4618
f 8535 	8519 	7319
f 7317 	7319 	8519
f 4654 	4693 	5086
f 5038 	4655 	5086
f 7323 	7322 	8520
f 7323 	8520 	8521
f 4693 	4605 	5026
f 4693 	5026 	5086
f 8520 	7322 	7321
f 8520 	7321 	8522
f 5026 	4605 	4695
f 5026 	4695 	5085
f 8522 	7321 	7320
f 5082 	5085 	4692
f 4695 	4692 	5085
f 8523 	8497 	7274
f 8523 	7274 	7326
f 5091 	4706 	4705
f 8524 	8523 	7326
f 8524 	7326 	7325
f 5095 	5091 	4705
f 5095 	4705 	4704
f 5097 	5095 	4704
f 5097 	4704 	4703
f 8525 	8524 	7325
f 8525 	7325 	7324
f 7323 	8521 	8525
f 7323 	8525 	7324
f 5099 	5097 	4703
f 5099 	4703 	4700
f 7327 	7289 	8542
f 8499 	8542 	7289
f 5103 	5099 	4700
f 5103 	4700 	4698
f 4710 	4709 	5125
f 7320 	7333 	8527
f 7320 	8527 	8522
f 5104 	5103 	4698
f 5104 	4698 	4697
f 8528 	8527 	7333
f 8528 	7333 	7332
f 4697 	4684 	5104
f 5071 	5104 	4684
f 8529 	8528 	7332
f 8529 	7332 	7331
f 4686 	4713 	5111
f 4686 	5111 	5080
f 8532 	7335 	7334
f 4713 	4714 	5112
f 4713 	5112 	5111
f 8530 	8529 	7331
f 8530 	7331 	7330
f 4714 	4717 	5108
f 4714 	5108 	5112
f 7337 	7336 	8532
f 5108 	4717 	4719
f 5108 	4719 	5109
f 8532 	7336 	7335
f 4719 	4723 	5110
f 4719 	5110 	5109
f 8533 	8530 	7330
f 8533 	7330 	7329
f 5125 	5110 	4710
f 4723 	4710 	5110
f 7339 	7338 	8534
f 4728 	4727 	5117
f 4728 	5117 	5115
f 8532 	8534 	7337
f 7338 	7337 	8534
f 5117 	4727 	4706
f 5117 	4706 	5091
f 7329 	7311 	8533
f 8513 	8533 	7311
f 4709 	4732 	5125
f 7319 	6804 	8535
f 4732 	4734 	5125
f 5133 	5125 	4734
f 8535 	6804 	7341
f 8535 	7341 	8537
f 4667 	4729 	5131
f 4667 	5131 	5060
f 8534 	8537 	7339
f 7341 	7339 	8537
f 5131 	4729 	4728
f 5131 	4728 	5115
f 8540 	7343 	7342
f 8540 	7342 	8541
f 5135 	4741 	4739
f 5135 	4739 	5136
f 7345 	8542 	8541
f 7345 	8541 	7342
f 4742 	5137 	5136
f 4742 	5136 	4739
f 8542 	7345 	7327
f 4745 	5138 	5137
f 4745 	5137 	4742
f 4745 	4677 	5138
f 5068 	5138 	4677
f 4734 	4749 	5133
f 4749 	4753 	5134
f 4749 	5134 	5133
f 4753 	4741 	5135
f 4753 	5135 	5134
f 5141 	4763 	4761
f 8459 	8551 	8460
f 5143 	5141 	4761
f 5143 	4761 	4759
f 8551 	8454 	8460
f 5143 	4759 	4757
f 5143 	4757 	5145
f 8454 	8553 	8455
f 4767 	5204 	4768
f 8553 	8554 	8455
f 5145 	4757 	4764
f 4772 	4771 	5150
f 4771 	4774 	5148
f 4771 	5148 	5150
f 8558 	8472 	8471
f 4774 	4777 	5149
f 4774 	5149 	5148
f 8473 	8472 	8558
f 4777 	4768 	5149
f 4764 	4787 	5153
f 4764 	5153 	5145
f 5153 	4787 	4786
f 5153 	4786 	5154
f 5154 	4786 	4785
f 5154 	4785 	5158
f 8456 	8475 	8546
f 5158 	4785 	4784
f 5158 	4784 	5161
f 8455 	8554 	8477
f 5162 	4795 	5160
f 4794 	5160 	4795
f 8562 	8564 	8464
f 8562 	8464 	8477
f 4794 	4772 	5160
f 5150 	5160 	4772
f 8464 	8564 	8465
f 5161 	4784 	4793
f 5161 	4793 	5163
f 501 	5162 	5168
f 5162 	501 	4795
f 5163 	4793 	4792
f 5163 	4792 	5171
f 8568 	8468 	8467
f 4803 	4802 	5168
f 4803 	5168 	5175
f 8469 	8468 	8568
f 5168 	4802 	501
f 8546 	8547 	8456
f 5171 	4792 	4790
f 8457 	8456 	8548
f 8547 	8548 	8456
f 4810 	4809 	5174
f 8548 	8549 	8458
f 8548 	8458 	8457
f 4813 	5175 	5174
f 4813 	5174 	4809
f 8459 	8458 	8550
f 8549 	8550 	8458
f 5175 	4813 	4803
f 8550 	8551 	8459
f 5178 	4825 	4824
f 8551 	8552 	8454
f 5181 	5178 	4824
f 5181 	4824 	4823
f 8552 	8553 	8454
f 5183 	5181 	4823
f 5183 	4823 	4822
f 8562 	8477 	8554
f 5185 	5183 	4822
f 5185 	4822 	4821
f 8556 	8470 	8555
f 8469 	8555 	8470
f 4829 	4828 	5186
f 8471 	8470 	8557
f 8556 	8557 	8470
f 5187 	5185 	4821
f 5187 	4821 	4820
f 8557 	8558 	8471
f 4833 	4832 	5186
f 4833 	5186 	5194
f 4832 	4829 	5186
f 8473 	8558 	8559
f 5197 	5187 	4820
f 5197 	4820 	4818
f 8559 	8560 	8474
f 8559 	8474 	8473
f 4840 	4839 	5194
f 8474 	8560 	8475
f 8561 	8475 	8560
f 4839 	4833 	5194
f 8546 	8475 	8561
f 4818 	4763 	5197
f 5141 	5197 	4763
f 4767 	4844 	5204
f 5149 	4768 	5204
f 4844 	4741 	5135
f 4844 	5135 	5204
f 5135 	4741 	4851
f 5135 	4851 	5201
f 8564 	8565 	8465
f 5194 	5201 	4840
f 4851 	4840 	5201
f 8565 	8566 	8466
f 8565 	8466 	8465
f 4886 	4863 	5205
f 8467 	8466 	8567
f 8566 	8567 	8466
f 5207 	5205 	4863
f 5207 	4863 	4862
f 8467 	8567 	8568
f 5209 	5207 	4862
f 5209 	4862 	4861
f 8555 	8469 	8568
f 5212 	5209 	4861
f 5212 	4861 	4860
f 5214 	5212 	4860
f 5214 	4860 	4858
f 5226 	4868 	5215
f 4867 	5215 	4868
f 5215 	4867 	4871
f 6758 	6756 	8812
f 5216 	5214 	4858
f 5216 	4858 	4857
f 6758 	8812 	6759
f 8813 	6759 	8812
f 4857 	4825 	5216
f 5178 	5216 	4825
f 6760 	6759 	8813
f 4790 	4864 	5236
f 4790 	5236 	5171
f 4828 	4872 	5227
f 4828 	5227 	5186
f 8818 	6763 	6761
f 4872 	4874 	5229
f 4872 	5229 	5227
f 6763 	8818 	6765
f 8819 	6765 	8818
f 4874 	4876 	5224
f 4874 	5224 	5229
f 8819 	8599 	6765
f 5224 	4876 	4878
f 5224 	4878 	5225
f 4878 	4881 	5226
f 4878 	5226 	5225
f 8823 	8808 	6767
f 4881 	4868 	5226
f 8604 	8824 	6769
f 4887 	4886 	5232
f 4887 	5232 	5231
f 5232 	4886 	5205
f 4871 	4892 	5215
f 5237 	5215 	4892
f 4864 	4888 	5236
f 5236 	4888 	4887
f 5236 	4887 	5231
f 5239 	4896 	4895
f 5239 	4895 	5240
f 4899 	5241 	5240
f 4899 	5240 	4895
f 4899 	4810 	5241
f 5174 	5241 	4810
f 4892 	4904 	5237
f 4904 	4906 	5238
f 4904 	5238 	5237
f 4906 	4896 	5239
f 4906 	5239 	5238
f 5250 	4914 	4912
f 5252 	5250 	4912
f 5252 	4912 	4911
f 5252 	4911 	4910
f 5252 	4910 	5255
f 4916 	5278 	4917
f 5255 	4910 	4915
f 4923 	4921 	5259
f 4921 	4925 	5256
f 4921 	5256 	5259
f 4925 	4927 	5257
f 4925 	5257 	5256
f 4927 	4917 	5257
f 5261 	4938 	4937
f 5263 	5261 	4937
f 5263 	4937 	4935
f 5265 	5263 	4935
f 5265 	4935 	4934
f 5267 	5265 	4934
f 5267 	4934 	4933
f 4941 	4940 	5270
f 5271 	5267 	4933
f 5271 	4933 	4932
f 4943 	4942 	5270
f 4942 	4941 	5270
f 5275 	5271 	4932
f 5275 	4932 	4931
f 4949 	4948 	5274
f 5270 	5274 	4943
f 4948 	4943 	5274
f 4931 	4914 	5275
f 5250 	5275 	4914
f 4916 	4953 	5278
f 5257 	4917 	5278
f 4953 	4896 	5239
f 4953 	5239 	5278
f 5239 	4896 	4956
f 5239 	4956 	5277
f 5274 	5277 	4949
f 4956 	4949 	5277
f 4915 	4962 	5281
f 4915 	5281 	5255
f 5281 	4962 	4961
f 5281 	4961 	5282
f 5282 	4961 	4960
f 5282 	4960 	5284
f 5284 	4960 	4959
f 5284 	4959 	5290
f 5293 	4970 	5286
f 4969 	5286 	4970
f 4969 	4923 	5286
f 5259 	5286 	4923
f 5290 	4959 	4966
f 5290 	4966 	5296
f 514 	5293 	5298
f 5293 	514 	4970
f 5296 	4966 	4965
f 5296 	4965 	5300
f 4977 	4976 	5298
f 4977 	5298 	5304
f 5298 	4976 	514
f 5300 	4965 	4964
f 4982 	4980 	5302
f 4985 	5304 	5302
f 4985 	5302 	4980
f 5304 	4985 	4977
f 4989 	4988 	5307
f 4989 	5307 	5306
f 5309 	5307 	4988
f 5309 	4988 	4997
f 5310 	5309 	4997
f 5310 	4997 	4996
f 5316 	5310 	4996
f 5316 	4996 	4995
f 5323 	5316 	4995
f 5323 	4995 	4994
f 5327 	4999 	4998
f 5328 	5323 	4994
f 5328 	4994 	4993
f 5338 	5001 	5327
f 5000 	5327 	5001
f 5327 	5000 	4999
f 6770 	6769 	8826
f 8824 	8826 	6769
f 7334 	7347 	8591
f 7334 	8591 	8532
f 5329 	5328 	4993
f 5329 	4993 	4992
f 7347 	7348 	8592
f 7347 	8592 	8591
f 6771 	6770 	8827
f 8826 	8827 	6770
f 7348 	7343 	8540
f 7348 	8540 	8592
f 4992 	4938 	5329
f 5261 	5329 	4938
f 8827 	8829 	6771
f 4964 	4991 	5333
f 4964 	5333 	5300
f 7353 	7352 	8593
f 6777 	8830 	6772
f 8593 	7352 	7351
f 8593 	7351 	8594
f 5333 	4991 	4989
f 5333 	4989 	5306
f 6772 	8831 	6773
f 8832 	6773 	8831
f 7359 	7357 	8596
f 4940 	5008 	5339
f 4940 	5339 	5270
f 6774 	6773 	8833
f 8832 	8833 	6773
f 5008 	5012 	5340
f 5008 	5340 	5339
f 8594 	7351 	7350
f 8594 	7350 	8595
f 8833 	8834 	6774
f 6775 	6774 	8834
f 5012 	5014 	5336
f 5012 	5336 	5340
f 7360 	8596 	7361
f 5336 	5014 	5016
f 5336 	5016 	5337
f 7360 	7359 	8596
f 8834 	8823 	6775
f 6767 	6775 	8823
f 5016 	5017 	5338
f 5016 	5338 	5337
f 6777 	6771 	8829
f 8595 	7350 	7356
f 8595 	7356 	8597
f 5017 	5001 	5338
f 8835 	8830 	6777
f 8831 	6772 	8830
f 8605 	7363 	8598
f 7362 	8598 	7363
f 8600 	6750 	8599
f 5350 	5021 	5020
f 5350 	5020 	5351
f 7362 	7361 	8598
f 8596 	8598 	7361
f 6751 	8600 	8601
f 5023 	5352 	5351
f 5023 	5351 	5020
f 8597 	7356 	7355
f 8597 	7355 	8603
f 8602 	6752 	8601
f 5023 	4982 	5352
f 5302 	5352 	4982
f 6247 	7364 	8605
f 4998 	5032 	5348
f 4998 	5348 	5327
f 8605 	7364 	7363
f 5032 	5034 	5349
f 5032 	5349 	5348
f 8603 	7355 	7354
f 5034 	5021 	5350
f 5034 	5350 	5349
f 7366 	7365 	8606
f 5353 	5042 	5041
f 7365 	7367 	8607
f 7365 	8607 	8606
f 5356 	5353 	5041
f 5356 	5041 	5040
f 7367 	7369 	8608
f 7367 	8608 	8607
f 5356 	5040 	5039
f 5356 	5039 	5359
f 7369 	6248 	6247
f 7369 	6247 	8608
f 5045 	5391 	5047
f 6247 	6248 	7364
f 5359 	5039 	5043
f 8609 	7375 	7374
f 5050 	5049 	5364
f 8610 	8609 	7374
f 8610 	7374 	7373
f 5049 	5051 	5365
f 5049 	5365 	5364
f 8611 	8610 	7373
f 8611 	7373 	7372
f 5051 	5053 	5361
f 5051 	5361 	5365
f 8612 	8611 	7372
f 8612 	7372 	7371
f 5053 	5056 	5363
f 5053 	5363 	5361
f 5056 	5047 	5363
f 8613 	8612 	7371
f 8613 	7371 	7370
f 5366 	5067 	5066
f 5371 	5366 	5066
f 5371 	5066 	5065
f 7380 	7379 	8614
f 5376 	5371 	5065
f 5376 	5065 	5064
f 8622 	8614 	7378
f 7379 	7378 	8614
f 5378 	5376 	5064
f 5378 	5064 	5063
f 8615 	8613 	7370
f 8615 	7370 	7376
f 6284 	5382 	5069
f 5070 	5069 	5382
f 7381 	7343 	8540
f 7381 	8540 	8617
f 5383 	5378 	5063
f 5383 	5063 	5062
f 8540 	7343 	7380
f 8540 	7380 	8614
f 5073 	5072 	5382
f 8615 	7376 	7353
f 8615 	7353 	8593
f 5072 	5070 	5382
f 7357 	7382 	8616
f 7357 	8616 	8596
f 5387 	5383 	5062
f 5387 	5062 	5061
f 7382 	7383 	8617
f 7382 	8617 	8616
f 5077 	5076 	5386
f 7383 	7381 	8617
f 5382 	5386 	5073
f 5076 	5073 	5386
f 8618 	7387 	7386
f 5061 	5042 	5387
f 5353 	5387 	5042
f 8619 	8618 	7386
f 8619 	7386 	7385
f 5045 	5079 	5391
f 5363 	5047 	5391
f 8620 	8619 	7385
f 8620 	7385 	7384
f 5079 	5021 	5350
f 5079 	5350 	5391
f 7389 	7388 	8625
f 5350 	5021 	5083
f 5350 	5083 	5390
f 5386 	5390 	5077
f 5083 	5077 	5390
f 7384 	7375 	8620
f 8609 	8620 	7375
f 5043 	5090 	5393
f 5043 	5393 	5359
f 7378 	7391 	8622
f 5393 	5090 	5089
f 5393 	5089 	5395
f 7391 	7392 	8623
f 7391 	8623 	8622
f 5395 	5089 	5088
f 5395 	5088 	5397
f 7392 	7393 	8624
f 7392 	8624 	8623
f 5397 	5088 	5087
f 5397 	5087 	5400
f 7393 	7394 	8625
f 7393 	8625 	8624
f 7394 	7389 	8625
f 5364 	5403 	5096
f 5364 	5096 	5050
f 7399 	7398 	8627
f 7399 	8627 	8628
f 5400 	5087 	5094
f 5400 	5094 	5404
f 8627 	7398 	7397
f 8627 	7397 	8629
f 525 	5403 	6004
f 8629 	7397 	7396
f 5403 	525 	5096
f 8630 	8603 	7354
f 8630 	7354 	7402
f 5404 	5094 	5093
f 5404 	5093 	6006
f 8631 	8630 	7402
f 8631 	7402 	7401
f 5101 	5100 	6004
f 5101 	6004 	6011
f 8633 	8631 	7401
f 8633 	7401 	7400
f 6004 	5100 	525
f 7399 	8628 	8633
f 7399 	8633 	7400
f 6006 	5093 	5092
f 8606 	8647 	7366
f 5106 	5105 	6010
f 7396 	7407 	8634
f 7396 	8634 	8629
f 5107 	6011 	6010
f 5107 	6010 	5105
f 8635 	8634 	7407
f 8635 	7407 	7406
f 6011 	5107 	5101
f 8636 	8635 	7406
f 8636 	7406 	7405
f 5119 	5118 	6015
f 5119 	6015 	6014
f 7408 	8648 	7409
f 6015 	5118 	5116
f 6015 	5116 	6019
f 8638 	8636 	7405
f 8638 	7405 	7404
f 6019 	5116 	5114
f 6019 	5114 	6021
f 7411 	7410 	8640
f 6026 	6021 	5114
f 6026 	5114 	5113
f 8640 	7410 	7409
f 6027 	6026 	5113
f 6027 	5113 	5123
f 7404 	7387 	8638
f 8618 	8638 	7387
f 6029 	5127 	5126
f 7388 	6802 	8641
f 7388 	8641 	8625
f 6031 	6027 	5123
f 6031 	5123 	5122
f 8641 	6802 	7412
f 8641 	7412 	8642
f 5129 	6029 	5130
f 7412 	7413 	8643
f 7412 	8643 	8642
f 5129 	5127 	6029
f 8640 	8643 	7411
f 7413 	7411 	8643
f 6034 	6031 	5122
f 6034 	5122 	5121
f 8645 	7415 	7414
f 8645 	7414 	8646
f 7418 	8647 	8646
f 7418 	8646 	7414
f 5121 	5067 	6034
f 5366 	6034 	5067
f 7418 	7403 	8647
f 7403 	7366 	8647
f 5092 	5120 	6039
f 5092 	6039 	6006
f 7408 	7419 	8648
f 8640 	7409 	8648
f 6039 	5120 	5119
f 6039 	5119 	6014
f 7419 	7420 	8649
f 7419 	8649 	8648
f 5069 	5132 	6284
f 7420 	7415 	8645
f 7420 	8645 	8649
f 5132 	5139 	6285
f 5132 	6285 	6284
f 7425 	7424 	8650
f 5139 	5140 	6044
f 5139 	6044 	6285
f 8650 	7424 	7423
f 8650 	7423 	8651
f 6044 	5140 	5142
f 6044 	5142 	6045
f 7430 	7429 	8653
f 5142 	5144 	6046
f 5142 	6046 	6045
f 8651 	7423 	7422
f 8651 	7422 	8652
f 6029 	6046 	5130
f 5144 	5130 	6046
f 7431 	8653 	7432
f 6289 	5147 	5146
f 6289 	5146 	6290
f 7431 	7430 	8653
f 5151 	6291 	6290
f 5151 	6290 	5146
f 8652 	7422 	7428
f 8652 	7428 	8654
f 5151 	5106 	6291
f 6010 	6291 	5106
f 8658 	7435 	8655
f 7434 	8655 	7435
f 5126 	5157 	6287
f 5126 	6287 	6029
f 7434 	7432 	8655
f 8653 	8655 	7432
f 5157 	5159 	6288
f 5157 	6288 	6287
f 8654 	7428 	7427
f 8654 	7427 	8657
f 5159 	5147 	6289
f 5159 	6289 	6288
f 6251 	7436 	8658
f 6293 	5167 	5166
f 8658 	7436 	7435
f 6294 	6293 	5166
f 6294 	5166 	5165
f 8657 	7427 	7426
f 6294 	5165 	5164
f 6294 	5164 	6295
f 7439 	7438 	8659
f 7439 	8659 	8713
f 5172 	6313 	5173
f 7438 	7441 	8660
f 7438 	8660 	8659
f 6295 	5164 	5170
f 6295 	5170 	6298
f 7441 	7442 	8661
f 7441 	8661 	8660
f 5177 	5176 	6296
f 7442 	6252 	6251
f 7442 	6251 	8661
f 5176 	5173 	6296
f 6251 	6252 	7436
f 6298 	5170 	5169
f 8662 	7449 	7448
f 5180 	5179 	6302
f 8663 	8662 	7448
f 8663 	7448 	7447
f 5179 	5182 	6300
f 5179 	6300 	6302
f 8664 	8663 	7447
f 8664 	7447 	7446
f 5184 	6301 	6300
f 5184 	6300 	5182
f 8665 	8664 	7446
f 8665 	7446 	7445
f 6296 	6301 	5177
f 5184 	5177 	6301
f 6303 	5196 	5195
f 8666 	8665 	7445
f 8666 	7445 	7444
f 6304 	6303 	5195
f 6304 	5195 	5193
f 7453 	7452 	8667
f 6305 	6304 	5193
f 6305 	5193 	5192
f 7452 	7451 	8667
f 6306 	6305 	5192
f 6306 	5192 	5191
f 8668 	8666 	7444
f 8668 	7444 	7450
f 6307 	6306 	5191
f 6307 	5191 	5190
f 7455 	7415 	8645
f 7455 	8645 	8671
f 6341 	6308 	5199
f 5200 	5199 	6308
f 8645 	7415 	7453
f 8645 	7453 	8667
f 6309 	6307 	5190
f 6309 	5190 	5189
f 8668 	7450 	7425
f 8668 	7425 	8650
f 5203 	5202 	6308
f 7429 	7456 	8670
f 7429 	8670 	8653
f 5202 	5200 	6308
f 7456 	7457 	8671
f 7456 	8671 	8670
f 6311 	6309 	5189
f 6311 	5189 	5188
f 7457 	7455 	8671
f 5208 	5206 	6310
f 8672 	7462 	7461
f 6308 	6310 	5203
f 5206 	5203 	6310
f 8673 	8672 	7461
f 8673 	7461 	7460
f 5188 	5167 	6311
f 6293 	6311 	5167
f 8675 	8673 	7460
f 8675 	7460 	7459
f 5172 	5210 	6313
f 6296 	5173 	6313
f 7465 	7464 	8679
f 5210 	5147 	6289
f 5210 	6289 	6313
f 7459 	7449 	8675
f 8662 	8675 	7449
f 6289 	5147 	5213
f 6289 	5213 	6312
f 7451 	7467 	8676
f 7451 	8676 	8667
f 6310 	6312 	5208
f 5213 	5208 	6312
f 7467 	7468 	8677
f 7467 	8677 	8676
f 5169 	5219 	6314
f 5169 	6314 	6298
f 7468 	7469 	8678
f 7468 	8678 	8677
f 6314 	5219 	5218
f 6314 	5218 	6315
f 7469 	7470 	8679
f 7469 	8679 	8678
f 6315 	5218 	5217
f 6315 	5217 	6316
f 7470 	7465 	8679
f 5223 	5180 	6318
f 6302 	6318 	5180
f 7474 	7473 	8680
f 7474 	8680 	8681
f 6316 	5217 	5222
f 6316 	5222 	6319
f 534 	6318 	6320
f 6318 	534 	5223
f 8409 	8429 	8484
f 8484 	8688 	8485
f 8689 	8485 	8688
f 6319 	5222 	5221
f 6319 	5221 	6321
f 8486 	8485 	8689
f 5230 	5228 	6320
f 5230 	6320 	6323
f 6320 	5228 	534
f 6321 	5221 	5220
f 8693 	8489 	8488
f 5234 	5233 	6322
f 8693 	8684 	8489
f 5235 	6323 	6322
f 5235 	6322 	5233
f 8684 	8685 	8480
f 6323 	5235 	5230
f 8685 	8686 	8481
f 8685 	8481 	8480
f 5248 	5247 	6326
f 5248 	6326 	6325
f 8482 	8481 	8687
f 8686 	8687 	8481
f 6326 	5247 	5246
f 6326 	5246 	6327
f 8397 	8482 	8419
f 8687 	8419 	8482
f 6327 	5246 	5245
f 6327 	5245 	6328
f 8688 	8484 	8429
f 6329 	6328 	5245
f 6329 	5245 	5244
f 8689 	8690 	8486
f 6331 	6329 	5244
f 6331 	5244 	5243
f 8690 	8691 	8487
f 8690 	8487 	8486
f 8488 	8487 	8692
f 8691 	8692 	8487
f 6334 	6331 	5243
f 6334 	5243 	5242
f 8488 	8692 	8693
f 5253 	6332 	5254
f 8480 	8489 	8684
f 6332 	5253 	5251
f 5242 	5196 	6334
f 6303 	6334 	5196
f 5220 	5249 	6335
f 5220 	6335 	6321
f 6335 	5249 	5248
f 6335 	5248 	6325
f 5258 	6343 	5251
f 6332 	5251 	6343
f 5199 	5260 	6341
f 5260 	5262 	6342
f 5260 	6342 	6341
f 5262 	5264 	6338
f 5262 	6338 	6342
f 6338 	5264 	5266
f 6338 	5266 	6339
f 5266 	5268 	6340
f 5266 	6340 	6339
f 6332 	6340 	5254
f 5268 	5254 	6340
f 6345 	5273 	5272
f 6345 	5272 	6346
f 5276 	6347 	6346
f 5276 	6346 	5272
f 5276 	5234 	6347
f 6322 	6347 	5234
f 5258 	5280 	6343
f 5280 	5283 	6344
f 5280 	6344 	6343
f 5283 	5273 	6345
f 5283 	6345 	6344
f 6348 	5289 	5288
f 6349 	6348 	5288
f 6349 	5288 	5287
f 6349 	5287 	5285
f 6349 	5285 	6350
f 5294 	6371 	5295
f 6350 	5285 	5292
f 6350 	5292 	6352
f 5299 	5297 	6351
f 5297 	5295 	6351
f 6352 	5292 	5291
f 5303 	5301 	6356
f 8680 	7473 	7472
f 8680 	7472 	8708
f 8708 	7472 	7471
f 8709 	8657 	7426
f 8709 	7426 	7477
f 8710 	8709 	7477
f 8710 	7477 	7476
f 8712 	8710 	7476
f 8712 	7476 	7475
f 7474 	8681 	8712
f 7474 	8712 	7475
f 8726 	7479 	8713
f 7478 	8713 	7479
f 8713 	7478 	7439
f 7471 	7484 	8714
f 7471 	8714 	8708
f 8715 	8714 	7484
f 8715 	7484 	7482
f 8717 	7486 	7485
f 8716 	8715 	7482
f 8716 	7482 	7481
f 8719 	7488 	8717
f 7487 	8717 	7488
f 8717 	7487 	7486
f 8718 	8716 	7481
f 8718 	7481 	7480
f 7490 	7489 	8719
f 8719 	7489 	7488
f 7480 	7462 	8718
f 8672 	8718 	7462
f 7464 	6799 	8722
f 7464 	8722 	8679
f 8722 	6799 	7491
f 8722 	7491 	8723
f 7491 	7492 	8724
f 7491 	8724 	8723
f 8719 	8724 	7490
f 7492 	7490 	8724
f 8725 	7495 	7494
f 8725 	7494 	8726
f 8726 	7494 	7479
f 7485 	7496 	8728
f 7485 	8728 	8717
f 7496 	7495 	8725
f 7496 	8725 	8728
f 7501 	7500 	8729
f 8729 	7500 	7499
f 8729 	7499 	8730
f 7506 	7505 	8733
f 8730 	7499 	7498
f 8730 	7498 	8731
f 7507 	8733 	7508
f 7507 	7506 	8733
f 8731 	7498 	7504
f 8731 	7504 	8734
f 8738 	7510 	8735
f 7509 	8735 	7510
f 7509 	7508 	8735
f 8733 	8735 	7508
f 8734 	7504 	7503
f 8734 	7503 	8737
f 7521 	8738 	6259
f 8738 	7521 	7510
f 8737 	7503 	7502
f 7524 	7523 	8739
f 7523 	7525 	8740
f 7523 	8740 	8739
f 7525 	7527 	8743
f 7525 	8743 	8740
f 7527 	6259 	6258
f 7527 	6258 	8743
f 8738 	6258 	6259
f 8744 	7535 	7534
f 8745 	8744 	7534
f 8745 	7534 	7533
f 8747 	8745 	7533
f 8747 	7533 	7531
f 8748 	8747 	7531
f 8748 	7531 	7530
f 7538 	7537 	8752
f 8749 	8748 	7530
f 8749 	7530 	7529
f 7541 	7540 	8752
f 7540 	7538 	8752
f 8753 	8749 	7529
f 8753 	7529 	7536
f 7542 	7495 	8725
f 8725 	7495 	7541
f 8725 	7541 	8752
f 8753 	7536 	7501
f 8753 	7501 	8729
f 7505 	7543 	8755
f 7505 	8755 	8733
f 7543 	7544 	8756
f 7543 	8756 	8755
f 8725 	8756 	7542
f 7544 	7542 	8756
f 8757 	7549 	7548
f 8758 	8757 	7548
f 8758 	7548 	7547
f 8759 	8758 	7547
f 8759 	7547 	7546
f 7551 	7550 	8764
f 7546 	7535 	8759
f 8744 	8759 	7535
f 7537 	7552 	8760
f 7537 	8760 	8752
f 7552 	7553 	8761
f 7552 	8761 	8760
f 7553 	7554 	8762
f 7553 	8762 	8761
f 7554 	7555 	8764
f 7554 	8764 	8762
f 7555 	7551 	8764
f 7602 	7601 	8765
f 7602 	8765 	8766
f 8765 	7601 	7600
f 8765 	7600 	8768
f 8768 	7600 	7599
f 8770 	8737 	7502
f 8770 	7502 	7605
f 8771 	8770 	7605
f 8771 	7605 	7604
f 8773 	8771 	7604
f 8773 	7604 	7603
f 7602 	8766 	8773
f 7602 	8773 	7603
f 7606 	8774 	7607
f 7606 	7524 	8774
f 8739 	8774 	7524
f 7608 	8792 	7609
f 7599 	7614 	8777
f 7599 	8777 	8768
f 8778 	8777 	7614
f 8778 	7614 	7613
f 8782 	7615 	7609
f 8781 	8778 	7613
f 8781 	7613 	7612
f 7617 	8782 	7618
f 8782 	7617 	7615
f 8783 	8781 	7612
f 8783 	7612 	7611
f 7620 	7619 	8784
f 7619 	7618 	8784
f 8782 	8784 	7618
f 7611 	7549 	8783
f 8757 	8783 	7549
f 7550 	6797 	8786
f 7550 	8786 	8764
f 8786 	6797 	7622
f 8786 	7622 	8787
f 7622 	7623 	8788
f 7622 	8788 	8787
f 8784 	8788 	7620
f 7623 	7620 	8788
f 8790 	7627 	7626
f 8790 	7626 	8791
f 7626 	7607 	8791
f 8774 	8791 	7607
f 7608 	7628 	8792
f 8782 	7609 	8792
f 7628 	7627 	8790
f 7628 	8790 	8792
f 7633 	7632 	8793
f 8793 	7632 	7631
f 8793 	7631 	8794
f 7635 	7634 	8798
f 8794 	7631 	7630
f 7637 	7636 	8796
f 7636 	7638 	8797
f 7636 	8797 	8796
f 7640 	8798 	8797
f 7640 	8797 	7638
f 7640 	7635 	8798
f 8800 	7647 	7646
f 8801 	8800 	7646
f 8801 	7646 	7645
f 8802 	8801 	7645
f 8802 	7645 	7644
f 8803 	8802 	7644
f 8803 	7644 	7643
f 7650 	7649 	8805
f 8804 	8803 	7643
f 8804 	7643 	7642
f 7670 	7668 	8805
f 7668 	7650 	8805
f 8807 	8804 	7642
f 8807 	7642 	7648
f 7675 	7627 	8790
f 8790 	7627 	7670
f 8790 	7670 	8805
f 8808 	8809 	6755
f 6755 	6767 	8808
f 8809 	8811 	6755
f 8813 	8814 	6760
f 8815 	6761 	6760
f 8815 	6760 	8814
f 8818 	6761 	8815
f 8835 	6777 	8829
f 8063 	6778 	8058
f 8026 	8058 	6778
f 8836 	6779 	6778
f 6780 	6779 	8838
f 8838 	6781 	6780
f 6781 	8839 	6782
f 6784 	6782 	8841
f 8840 	8841 	6782
f 8841 	6785 	6784
f 8836 	6778 	8063
f 6779 	8836 	8837
f 8837 	8838 	6779
f 6781 	8838 	8839
f 8840 	6782 	8839
f 8841 	8842 	6785
f 8065 	6785 	8842
f 8857 	7654 	7653
f 8857 	7653 	8858
f 7657 	8859 	8860
f 7657 	8860 	7658
f 8858 	8860 	8859
f 8858 	8859 	8857
f 8859 	7657 	7654
f 8859 	7654 	8857
f 8858 	7653 	7658
f 8858 	7658 	8860
f 8861 	7656 	7655
f 8861 	7655 	8862
f 8115 	8863 	8864
f 8115 	8864 	8116
f 8862 	8864 	8863
f 8862 	8863 	8861
f 8863 	8115 	7656
f 8863 	7656 	8861
f 8862 	7655 	8116
f 8862 	8116 	8864
f 8138 	8148 	8137
f 8140 	8148 	8138
f 8142 	8137 	8144
f 8143 	8152 	8140
f 8144 	8137 	8148
f 8151 	8152 	8147
f 8148 	8140 	6189
f 8143 	8147 	8152
f 6189 	8140 	8152
f 8156 	8160 	8154
f 8157 	8163 	8156
f 8154 	8160 	8153
f 8166 	8153 	8160
f 8158 	8163 	8157
f 8160 	8156 	6729
f 8161 	8142 	8158
f 6729 	8156 	8163
f 8137 	8142 	8161
f 8162 	8158 	8142
f 8163 	8158 	8162
f 8147 	8164 	8151
f 8191 	8198 	8164
f 8168 	8175 	8167
f 8166 	8167 	8165
f 8166 	8165 	8153
f 8170 	8174 	8169
f 8174 	8188 	8169
f 8171 	8176 	8170
f 8172 	8176 	8171
f 8173 	8180 	8172
f 8174 	8170 	8176
f 8168 	8180 	8175
f 8176 	8172 	8181
f 8165 	8167 	8175
f 8173 	8175 	8180
f 8181 	8172 	8180
f 8169 	8188 	8201
f 8201 	8202 	8187
f 8201 	8187 	8169
f 8192 	8195 	8191
f 8192 	8186 	8195
f 8194 	8195 	8186
f 8196 	8191 	8195
f 8198 	8191 	8196
f 8151 	8164 	8198
f 8202 	8194 	8186
f 8186 	8185 	8202
f 8185 	8187 	8202
f 8204 	8234 	8203
f 8205 	8234 	8204
f 5301 	5305 	6354
f 5301 	6354 	6356
f 5308 	6355 	6354
f 5308 	6354 	5305
f 6351 	6355 	5299
f 5308 	5299 	6355
f 6357 	5319 	5318
f 6358 	6357 	5318
f 6358 	5318 	5317
f 6361 	6358 	5317
f 6361 	5317 	5315
f 6362 	6361 	5315
f 6362 	5315 	5314
f 6363 	6362 	5314
f 6363 	5314 	5313
f 6396 	6364 	5321
f 5322 	5321 	6364
f 6365 	6363 	5313
f 6365 	5313 	5312
f 5326 	5324 	6364
f 5326 	6364 	6366
f 5324 	5322 	6364
f 6368 	6365 	5312
f 6368 	5312 	5311
f 5331 	5330 	6366
f 5331 	6366 	6370
f 5330 	5326 	6366
f 5311 	5289 	6368
f 6348 	6368 	5289
f 5294 	5332 	6371
f 6351 	5295 	6371
f 5332 	5273 	6345
f 5332 	6345 	6371
f 6345 	5273 	5334
f 6345 	5334 	6370
f 5334 	5331 	6370
f 5291 	5343 	6372
f 5291 	6372 	6352
f 6372 	5343 	5342
f 6372 	5342 	6373
f 6373 	5342 	5341
f 6373 	5341 	6374
f 5347 	5303 	6376
f 6356 	6376 	5303
f 6374 	5341 	5346
f 6374 	5346 	6377
f 546 	6376 	6378
f 6376 	546 	5347
f 6377 	5346 	5345
f 6377 	5345 	6379
f 5355 	5354 	6378
f 5355 	6378 	6381
f 6378 	5354 	546
f 6379 	5345 	5344
f 5358 	5357 	6382
f 5357 	5360 	6380
f 5357 	6380 	6382
f 5362 	6381 	6380
f 5362 	6380 	5360
f 6381 	5362 	5355
f 5374 	5373 	6384
f 5374 	6384 	6383
f 6384 	5373 	5372
f 6384 	5372 	6385
f 6385 	5372 	5370
f 6385 	5370 	6386
f 6387 	6386 	5370
f 6387 	5370 	5369
f 6388 	6387 	5369
f 6388 	5369 	5368
f 6389 	5379 	5377
f 6390 	6388 	5368
f 6390 	5368 	5367
f 6395 	5381 	6389
f 5379 	6389 	5381
f 5367 	5319 	6390
f 6357 	6390 	5319
f 5344 	5375 	6391
f 5344 	6391 	6379
f 6391 	5375 	5374
f 6391 	5374 	6383
f 6389 	5377 	6392
f 5385 	6392 	5377
f 5385 	5388 	6392
f 6398 	6392 	5388
f 5321 	5389 	6396
f 5389 	5392 	6397
f 5389 	6397 	6396
f 5392 	5394 	6393
f 5392 	6393 	6397
f 6393 	5394 	5396
f 6393 	5396 	6394
f 5396 	5398 	6395
f 5396 	6395 	6394
f 5398 	5381 	6395
f 6399 	5402 	5401
f 6399 	5401 	6401
f 5401 	5358 	6401
f 6382 	6401 	5358
f 5388 	5406 	6398
f 5406 	5402 	6399
f 5406 	6399 	6398
f 6402 	6421 	5410
f 6402 	5410 	5409
f 6404 	6402 	5409
f 6404 	5409 	5408
f 6404 	5408 	5407
f 6404 	5407 	6405
f 6405 	5407 	5412
f 6405 	5412 	6408
f 5415 	5414 	6407
f 6425 	6407 	5413
f 5414 	5413 	6407
f 6408 	5412 	5411
f 5417 	5416 	6411
f 5416 	5418 	6409
f 5416 	6409 	6411
f 5419 	6410 	6409
f 5419 	6409 	5418
f 6407 	6410 	5415
f 5419 	5415 	6410
f 6413 	5671 	5670
f 6414 	6413 	5670
f 6414 	5670 	5669
f 6415 	6414 	5669
f 6415 	5669 	5668
f 6416 	6415 	5668
f 6416 	5668 	5666
f 6417 	6416 	5666
f 6417 	5666 	5665
f 6453 	6418 	5672
f 6419 	6417 	5665
f 6419 	5665 	5664
f 5675 	5674 	6418
f 5673 	5672 	6418
f 5674 	5673 	6418
f 6421 	6419 	5664
f 6421 	5664 	5663
f 6418 	6420 	5675
f 5676 	5675 	6420
f 6421 	5663 	5410
f 5413 	5678 	6425
f 5678 	5402 	6399
f 5678 	6399 	6425
f 6399 	5402 	5679
f 6399 	5679 	6423
f 6420 	6423 	5676
f 5679 	5676 	6423
f 5411 	5685 	6426
f 5411 	6426 	6408
f 6426 	5685 	5684
f 6426 	5684 	6427
f 6427 	5684 	5683
f 6427 	5683 	6429
f 6411 	6430 	5417
f 6429 	5683 	5682
f 6429 	5682 	6431
f 558 	6430 	6432
f 558 	5688 	6430
f 5688 	5417 	6430
f 6431 	5682 	5687
f 6431 	5687 	6434
f 5690 	5689 	6432
f 6432 	5689 	558
f 6434 	5687 	5686
f 5693 	5692 	6437
f 5692 	5694 	6435
f 5692 	6435 	6437
f 5695 	6436 	6435
f 5695 	6435 	5694
f 8807 	7648 	7633
f 8807 	7633 	8793
f 5695 	5690 	6436
f 6432 	6436 	5690
f 7634 	7676 	8911
f 7634 	8911 	8798
f 5703 	5702 	6439
f 5703 	6439 	6438
f 7676 	7678 	8913
f 7676 	8913 	8911
f 6439 	5702 	5701
f 6439 	5701 	6440
f 8790 	8913 	7675
f 7678 	7675 	8913
f 6440 	5701 	5700
f 6440 	5700 	6441
f 8914 	7682 	7681
f 8915 	8914 	7681
f 8915 	7681 	7680
f 6442 	6441 	5700
f 6442 	5700 	5699
f 8917 	8915 	7680
f 8917 	7680 	7679
f 6444 	6442 	5699
f 6444 	5699 	5697
f 7687 	8947 	7688
f 6446 	5706 	5705
f 6447 	6444 	5697
f 6447 	5697 	5696
f 7679 	7647 	8917
f 8800 	8917 	7647
f 7649 	7689 	8918
f 7649 	8918 	8805
f 7689 	7691 	8919
f 7689 	8919 	8918
f 7691 	7692 	8920
f 7691 	8920 	8919
f 5696 	5671 	6447
f 6413 	6447 	5671
f 7692 	7697 	8921
f 7692 	8921 	8920
f 5686 	5704 	6448
f 5686 	6448 	6434
f 7697 	7688 	8921
f 6448 	5704 	5703
f 6448 	5703 	6438
f 7630 	7703 	8922
f 7630 	8922 	8794
f 6446 	5705 	6449
f 5707 	6449 	5705
f 8922 	7703 	7702
f 8922 	7702 	8923
f 5707 	5709 	6449
f 6455 	6449 	5709
f 8923 	7702 	7701
f 8923 	7701 	8924
f 5672 	5710 	6453
f 8924 	7701 	7700
f 7705 	7704 	8925
f 7705 	8925 	8938
f 7704 	7706 	8926
f 7704 	8926 	8925
f 7706 	7707 	8927
f 7706 	8927 	8926
f 7707 	6263 	6262
f 7707 	6262 	8927
f 6263 	7637 	6262
f 8796 	6262 	7637
f 7716 	7715 	8928
f 7716 	8928 	8929
f 8928 	7715 	7714
f 8928 	7714 	8930
f 8930 	7714 	7712
f 8932 	8924 	7700
f 8932 	7700 	7720
f 8933 	8932 	7720
f 8933 	7720 	7719
f 8934 	8933 	7719
f 8934 	7719 	7717
f 7716 	8929 	8934
f 7716 	8934 	7717
f 7721 	8936 	8937
f 7721 	8937 	7722
f 7723 	8938 	8936
f 7723 	8936 	7721
f 8938 	7723 	7705
f 7725 	7724 	8939
f 7724 	7722 	8937
f 7724 	8937 	8939
f 7712 	7729 	8940
f 7712 	8940 	8930
f 8941 	8940 	7729
f 8941 	7729 	7728
f 8939 	8943 	7725
f 8942 	8941 	7728
f 8942 	7728 	7727
f 7732 	8943 	7733
f 7732 	7731 	8943
f 7731 	7725 	8943
f 8945 	8942 	7727
f 8945 	7727 	7726
f 7735 	7734 	8946
f 7734 	7733 	8946
f 8943 	8946 	7733
f 8945 	7726 	7682
f 8945 	7682 	8914
f 7687 	6795 	8947
f 8921 	7688 	8947
f 8947 	6795 	7736
f 8947 	7736 	8948
f 7736 	7738 	8949
f 7736 	8949 	8948
f 8946 	8949 	7735
f 7738 	7735 	8949
f 7747 	7746 	8950
f 8950 	7746 	7745
f 8950 	7745 	8951
f 8964 	8953 	7749
f 8951 	7745 	7744
f 8951 	7744 	8952
f 7751 	8953 	7752
f 7750 	7749 	8953
f 7751 	7750 	8953
f 8952 	7744 	7748
f 7753 	6265 	6264
f 7754 	8954 	6264
f 7754 	6264 	6265
f 7755 	8955 	8954
f 7755 	8954 	7754
f 7755 	7752 	8955
f 8953 	8955 	7752
f 8956 	7769 	7767
f 8957 	8956 	7767
f 8957 	7767 	7766
f 8958 	8957 	7766
f 8958 	7766 	7765
f 8959 	8958 	7765
f 8959 	7765 	7764
f 7772 	7771 	8961
f 8960 	8959 	7764
f 8960 	7764 	7763
f 7774 	7773 	8961
f 7773 	7772 	8961
f 8962 	8960 	7763
f 8962 	7763 	7770
f 7776 	7722 	8937
f 7776 	8937 	8965
f 8937 	7722 	7774
f 8937 	7774 	8961
f 8962 	7770 	7747
f 8962 	7747 	8950
f 7749 	7777 	8964
f 7777 	7780 	8965
f 7777 	8965 	8964
f 7780 	7776 	8965
f 8967 	7795 	7794
f 8968 	8967 	7794
f 8968 	7794 	7793
f 8969 	8968 	7793
f 8969 	7793 	7792
f 8970 	8969 	7792
f 8970 	7792 	7791
f 7796 	6793 	8971
f 8971 	6793 	7797
f 7791 	7769 	8970
f 8956 	8970 	7769
f 7771 	7798 	8973
f 7771 	8973 	8961
f 7798 	7799 	8974
f 7798 	8974 	8973
f 7799 	7800 	8975
f 7799 	8975 	8974
f 7800 	7801 	8977
f 7800 	8977 	8975
f 8971 	8977 	7796
f 7801 	7796 	8977
f 7748 	7804 	8978
f 7748 	8978 	8952
f 8978 	7804 	7803
f 8978 	7803 	8979
f 8979 	7803 	7802
f 7806 	7805 	8981
f 7805 	7807 	8982
f 7805 	8982 	8981
f 7807 	7808 	8983
f 7807 	8983 	8982
f 7808 	7753 	8983
f 6264 	8983 	7753
f 7812 	7811 	8984
f 7812 	8984 	8985
f 8984 	7811 	7810
f 8984 	7810 	8986
f 8986 	7810 	7809
f 8988 	8979 	7802
f 8988 	7802 	7815
f 8989 	8988 	7815
f 8989 	7815 	7814
f 8990 	8989 	7814
f 8990 	7814 	7813
f 7812 	8985 	8990
f 7812 	8990 	7813
f 7816 	8991 	8992
f 7816 	8992 	7817
f 7818 	8993 	8991
f 7818 	8991 	7816
f 7818 	7806 	8993
f 8981 	8993 	7806
f 7820 	7819 	8994
f 7819 	7817 	8992
f 7819 	8992 	8994
f 7809 	7823 	8995
f 7809 	8995 	8986
f 8996 	8995 	7823
f 8996 	7823 	7822
f 8994 	8998 	7820
f 8997 	8996 	7822
f 8997 	7822 	7821
f 7825 	8998 	7826
f 7825 	7824 	8998
f 7824 	7820 	8998
f 7821 	7795 	8997
f 8967 	8997 	7795
f 7797 	7827 	8999
f 7797 	8999 	8971
f 7827 	7828 	9000
f 7827 	9000 	8999
f 7828 	7829 	9001
f 7828 	9001 	9000
f 7829 	7826 	9001
f 8998 	9001 	7826
f 7831 	7830 	9002
f 7830 	7817 	8992
f 7830 	8992 	9002
f 8992 	7817 	7832
f 8992 	7832 	9003
f 7832 	7833 	9003
f 7837 	7836 	9005
f 7837 	9005 	9023
f 9005 	7836 	7835
f 9005 	7835 	9006
f 9025 	9009 	7841
f 9006 	7835 	7834
f 9006 	7834 	9007
f 7843 	9009 	7844
f 7842 	7841 	9009
f 7843 	7842 	9009
f 9007 	7834 	7840
f 9007 	7840 	9010
f 9013 	7846 	9011
f 7845 	9011 	7846
f 7845 	7844 	9011
f 9009 	9011 	7844
f 9010 	7840 	7839
f 9010 	7839 	9012
f 7847 	9013 	6270
f 9013 	7847 	7846
f 9012 	7839 	7838
f 7849 	7848 	9014
f 7848 	7850 	9015
f 7848 	9015 	9014
f 7850 	7851 	9016
f 7850 	9016 	9015
f 7851 	6271 	6270
f 7851 	6270 	9016
f 6270 	6271 	7847
f 9017 	7863 	7860
f 9018 	9017 	7860
f 9018 	7860 	7858
f 9019 	9018 	7858
f 9019 	7858 	7857
f 9020 	9019 	7857
f 9020 	7857 	7856
f 7876 	7874 	9003
f 9021 	9020 	7856
f 9021 	7856 	7866
f 9003 	7833 	7876
f 9023 	9021 	7866
f 9023 	7866 	7865
f 9023 	7865 	7837
f 7879 	9025 	7841
f 9002 	9025 	7831
f 7879 	7831 	9025
f 9026 	7889 	7887
f 9028 	9026 	7887
f 9028 	7887 	7886
f 9029 	9028 	7886
f 9029 	7886 	7885
f 7891 	7890 	9032
f 9030 	9029 	7885
f 9030 	7885 	7884
f 7893 	6791 	9032
f 9032 	6791 	7891
f 7884 	7863 	9030
f 9017 	9030 	7863
f 7874 	7894 	9034
f 7874 	9034 	9003
f 7894 	7899 	9035
f 7894 	9035 	9034
f 7899 	7900 	9036
f 7899 	9036 	9035
f 7900 	7902 	9037
f 7900 	9037 	9036
f 9032 	9037 	7893
f 7902 	7893 	9037
f 7906 	7905 	9038
f 7906 	9038 	9039
f 9038 	7905 	7904
f 9038 	7904 	9041
f 9041 	7904 	7903
f 9042 	9012 	7838
f 9042 	7838 	7909
f 9043 	9042 	7909
f 9043 	7909 	7908
f 9044 	9043 	7908
f 9044 	7908 	7907
f 7906 	9039 	9044
f 7906 	9044 	7907
f 7913 	9045 	9046
f 7913 	9046 	7914
f 7915 	9047 	9045
f 7915 	9045 	7913
f 7915 	7849 	9047
f 9014 	9047 	7849
f 7920 	7919 	9048
f 7919 	7914 	9046
f 7919 	9046 	9048
f 7903 	7925 	9049
f 7903 	9049 	9041
f 9050 	9049 	7925
f 9050 	7925 	7924
f 9048 	9052 	7920
f 9051 	9050 	7924
f 9051 	7924 	7923
f 7930 	9052 	7931
f 7930 	7927 	9052
f 7927 	7920 	9052
f 7923 	7889 	9051
f 9026 	9051 	7889
f 7890 	7934 	9053
f 7890 	9053 	9032
f 7934 	7937 	9054
f 7934 	9054 	9053
f 7937 	7939 	9055
f 7937 	9055 	9054
f 7939 	7931 	9055
f 9052 	9055 	7931
f 7944 	7943 	9056
f 7943 	7914 	9046
f 7943 	9046 	9056
f 9046 	7914 	7947
f 9046 	7947 	9057
f 7947 	7949 	9057
f 7959 	7957 	9058
f 9058 	7957 	7956
f 9058 	7956 	9059
f 9077 	9061 	7962
f 9059 	7956 	7955
f 9059 	7955 	9060
f 7965 	9061 	7966
f 7963 	7962 	9061
f 7965 	7963 	9061
f 9060 	7955 	7954
f 9060 	7954 	9062
f 9066 	7970 	9064
f 7969 	9064 	7970
f 7969 	7966 	9064
f 9061 	9064 	7966
f 9062 	7954 	7953
f 9062 	7953 	9065
f 7973 	9066 	6276
f 9066 	7973 	7970
f 9065 	7953 	7952
f 7976 	7975 	9068
f 7975 	7977 	9069
f 7975 	9069 	9068
f 7977 	7978 	9070
f 7977 	9070 	9069
f 7978 	6277 	6276
f 7978 	6276 	9070
f 6276 	6277 	7973
f 9071 	7985 	7984
f 9072 	9071 	7984
f 9072 	7984 	7983
f 9073 	9072 	7983
f 9073 	7983 	7982
f 9074 	9073 	7982
f 9074 	7982 	7981
f 9075 	9074 	7981
f 9075 	7981 	7987
f 9076 	9075 	7987
f 9076 	7987 	7986
f 7986 	7959 	9076
f 9058 	9076 	7959
f 7988 	9077 	7962
f 9056 	9077 	7944
f 7988 	7944 	9077
f 9079 	7995 	7994
f 9080 	9079 	7994
f 9080 	7994 	7993
f 9081 	9080 	7993
f 9081 	7993 	7992
f 8002 	8001 	9083
f 9082 	9081 	7992
f 9082 	7992 	8000
f 8003 	6789 	9083
f 9083 	6789 	8002
f 8000 	7985 	9082
f 9071 	9082 	7985
f 7949 	8007 	9084
f 7949 	9084 	9057
f 8007 	8011 	9085
f 8007 	9085 	9084
f 8011 	8013 	9086
f 8011 	9086 	9085
f 8013 	8015 	9087
f 8013 	9087 	9086
f 9083 	9087 	8003
f 8015 	8003 	9087
f 8019 	8018 	9088
f 8019 	9088 	9089
f 9088 	8018 	8017
f 9088 	8017 	9090
f 9090 	8017 	8016
f 9091 	9065 	7952
f 9091 	7952 	8023
f 9092 	9091 	8023
f 9092 	8023 	8021
f 9094 	9092 	8021
f 9094 	8021 	8020
f 8019 	9089 	9094
f 8019 	9094 	8020
f 8027 	9097 	6281
f 8027 	6281 	6280
f 8028 	9098 	9097
f 8028 	9097 	8027
f 8028 	7976 	9098
f 9068 	9098 	7976
f 8034 	8032 	9099
f 8032 	6280 	6281
f 8032 	6281 	9099
f 8206 	8203 	8227
f 8226 	8241 	8205
f 8227 	8203 	8234
f 8239 	8241 	8232
f 8234 	8205 	6197
f 8232 	8302 	8239
f 8226 	8232 	8241
f 6197 	8205 	8241
f 8250 	8262 	8248
f 8253 	8262 	8250
f 8262 	8279 	8248
f 8257 	8270 	8253
f 8259 	8270 	8257
f 8262 	8253 	8194
f 8265 	8206 	8259
f 8194 	8253 	8270
f 8203 	8206 	8265
f 8270 	8259 	8269
f 8206 	8269 	8259
f 8282 	8273 	8281
f 8299 	8273 	8282
f 8273 	8274 	8281
f 8248 	8279 	8274
f 8281 	8274 	8279
f 5710 	5711 	6454
f 5710 	6454 	6453
f 5711 	5714 	6450
f 5711 	6450 	6454
f 8289 	8296 	8288
f 6450 	5714 	5715
f 6450 	5715 	6451
f 5715 	5716 	6452
f 5715 	6452 	6451
f 8290 	8301 	8289
f 5716 	5706 	6446
f 5716 	6446 	6452
f 8292 	8301 	8290
f 6456 	5718 	5717
f 6456 	5717 	6457
f 5717 	5693 	6457
f 6437 	6457 	5693
f 8294 	8299 	8292
f 5709 	5720 	6455
f 5720 	5718 	6456
f 5720 	6456 	6455
f 8296 	8289 	8301
f 8300 	8301 	8292
f 8273 	8299 	8294
f 8300 	8292 	8299
f 6458 	6483 	5724
f 6458 	5724 	5723
f 6460 	6458 	5723
f 6460 	5723 	5722
f 6460 	5722 	5721
f 6460 	5721 	6461
f 8311 	8239 	8302
f 5728 	5727 	6493
f 8311 	8302 	8303
f 6461 	5721 	5726
f 6461 	5726 	6463
f 5730 	5729 	6462
f 6493 	6462 	5728
f 5729 	5728 	6462
f 8296 	8306 	8288
f 8306 	8312 	8288
f 6463 	5726 	5725
f 5732 	5731 	6469
f 8312 	8313 	8286
f 8286 	8288 	8312
f 5731 	5733 	6464
f 5731 	6464 	6469
f 8307 	8309 	8303
f 5735 	6466 	6464
f 5735 	6464 	5733
f 6462 	6466 	5730
f 5735 	5730 	6466
f 6471 	5745 	5743
f 6472 	6471 	5743
f 6472 	5743 	5742
f 6473 	6472 	5742
f 6473 	5742 	5741
f 8307 	8305 	8309
f 8308 	8309 	8305
f 8310 	8303 	8309
f 8311 	8303 	8310
f 8313 	8308 	8305
f 8305 	8304 	8313
f 8304 	8286 	8313
f 6474 	6473 	5741
f 6474 	5741 	5740
f 6475 	6474 	5740
f 6475 	5740 	5739
f 8315 	8325 	8314
f 6496 	6478 	5746
f 5747 	5746 	6478
f 8316 	8325 	8315
f 6480 	6475 	5739
f 6480 	5739 	5738
f 5749 	5748 	6478
f 8317 	8314 	8321
f 8319 	8328 	8316
f 5748 	5747 	6478
f 8321 	8314 	8325
f 8327 	8328 	8323
f 6483 	6480 	5738
f 6483 	5738 	5737
f 5752 	5751 	6482
f 6478 	6482 	5749
f 5751 	5749 	6482
f 8325 	8316 	6211
f 8319 	8323 	8328
f 6211 	8316 	8328
f 6483 	5737 	5724
f 5727 	5753 	6493
f 5753 	5718 	6456
f 5753 	6456 	6493
f 6456 	5718 	5754
f 6456 	5754 	6484
f 8331 	8334 	8330
f 8329 	8330 	8334
f 6482 	6484 	5752
f 5754 	5752 	6484
f 5746 	5756 	6496
f 8332 	8338 	8331
f 5756 	5757 	6495
f 5756 	6495 	6496
f 8333 	8338 	8332
f 5757 	5758 	6495
f 6499 	6463 	5725
f 6499 	5725 	5764
f 8334 	8331 	8308
f 8308 	8331 	8338
f 6500 	6499 	5764
f 6500 	5764 	5763
f 6503 	6500 	5763
f 6503 	5763 	5762
f 8314 	8317 	8335
f 8333 	8335 	8317
f 8338 	8333 	8336
f 8317 	8336 	8333
f 6504 	6503 	5762
f 6504 	5762 	5761
f 8329 	8341 	8340
f 564 	5732 	6505
f 6469 	6505 	5732
f 6510 	6504 	5761
f 6510 	5761 	5760
f 8343 	8339 	8342
f 8339 	8340 	8342
f 5766 	5765 	6508
f 5766 	6508 	6513
f 6505 	6508 	5765
f 6505 	5765 	564
f 8334 	8341 	8329
f 8342 	8340 	8341
f 6510 	5760 	5759
f 5769 	5768 	6514
f 5768 	5770 	6512
f 5768 	6512 	6514
f 5771 	6513 	6512
f 5771 	6512 	5770
f 8346 	8326 	8345
f 8323 	8345 	8327
f 6513 	5771 	5766
f 5780 	5779 	6516
f 5780 	6516 	6515
f 8360 	8363 	8346
f 8327 	8345 	8326
f 6516 	5779 	5778
f 6516 	5778 	6517
f 6517 	5778 	5777
f 6517 	5777 	6518
f 6519 	6518 	5777
f 6519 	5777 	5776
f 8348 	8353 	8347
f 6520 	6519 	5776
f 6520 	5776 	5775
f 6522 	6520 	5775
f 6522 	5775 	5774
f 8349 	8356 	8348
f 5783 	6521 	6532
f 8350 	8356 	8349
f 6521 	5783 	5782
f 5774 	5745 	6522
f 6471 	6522 	5745
f 8351 	8347 	8353
f 8352 	8354 	8350
f 5759 	5781 	6524
f 5759 	6524 	6510
f 8353 	8348 	8356
f 8355 	8356 	8350
f 8343 	8354 	8339
f 8352 	8339 	8354
f 8355 	8350 	8354
f 6524 	5781 	5780
f 6524 	5780 	6515
f 5785 	6529 	6528
f 5785 	6528 	5786
f 5785 	5769 	6529
f 6514 	6529 	5769
f 8351 	8365 	8347
f 5782 	5788 	6526
f 5782 	6526 	6521
f 5788 	5789 	6527
f 5788 	6527 	6526
f 8365 	8366 	8344
f 8344 	8347 	8365
f 5789 	5786 	6528
f 5789 	6528 	6527
f 5758 	5791 	6530
f 5758 	6530 	6495
f 6530 	5791 	5793
f 6530 	5793 	6531
f 5793 	5794 	6532
f 5793 	6532 	6531
f 5794 	5783 	6532
f 8360 	8359 	8363
f 8362 	8363 	8359
f 8364 	8346 	8363
f 8326 	8346 	8364
f 8366 	8362 	8359
f 8359 	8358 	8366
f 8358 	8344 	8366
f 6534 	5798 	5797
f 6535 	6534 	5797
f 6535 	5797 	5796
f 6535 	5796 	5795
f 6535 	5795 	6536
f 8369 	8378 	8367
f 5803 	6555 	5804
f 8370 	8378 	8369
f 6536 	5795 	5802
f 6536 	5802 	6538
f 5806 	5805 	6537
f 8372 	8367 	8376
f 8376 	8367 	8378
f 8375 	8386 	8370
f 5805 	5804 	6537
f 8385 	8386 	8377
f 6538 	5802 	5801
f 6538 	5801 	6540
f 6543 	5810 	6539
f 5809 	6539 	5810
f 6537 	6539 	5806
f 5809 	5806 	6539
f 8378 	8370 	6228
f 8377 	8430 	8385
f 8375 	8377 	8386
f 6228 	8370 	8386
f 6540 	5801 	5800
f 5812 	566 	6541
f 5813 	6542 	6541
f 5813 	6541 	566
f 5814 	6543 	6542
f 5814 	6542 	5813
f 8390 	8401 	8388
f 8387 	8388 	8401
f 6543 	5814 	5810
f 8391 	8413 	8390
f 6544 	5824 	5823
f 6545 	6544 	5823
f 6545 	5823 	5822
f 8396 	8413 	8391
f 6546 	6545 	5822
f 6546 	5822 	5821
f 8401 	8390 	8362
f 8403 	8372 	8396
f 8362 	8390 	8413
f 6547 	6546 	5821
f 6547 	5821 	5820
f 6548 	6547 	5820
f 6548 	5820 	5819
f 8367 	8372 	8403
f 8413 	8396 	8412
f 8372 	8412 	8396
f 6549 	6548 	5819
f 6549 	5819 	5818
f 6557 	6550 	5825
f 5826 	5825 	6550
f 6551 	6549 	5818
f 6551 	5818 	5817
f 5828 	5827 	6550
f 5827 	5826 	6550
f 6553 	6551 	5817
f 6553 	5817 	5816
f 6195 	6194 	6552
f 6550 	6552 	5828
f 6194 	5828 	6552
f 5816 	5798 	6553
f 6534 	6553 	5798
f 5803 	6199 	6555
f 6537 	5804 	6555
f 6199 	5786 	6528
f 6199 	6528 	6555
f 6528 	5786 	6200
f 6528 	6200 	6554
f 6552 	6554 	6195
f 6200 	6195 	6554
f 5825 	6202 	6557
f 6202 	6203 	6558
f 6202 	6558 	6557
f 6203 	6204 	6556
f 6203 	6556 	6558
f 6556 	6204 	6205
f 6559 	6540 	5800
f 6559 	5800 	6210
f 6560 	6559 	6210
f 6560 	6210 	6209
f 6561 	6560 	6209
f 6561 	6209 	6208
f 6213 	5812 	6541
f 8387 	8416 	8415
f 6563 	6561 	6208
f 6563 	6208 	6207
f 6215 	6214 	6562
f 6215 	6562 	6565
f 6214 	6213 	6562
f 6541 	6562 	6213
f 8418 	8414 	8417
f 8414 	8415 	8417
f 6563 	6207 	6206
f 8401 	8416 	8387
f 8417 	8415 	8416
f 6218 	6217 	6566
f 6217 	6219 	6564
f 6217 	6564 	6566
f 6220 	6565 	6564
f 6220 	6564 	6219
f 6565 	6220 	6215
f 6226 	6225 	6568
f 6226 	6568 	6567
f 6568 	6225 	6224
f 6568 	6224 	6569
f 8016 	8037 	9133
f 8016 	9133 	9090
f 6569 	6224 	6223
f 6569 	6223 	6570
f 9134 	9133 	8037
f 9134 	8037 	8036
f 8384 	8385 	8430
f 6573 	6570 	6223
f 6573 	6223 	6222
f 8038 	8034 	9136
f 9099 	9136 	8034
f 6574 	6573 	6222
f 6574 	6222 	6221
f 9135 	9134 	8036
f 9135 	8036 	8035
f 8424 	8478 	8434
f 8384 	8430 	8432
f 8039 	9136 	8040
f 9136 	8039 	8038
f 6221 	5824 	6574
f 6544 	6574 	5824
f 8445 	8483 	8438
f 8035 	7995 	9135
f 9079 	9135 	7995
f 8001 	8041 	9137
f 8001 	9137 	9083
f 8440 	8453 	8438
f 6576 	6231 	6230
f 8041 	8042 	9138
f 8041 	9138 	9137
f 6206 	6227 	6577
f 6206 	6577 	6563
f 8042 	8043 	9140
f 8042 	9140 	9138
f 8426 	8438 	8483
f 6577 	6227 	6226
f 6577 	6226 	6567
f 8043 	8040 	9140
f 9136 	9140 	8040
f 6234 	6583 	6582
f 6234 	6582 	6235
f 8441 	8463 	8440
f 9142 	235 	239
f 9142 	239 	8049
f 6234 	6218 	6583
f 6566 	6583 	6218
f 9143 	9142 	8049
f 9143 	8049 	8048
f 6230 	6236 	6580
f 6230 	6580 	6576
f 8442 	8463 	8441
f 8445 	8438 	8453
f 9145 	9143 	8048
f 9145 	8048 	8047
f 6236 	6237 	6581
f 6236 	6581 	6580
f 6237 	6235 	6582
f 6237 	6582 	6581
f 9146 	9145 	8047
f 9146 	8047 	8046
f 6205 	6238 	6584
f 6205 	6584 	6556
f 8053 	240 	246
f 6238 	6239 	6585
f 6238 	6585 	6584
f 6239 	6231 	6576
f 6239 	6576 	6585
f 9149 	9146 	8046
f 9149 	8046 	8045
f 6467 	6465 	6587
f 6465 	6235 	6582
f 6465 	6582 	6587
f 246 	9150 	8053
f 8271 	8053 	9150
f 6582 	6235 	6479
f 6582 	6479 	6586
f 6481 	6662 	6586
f 6479 	6481 	6586
f 9151 	9149 	8045
f 9151 	8045 	8051
f 6588 	6488 	6487
f 8272 	6734 	6733
f 8272 	6733 	9156
f 6589 	6588 	6487
f 6589 	6487 	6486
f 6733 	6734 	8271
f 6733 	8271 	9150
f 6589 	6486 	6485
f 6589 	6485 	6591
f 6494 	6467 	6587
f 9151 	8051 	8050
f 6593 	6591 	6485
f 6593 	6485 	6492
f 8276 	8275 	9153
f 6498 	6497 	6592
f 8275 	8277 	9154
f 8275 	9154 	9153
f 6587 	6592 	6494
f 6497 	6494 	6592
f 8277 	8278 	9155
f 8277 	9155 	9154
f 6595 	6593 	6492
f 6595 	6492 	6491
f 6501 	6594 	6502
f 8278 	8280 	9156
f 8278 	9156 	9155
f 6592 	6594 	6498
f 6501 	6498 	6594
f 8280 	8272 	9156
f 6595 	6491 	6490
f 321 	258 	320
f 257 	320 	258
f 6506 	570 	6596
f 8050 	8287 	9159
f 8050 	9159 	9151
f 6509 	6597 	6596
f 6509 	6596 	570
f 6511 	6598 	6597
f 6511 	6597 	6509
f 9159 	8287 	8285
f 9159 	8285 	9160
f 6511 	6502 	6598
f 6594 	6598 	6502
f 9160 	8285 	8284
f 9160 	8284 	9161
f 6599 	6656 	6655
f 9161 	8284 	8283
f 9161 	8283 	9162
f 6600 	6599 	6655
f 6600 	6655 	6654
f 202 	8276 	199
f 9153 	199 	8276
f 6601 	6600 	6654
f 6601 	6654 	6653
f 6602 	6601 	6653
f 6602 	6653 	6652
f 9162 	8283 	207
f 9162 	207 	206
f 6603 	6602 	6652
f 6603 	6652 	6651
f 200 	199 	214
f 200 	214 	213
f 6604 	6603 	6651
f 6604 	6651 	6650
f 6632 	6605 	6657
f 6658 	6657 	6605
f 6606 	6604 	6650
f 6606 	6650 	6649
f 6660 	6659 	6605
f 6659 	6658 	6605
f 6608 	6606 	6649
f 6608 	6649 	6648
f 6662 	6661 	6607
f 6605 	6607 	6660
f 6661 	6660 	6607
f 6648 	6488 	6608
f 6588 	6608 	6488
f 6607 	6586 	6662
f 6490 	6666 	6609
f 6490 	6609 	6595
f 6609 	6666 	6665
f 6609 	6665 	6610
f 6610 	6665 	6664
f 6610 	6664 	6611
f 6670 	6506 	6596
f 6611 	6664 	6668
f 6611 	6668 	6613
f 6672 	6671 	6612
f 6671 	6670 	6612
f 6596 	6612 	6670
f 6613 	6668 	6667
f 6675 	6674 	6616
f 6674 	6676 	6614
f 6674 	6614 	6616
f 6677 	6615 	6614
f 6677 	6614 	6676
f 6677 	6672 	6615
f 6612 	6615 	6672
f 6684 	6682 	6618
f 6684 	6618 	6617
f 6618 	6682 	6681
f 6618 	6681 	6619
f 6619 	6681 	6680
f 6619 	6680 	6620
f 6621 	6620 	6680
f 6621 	6680 	6679
f 6622 	6621 	6679
f 6622 	6679 	6678
f 6628 	6623 	6686
f 6678 	6656 	6622
f 6599 	6622 	6656
f 6631 	6698 	6623
f 6687 	6623 	6698
f 6667 	6685 	6624
f 6667 	6624 	6613
f 6624 	6685 	6684
f 6624 	6684 	6617
f 6688 	6627 	6626
f 6688 	6626 	6689
f 6688 	6675 	6627
f 6616 	6627 	6675
f 6686 	6690 	6628
f 6687 	6686 	6623
f 6690 	6691 	6625
f 6690 	6625 	6628
f 6691 	6689 	6626
f 6691 	6626 	6625
f 6657 	6693 	6632
f 6693 	6694 	6633
f 6693 	6633 	6632
f 6694 	6695 	6629
f 6694 	6629 	6633
f 6629 	6695 	6696
f 6629 	6696 	6630
f 6696 	6698 	6631
f 6696 	6631 	6630
f 6700 	6699 	6635
f 6699 	6689 	6626
f 6699 	6626 	6635
f 6626 	6689 	6702
f 6626 	6702 	6634
f 660 	6634 	661
f 6702 	661 	6634
f 6636 	657 	662
f 6636 	662 	6705
f 6637 	6636 	6705
f 6637 	6705 	6704
f 6637 	6704 	6703
f 6637 	6703 	6638
f 6635 	185 	6700
f 184 	6700 	185
f 187 	6638 	6703
f 187 	6703 	188
f 194 	183 	185
f 194 	185 	192
f 8449 	8461 	8442
f 8453 	8440 	8463
f 8462 	8463 	8442
f 8418 	8461 	8414
f 8449 	8414 	8461
f 8462 	8442 	8461
f 8478 	8424 	8476
f 8490 	8476 	8424
f 8479 	8432 	8478
f 8384 	8432 	8479
f 8434 	8478 	8432
f 8424 	8423 	8490
f 8423 	8426 	8490
f 8483 	8490 	8426
f 8492 	8498 	8491
f 6240 	8498 	8493
f 8494 	8491 	8496
f 8496 	8491 	8498
f 8495 	8501 	8493
f 8492 	8493 	8498
f 8500 	8501 	8497
f 8495 	8497 	8501
f 6240 	8493 	8501
f 8505 	8508 	8504
f 8506 	8512 	8505
f 8516 	8503 	8508
f 8504 	8508 	8503
f 8507 	8512 	8506
f 8508 	8505 	8476
f 8510 	8494 	8507
f 8476 	8505 	8512
f 8491 	8494 	8510
f 8512 	8507 	8511
f 8494 	8511 	8507
f 8516 	8517 	8514
f 8518 	8513 	8517
f 8519 	8513 	8518
f 8514 	8517 	8513
f 8516 	8514 	8503
f 8521 	8520 	8592
f 8592 	8520 	8522
f 8524 	8499 	8523
f 8497 	8523 	8500
f 8525 	8541 	8524
f 8500 	8523 	8499
f 8521 	8541 	8525
f 8592 	8540 	8521
f 8499 	8524 	8542
f 8528 	8534 	8527
f 8529 	8537 	8528
f 8532 	8591 	8527
f 8535 	8537 	8530
f 8532 	8527 	8534
f 8533 	8519 	8530
f 8534 	8528 	8537
f 8529 	8530 	8537
f 8513 	8519 	8533
f 8535 	8530 	8519
f 8541 	8521 	8540
f 8542 	8524 	8541
f 8522 	8527 	8591
f 8592 	8522 	8591
f 8594 	8605 	8593
f 6247 	8605 	8595
f 8596 	8593 	8598
f 8598 	8593 	8605
f 8597 	8608 	8595
f 8594 	8595 	8605
f 8607 	8608 	8603
f 8606 	8607 	8630
f 8603 	8630 	8607
f 8597 	8603 	8608
f 6247 	8595 	8608
f 8611 	8614 	8610
f 8610 	8614 	8609
f 8612 	8617 	8611
f 8622 	8609 	8614
f 8613 	8617 	8612
f 8614 	8611 	8540
f 8615 	8596 	8613
f 8540 	8611 	8617
f 8593 	8596 	8615
f 8617 	8613 	8616
f 8596 	8616 	8613
f 8620 	8623 	8619
f 8618 	8619 	8625
f 8624 	8619 	8623
f 8625 	8619 	8624
f 8609 	8622 	8620
f 8623 	8620 	8622
f 8631 	8606 	8630
f 8633 	8646 	8631
f 8628 	8646 	8633
f 8627 	8649 	8628
f 8635 	8643 	8634
f 8636 	8642 	8635
f 8640 	8648 	8634
f 8638 	8642 	8636
f 8640 	8634 	8643
f 8643 	8635 	8642
f 8618 	8625 	8638
f 8641 	8638 	8625
f 8642 	8638 	8641
f 8646 	8628 	8645
f 8645 	8628 	8649
f 8647 	8631 	8646
f 8606 	8631 	8647
f 8627 	8629 	8649
f 8648 	8649 	8629
f 8629 	8634 	8648
f 8651 	8658 	8650
f 6251 	8658 	8652
f 8653 	8650 	8655
f 8655 	8650 	8658
f 8654 	8661 	8652
f 8651 	8652 	8658
f 8660 	8661 	8657
f 8709 	8660 	8657
f 8709 	8710 	8659
f 8659 	8660 	8709
f 8654 	8657 	8661
f 6251 	8652 	8661
f 8664 	8667 	8663
f 8662 	8663 	8667
f 8665 	8671 	8664
f 8666 	8671 	8665
f 8667 	8664 	8645
f 8668 	8653 	8666
f 8645 	8664 	8671
f 8650 	8653 	8668
f 8671 	8666 	8670
f 8653 	8670 	8666
f 8673 	8679 	8672
f 8675 	8677 	8673
f 8678 	8673 	8677
f 8679 	8673 	8678
f 8676 	8677 	8675
f 8667 	8676 	8662
f 8675 	8662 	8676
f 8708 	8714 	8717
f 8713 	8659 	8710
f 8712 	8726 	8710
f 8681 	8726 	8712
f 8680 	8728 	8681
f 8717 	8728 	8708
f 8726 	8681 	8725
f 8713 	8710 	8726
f 8715 	8724 	8714
f 8719 	8717 	8714
f 8680 	8708 	8728
f 8716 	8723 	8715
f 8718 	8723 	8716
f 8719 	8714 	8724
f 8724 	8715 	8723
f 8672 	8679 	8718
f 8722 	8718 	8679
f 8723 	8718 	8722
f 8725 	8681 	8728
f 8730 	8738 	8729
f 8731 	8738 	8730
f 8733 	8729 	8735
f 8735 	8729 	8738
f 8734 	8743 	8731
f 8740 	8743 	8737
f 8738 	8731 	6258
f 8734 	8737 	8743
f 6258 	8731 	8743
f 8747 	8752 	8745
f 8748 	8756 	8747
f 8749 	8756 	8748
f 8752 	8747 	8725
f 8753 	8733 	8749
f 8725 	8747 	8756
f 8729 	8733 	8753
f 8755 	8749 	8733
f 8756 	8749 	8755
f 8758 	8764 	8757
f 8759 	8761 	8758
f 8762 	8758 	8761
f 8764 	8758 	8762
f 8744 	8760 	8759
f 8745 	8752 	8744
f 8760 	8744 	8752
f 8761 	8759 	8760
f 8782 	8792 	8768
f 8774 	8739 	8771
f 8773 	8791 	8771
f 8737 	8770 	8740
f 8766 	8765 	8792
f 8765 	8768 	8792
f 8766 	8791 	8773
f 8770 	8771 	8739
f 8740 	8770 	8739
f 8768 	8777 	8782
f 8784 	8782 	8777
f 8778 	8788 	8777
f 8781 	8787 	8778
f 8786 	8787 	8783
f 8788 	8778 	8787
f 8784 	8777 	8788
f 8781 	8783 	8787
f 8757 	8764 	8783
f 8786 	8783 	8764
f 8791 	8766 	8790
f 8774 	8771 	8791
f 8792 	8790 	8766
f 8794 	8796 	8793
f 8798 	8793 	8797
f 8797 	8793 	8796
f 8802 	8805 	8801
f 8803 	8913 	8802
f 8804 	8913 	8803
f 8805 	8802 	8790
f 8807 	8798 	8804
f 8790 	8802 	8913
f 8793 	8798 	8807
f 8911 	8804 	8798
f 8913 	8804 	8911
f 8915 	8921 	8914
f 8917 	8919 	8915
f 8920 	8915 	8919
f 8921 	8915 	8920
f 8800 	8918 	8917
f 8801 	8805 	8800
f 8918 	8800 	8805
f 8919 	8917 	8918
f 8794 	8922 	8796
f 8923 	8927 	8922
f 8924 	8927 	8923
f 8925 	8926 	8932
f 8924 	8932 	8926
f 8926 	8927 	8924
f 8927 	6262 	8922
f 8796 	8922 	6262
f 8943 	8939 	8930
f 8938 	8925 	8933
f 8934 	8936 	8933
f 8932 	8933 	8925
f 8929 	8936 	8934
f 8928 	8939 	8929
f 8939 	8937 	8929
f 8936 	8929 	8937
f 8938 	8933 	8936
f 8943 	8930 	8940
f 8941 	8949 	8940
f 8942 	8948 	8941
f 8928 	8930 	8939
f 8943 	8940 	8946
f 8921 	8947 	8945
f 8949 	8941 	8948
f 8946 	8940 	8949
f 8942 	8945 	8948
f 8914 	8921 	8945
f 8947 	8948 	8945
f 8951 	8954 	8950
f 8964 	8960 	8953
f 8955 	8950 	8954
f 8951 	8952 	8954
f 8983 	6264 	8952
f 6264 	8954 	8952
f 8957 	8961 	8956
f 8958 	8961 	8957
f 8961 	8973 	8956
f 8959 	8965 	8958
f 8960 	8965 	8959
f 8961 	8958 	8937
f 8962 	8953 	8960
f 8937 	8958 	8965
f 8950 	8955 	8962
f 8955 	8953 	8962
f 8965 	8960 	8964
f 8968 	8977 	8967
f 8969 	8977 	8968
f 8970 	8975 	8969
f 8975 	8970 	8974
f 8977 	8969 	8975
f 8971 	8967 	8977
f 8956 	8973 	8970
f 8974 	8970 	8973
f 8979 	8983 	8978
f 8952 	8978 	8983
f 8981 	8982 	8979
f 8983 	8979 	8982
f 8986 	8994 	8984
f 8985 	8984 	8994
f 8988 	8981 	8979
f 8989 	8981 	8988
f 8990 	8985 	8991
f 8994 	8992 	8985
f 8992 	8991 	8985
f 8990 	8991 	8989
f 8993 	8989 	8991
f 8981 	8989 	8993
f 9001 	8998 	8995
f 8996 	9001 	8995
f 8997 	8999 	8996
f 8994 	8986 	8998
f 8986 	8995 	8998
f 9001 	8996 	9000
f 8967 	8999 	8997
f 8999 	8967 	8971
f 9000 	8996 	8999
f 9003 	9019 	8992
f 9006 	9013 	9005
f 9025 	9021 	9009
f 6270 	9013 	9007
f 9009 	9023 	9011
f 9011 	9005 	9013
f 9010 	9016 	9007
f 9006 	9007 	9013
f 9015 	9016 	9012
f 9014 	9015 	9012
f 9010 	9012 	9016
f 6270 	9007 	9016
f 9019 	9003 	9018
f 9017 	9018 	9003
f 9020 	9002 	9019
f 9025 	9002 	9021
f 9023 	9009 	9021
f 9005 	9011 	9023
f 9020 	9021 	9002
f 8992 	9019 	9002
f 9028 	9037 	9026
f 9029 	9037 	9028
f 9030 	9036 	9029
f 9036 	9030 	9035
f 9037 	9029 	9036
f 9032 	9026 	9037
f 9017 	9034 	9030
f 9003 	9034 	9017
f 9035 	9030 	9034
f 9041 	9048 	9038
f 9039 	9038 	9048
f 9042 	9014 	9012
f 9043 	9014 	9042
f 9044 	9039 	9045
f 9048 	9046 	9039
f 9046 	9045 	9039
f 9044 	9045 	9043
f 9047 	9043 	9045
f 9014 	9043 	9047
f 9055 	9052 	9049
f 9050 	9055 	9049
f 9051 	9053 	9050
f 9048 	9041 	9052
f 9041 	9049 	9052
f 9055 	9050 	9054
f 9032 	9053 	9026
f 9051 	9026 	9053
f 9054 	9050 	9053
f 9056 	9046 	9073
f 9057 	9073 	9046
f 9059 	9066 	9058
f 9077 	9075 	9061
f 6276 	9066 	9060
f 9061 	9076 	9064
f 9064 	9058 	9066
f 9062 	9070 	9060
f 9059 	9060 	9066
f 9069 	9070 	9065
f 6276 	9060 	9070
f 9062 	9065 	9070
f 9068 	9069 	9065
f 9065 	9091 	9068
f 9073 	9057 	9072
f 9071 	9072 	9057
f 9075 	9056 	9074
f 9076 	9061 	9075
f 9073 	9074 	9056
f 9058 	9064 	9076
f 9056 	9075 	9077
f 9080 	9087 	9079
f 9081 	9087 	9080
f 9082 	9086 	9081
f 9086 	9082 	9085
f 9087 	9081 	9086
f 9083 	9079 	9087
f 9084 	9085 	9082
f 9084 	9082 	9071
f 9057 	9084 	9071
f 9099 	9088 	9090
f 9097 	9098 	9092
f 9091 	9092 	9068
f 9094 	9097 	9092
f 9098 	9068 	9092
f 9094 	9089 	9097
f 6281 	9097 	9089
f 9099 	6281 	9089
f 9099 	9089 	9088
f 9134 	9140 	9133
f 9140 	9136 	9133
f 9099 	9090 	9136
f 9135 	9137 	9134
f 9090 	9133 	9136
f 9140 	9134 	9138
f 9083 	9137 	9079
f 9135 	9079 	9137
f 9138 	9134 	9137
f 9143 	9150 	9142
f 9146 	9156 	9145
f 9145 	9150 	9143
f 9149 	9156 	9146
f 9150 	9145 	6733
f 9151 	9154 	9149
f 6733 	9145 	9156
f 9155 	9149 	9154
f 9156 	9149 	9155
f 9151 	9159 	9154
f 9160 	199 	9159
f 9161 	199 	9160
f 9162 	226 	9161
f 9154 	9159 	9153
f 199 	9153 	9159
f 199 	9161 	214
f 206 	226 	9162
f 209 	223 	206
f 214 	9161 	226
f 226 	206 	223
f 254 	294 	249
f 235 	246 	249
f 9142 	246 	235
f 9142 	9150 	246
f 270 	299 	265
f 274 	299 	270
f 325 	257 	289
f 279 	305 	274
f 289 	265 	299
f 254 	305 	294
f 299 	274 	311
f 235 	249 	294
f 279 	294 	305
f 311 	274 	305
f 320 	368 	315
f 316 	315 	368
f 257 	365 	320
f 325 	365 	257
f 265 	289 	257
f 209 	331 	357
f 335 	350 	331
f 331 	354 	357
f 223 	209 	357
f 316 	350 	335
f 368 	345 	316
f 368 	320 	365
f 350 	316 	345
f 354 	331 	350
f 383 	403 	379
f 385 	424 	383
f 966 	374 	403
f 398 	424 	385
f 403 	383 	345
f 406 	437 	398
f 345 	383 	424
f 419 	437 	406
f 440 	398 	437
f 424 	398 	440
f 433 	437 	419
f 448 	468 	446
f 451 	556 	448
f 446 	468 	419
f 433 	419 	468
f 464 	556 	451
f 468 	448 	510
f 478 	955 	464
f 510 	448 	556
f 556 	464 	955
f 541 	2261 	478
f 962 	968 	959
f 970 	959 	968
f 374 	966 	962
f 379 	403 	374
f 968 	962 	966
f 976 	998 	974
f 974 	988 	972
f 978 	998 	976
f 2234 	972 	988
f 983 	991 	978
f 988 	974 	998
f 994 	998 	978
f 970 	991 	959
f 983 	959 	991
f 994 	978 	991
f 1003 	443 	2273
f 2267 	2273 	443
f 2267 	443 	972
f 2234 	2267 	972
f 2242 	2251 	541
f 955 	478 	2261
f 2257 	2261 	541
f 2251 	2257 	541
f 2251 	2242 	1004
f 1004 	1003 	2273
f 2273 	2247 	1004
f 2251 	1004 	2247
f 2829 	2850 	2280
f 2280 	2850 	2275
f 2832 	2865 	2829
f 2948 	2275 	2850
f 2843 	2865 	2832
f 2850 	2829 	2247
f 2853 	2873 	2843
f 2247 	2829 	2865
f 2861 	2873 	2853
f 2875 	2843 	2873
f 2865 	2843 	2875
f 2871 	2873 	2861
f 2898 	2906 	2894
f 2901 	2921 	2898
f 2871 	2861 	2906
f 2861 	2894 	2906
f 2903 	2921 	2901
f 2906 	2898 	2914
f 2911 	2935 	2903
f 2914 	2898 	2921
f 2917 	2931 	2911
f 2921 	2903 	2935
f 2935 	2911 	2931
f 3013 	3019 	2917
f 2943 	2950 	2938
f 2957 	2996 	2938
f 2275 	2948 	2943
f 2957 	2938 	2950
f 2950 	2943 	2948
f 2967 	3001 	2963
f 2963 	2989 	2961
f 2971 	3001 	2967
f 2976 	2961 	2989
f 2978 	2996 	2971
f 2989 	2963 	3001
f 2999 	3001 	2971
f 2978 	2938 	2996
f 2999 	2971 	2996
f 2961 	3031 	2886
f 3034 	2886 	3031
f 3031 	2961 	2976
f 2931 	2917 	3021
f 3021 	2917 	3019
f 3019 	3013 	3006
f 3005 	3034 	3006
f 3005 	2886 	3034
f 3016 	3006 	3034
f 3019 	3006 	3016
f 3044 	3058 	3041
f 3041 	3058 	3038
f 3046 	3076 	3044
f 3165 	3038 	3058
f 3054 	3076 	3046
f 3058 	3044 	3016
f 3060 	3087 	3054
f 3016 	3044 	3076
f 3068 	3087 	3060
f 3091 	3054 	3087
f 3076 	3054 	3091
f 3084 	3087 	3068
f 3084 	3068 	3110
f 3101 	3110 	3096
f 3096 	3110 	3068
f 3104 	3123 	3101
f 3121 	3123 	3106
f 3110 	3101 	3131
f 3106 	3147 	3121
f 3104 	3106 	3123
f 3131 	3101 	3123
f 3119 	3121 	3147
f 3150 	3119 	3147
f 3152 	3226 	3150
f 3139 	3226 	3152
f 3160 	3167 	3156
f 3173 	3209 	3156
f 3038 	3165 	3160
f 3173 	3156 	3167
f 3167 	3160 	3165
f 3184 	3206 	3180
f 3186 	3220 	3184
f 3193 	3220 	3186
f 3197 	3180 	3206
f 3200 	3209 	3193
f 3206 	3184 	3220
f 3211 	3220 	3193
f 3200 	3156 	3209
f 3211 	3193 	3209
f 3119 	3150 	3228
f 3226 	3228 	3150
f 3138 	3142 	3237
f 3234 	3237 	3142
f 3197 	3234 	3180
f 3142 	3180 	3234
f 3139 	3138 	3237
f 3237 	99 	3139
f 3226 	3139 	99
f 3251 	3253 	3244
f 101 	3244 	3257
f 105 	100 	3257
f 3253 	3257 	3244
f 3251 	3244 	106
f 106 	107 	3251
f 3264 	3284 	3261
f 3261 	127 	124
f 3267 	3284 	3264
f 3269 	102 	3267
f 127 	3261 	3284
f 3284 	3267 	99
f 100 	102 	3269
# 10740 faces

 #end of obj_0

